symbol,date,close_to_close_return,classification
360ONE,2019-09-19 00:00:00,4.641207815275312,SUSPECTED_CORPORATE_ACTION_OR_DATA_BREAK
ABREL,2019-10-11 00:00:00,-0.553559283609159,SUSPECTED_CORPORATE_ACTION_OR_DATA_BREAK
ADANIENT,2004-07-29 00:00:00,-0.8975659229208925,SUSPECTED_CORPORATE_ACTION_OR_DATA_BREAK
ADANIENT,2015-06-03 00:00:00,-0.4192139737991266,SUSPECTED_CORPORATE_ACTION_OR_DATA_BREAK
ASHOKLEY,2003-02-07 00:00:00,inf,SUSPECTED_CORPORATE_ACTION_OR_DATA_BREAK
ASHOKLEY,2003-02-10 00:00:00,1.0,SUSPECTED_CORPORATE_ACTION_OR_DATA_BREAK
ASHOKLEY,2003-02-14 00:00:00,-0.5,SUSPECTED_CORPORATE_ACTION_OR_DATA_BREAK
ASHOKLEY,2003-02-17 00:00:00,1.0,SUSPECTED_CORPORATE_ACTION_OR_DATA_BREAK
ASHOKLEY,2003-02-18 00:00:00,-0.5,SUSPECTED_CORPORATE_ACTION_OR_DATA_BREAK
ASHOKLEY,2003-02-19 00:00:00,0.4999999999999998,SUSPECTED_CORPORATE_ACTION_OR_DATA_BREAK
ASHOKLEY,2003-02-26 00:00:00,-0.5,SUSPECTED_CORPORATE_ACTION_OR_DATA_BREAK
ASHOKLEY,2003-02-27 00:00:00,1.0,SUSPECTED_CORPORATE_ACTION_OR_DATA_BREAK
ASHOKLEY,2003-02-28 00:00:00,-1.0,SUSPECTED_CORPORATE_ACTION_OR_DATA_BREAK
ASHOKLEY,2003-03-17 00:00:00,inf,SUSPECTED_CORPORATE_ACTION_OR_DATA_BREAK
ASHOKLEY,2003-03-19 00:00:00,-1.0,SUSPECTED_CORPORATE_ACTION_OR_DATA_BREAK
ASHOKLEY,2003-03-20 00:00:00,inf,SUSPECTED_CORPORATE_ACTION_OR_DATA_BREAK
ASHOKLEY,2003-03-24 00:00:00,-1.0,SUSPECTED_CORPORATE_ACTION_OR_DATA_BREAK
ASHOKLEY,2003-04-04 00:00:00,inf,SUSPECTED_CORPORATE_ACTION_OR_DATA_BREAK
ASHOKLEY,2003-04-08 00:00:00,-0.5,SUSPECTED_CORPORATE_ACTION_OR_DATA_BREAK
ASHOKLEY,2003-04-09 00:00:00,1.0,SUSPECTED_CORPORATE_ACTION_OR_DATA_BREAK
ASHOKLEY,2003-04-11 00:00:00,-1.0,SUSPECTED_CORPORATE_ACTION_OR_DATA_BREAK
ASHOKLEY,2003-04-22 00:00:00,inf,SUSPECTED_CORPORATE_ACTION_OR_DATA_BREAK
ASHOKLEY,2003-04-23 00:00:00,-1.0,SUSPECTED_CORPORATE_ACTION_OR_DATA_BREAK
ASHOKLEY,2003-05-05 00:00:00,inf,SUSPECTED_CORPORATE_ACTION_OR_DATA_BREAK
ASHOKLEY,2003-05-06 00:00:00,1.0,SUSPECTED_CORPORATE_ACTION_OR_DATA_BREAK
ASHOKLEY,2003-05-14 00:00:00,1.0,SUSPECTED_CORPORATE_ACTION_OR_DATA_BREAK
ASHOKLEY,2003-05-15 00:00:00,0.4999999999999998,SUSPECTED_CORPORATE_ACTION_OR_DATA_BREAK
ASHOKLEY,2003-05-27 00:00:00,0.4999999999999998,SUSPECTED_CORPORATE_ACTION_OR_DATA_BREAK
ASHOKLEY,2003-07-22 00:00:00,-0.4285714285714285,SUSPECTED_CORPORATE_ACTION_OR_DATA_BREAK
ASHOKLEY,2003-07-25 00:00:00,0.5555555555555554,SUSPECTED_CORPORATE_ACTION_OR_DATA_BREAK
ASHOKLEY,2004-06-28 00:00:00,17.440677966101692,SUSPECTED_CORPORATE_ACTION_OR_DATA_BREAK
ASHOKLEY,2004-06-29 00:00:00,-0.9411764705882353,SUSPECTED_CORPORATE_ACTION_OR_DATA_BREAK
AUROPHARMA,2003-10-23 00:00:00,0.8795018512285426,SUSPECTED_CORPORATE_ACTION_OR_DATA_BREAK
AUROPHARMA,2003-10-27 00:00:00,-0.49322263639444264,SUSPECTED_CORPORATE_ACTION_OR_DATA_BREAK
BAJFINANCE,2003-09-09 00:00:00,1.0,SUSPECTED_CORPORATE_ACTION_OR_DATA_BREAK
BAJFINANCE,2003-09-10 00:00:00,-0.5,SUSPECTED_CORPORATE_ACTION_OR_DATA_BREAK
BAJFINANCE,2003-11-10 00:00:00,1.0,SUSPECTED_CORPORATE_ACTION_OR_DATA_BREAK
BAJFINANCE,2004-03-19 00:00:00,-0.5,SUSPECTED_CORPORATE_ACTION_OR_DATA_BREAK
BAJFINANCE,2004-03-26 00:00:00,1.0,SUSPECTED_CORPORATE_ACTION_OR_DATA_BREAK
BAJFINANCE,2005-02-23 00:00:00,0.5,SUSPECTED_CORPORATE_ACTION_OR_DATA_BREAK
BAJFINANCE,2008-07-09 00:00:00,0.5,SUSPECTED_CORPORATE_ACTION_OR_DATA_BREAK
BAJFINANCE,2008-08-07 00:00:00,0.5,SUSPECTED_CORPORATE_ACTION_OR_DATA_BREAK
BAJFINANCE,2008-08-12 00:00:00,0.5,SUSPECTED_CORPORATE_ACTION_OR_DATA_BREAK
BAJFINANCE,2008-12-17 00:00:00,-0.5,SUSPECTED_CORPORATE_ACTION_OR_DATA_BREAK
BAJFINANCE,2008-12-19 00:00:00,1.0,SUSPECTED_CORPORATE_ACTION_OR_DATA_BREAK
BAJFINANCE,2008-12-22 00:00:00,-0.5,SUSPECTED_CORPORATE_ACTION_OR_DATA_BREAK
BAJFINANCE,2008-12-23 00:00:00,1.0,SUSPECTED_CORPORATE_ACTION_OR_DATA_BREAK
BAJFINANCE,2008-12-24 00:00:00,-0.5,SUSPECTED_CORPORATE_ACTION_OR_DATA_BREAK
BAJFINANCE,2008-12-26 00:00:00,1.0,SUSPECTED_CORPORATE_ACTION_OR_DATA_BREAK
BAJFINANCE,2008-12-31 00:00:00,-0.5,SUSPECTED_CORPORATE_ACTION_OR_DATA_BREAK
BAJFINANCE,2009-01-01 00:00:00,1.0,SUSPECTED_CORPORATE_ACTION_OR_DATA_BREAK
BAJFINANCE,2009-01-07 00:00:00,-0.5,SUSPECTED_CORPORATE_ACTION_OR_DATA_BREAK
BAJFINANCE,2009-03-23 00:00:00,1.0,SUSPECTED_CORPORATE_ACTION_OR_DATA_BREAK
BAJFINANCE,2009-06-01 00:00:00,0.5,SUSPECTED_CORPORATE_ACTION_OR_DATA_BREAK
BAJFINANCE,2009-07-14 00:00:00,0.5,SUSPECTED_CORPORATE_ACTION_OR_DATA_BREAK
BAJFINANCE,2009-10-01 00:00:00,0.5,SUSPECTED_CORPORATE_ACTION_OR_DATA_BREAK
BOSCHLTD,2004-07-08 00:00:00,8.612804086226301,SUSPECTED_CORPORATE_ACTION_OR_DATA_BREAK
BOSCHLTD,2004-07-09 00:00:00,-0.8963450786145821,SUSPECTED_CORPORATE_ACTION_OR_DATA_BREAK
CANBK,2017-10-25 00:00:00,0.40896159317211933,SUSPECTED_CORPORATE_ACTION_OR_DATA_BREAK
CGPOWER,2015-01-01 00:00:00,1.906668744157058,SUSPECTED_CORPORATE_ACTION_OR_DATA_BREAK
CGPOWER,2016-03-15 00:00:00,-0.716677398583387,SUSPECTED_CORPORATE_ACTION_OR_DATA_BREAK
COHANCE,2020-03-09 00:00:00,1122.5,SUSPECTED_CORPORATE_ACTION_OR_DATA_BREAK
COHANCE,2020-03-24 00:00:00,-0.5271689497716895,SUSPECTED_CORPORATE_ACTION_OR_DATA_BREAK
DELHIVERY,2022-05-24 00:00:00,92.27826086956522,SUSPECTED_CORPORATE_ACTION_OR_DATA_BREAK
FEDERALBNK,2004-11-29 00:00:00,-0.6506849315068493,SUSPECTED_CORPORATE_ACTION_OR_DATA_BREAK
GAIL,2004-05-18 00:00:00,0.4878296146044625,SUSPECTED_CORPORATE_ACTION_OR_DATA_BREAK
HAVELLS,2003-12-30 00:00:00,1.0460704607046072,SUSPECTED_CORPORATE_ACTION_OR_DATA_BREAK
HAVELLS,2003-12-31 00:00:00,-0.4980132450331126,SUSPECTED_CORPORATE_ACTION_OR_DATA_BREAK
HINDPETRO,2008-09-02 00:00:00,0.4186046511627908,SUSPECTED_CORPORATE_ACTION_OR_DATA_BREAK
HINDPETRO,2013-08-28 00:00:00,-0.4,SUSPECTED_CORPORATE_ACTION_OR_DATA_BREAK
HINDZINC,2006-11-21 00:00:00,59.06896551724138,SUSPECTED_CORPORATE_ACTION_OR_DATA_BREAK
IDEA,2020-02-19 00:00:00,0.40000000000000013,SUSPECTED_CORPORATE_ACTION_OR_DATA_BREAK
INDIAVIX,2015-08-24 00:00:00,0.6431074766355138,SUSPECTED_CORPORATE_ACTION_OR_DATA_BREAK
INDIAVIX,2024-08-05 00:00:00,0.42248603351955305,SUSPECTED_CORPORATE_ACTION_OR_DATA_BREAK
INDIAVIX,2025-04-07 00:00:00,0.65625,SUSPECTED_CORPORATE_ACTION_OR_DATA_BREAK
INDUSINDBK,2020-03-26 00:00:00,0.4467308330567539,SUSPECTED_CORPORATE_ACTION_OR_DATA_BREAK
IOC,2003-05-16 00:00:00,inf,SUSPECTED_CORPORATE_ACTION_OR_DATA_BREAK
IOC,2003-05-19 00:00:00,-0.41666666666666663,SUSPECTED_CORPORATE_ACTION_OR_DATA_BREAK
IOC,2003-05-20 00:00:00,1.5357142857142851,SUSPECTED_CORPORATE_ACTION_OR_DATA_BREAK
IOC,2003-05-21 00:00:00,0.7323943661971832,SUSPECTED_CORPORATE_ACTION_OR_DATA_BREAK
IOC,2003-05-30 00:00:00,0.45686900958466437,SUSPECTED_CORPORATE_ACTION_OR_DATA_BREAK
JINDALSTEL,2003-12-19 00:00:00,-0.47468354430379744,SUSPECTED_CORPORATE_ACTION_OR_DATA_BREAK
JINDALSTEL,2003-12-22 00:00:00,0.9375684556407449,SUSPECTED_CORPORATE_ACTION_OR_DATA_BREAK
JMFINANCIL,2006-10-10 00:00:00,220.35714285714283,SUSPECTED_CORPORATE_ACTION_OR_DATA_BREAK
MAZDOCK,2020-10-12 00:00:00,inf,SUSPECTED_CORPORATE_ACTION_OR_DATA_BREAK
MFSL,2000-05-10 00:00:00,-0.48933739527798936,SUSPECTED_CORPORATE_ACTION_OR_DATA_BREAK
MFSL,2007-03-12 00:00:00,-0.7946210268948655,SUSPECTED_CORPORATE_ACTION_OR_DATA_BREAK
MFSL,2016-01-27 00:00:00,0.5514018691588787,SUSPECTED_CORPORATE_ACTION_OR_DATA_BREAK
MPHASIS,2003-04-10 00:00:00,-0.4,SUSPECTED_CORPORATE_ACTION_OR_DATA_BREAK
NEULANDLAB,2008-10-13 00:00:00,1.3762273901808784,SUSPECTED_CORPORATE_ACTION_OR_DATA_BREAK
NIFTY100EQLWGT,2015-11-09 07:16:46,1.0257116030836135,SUSPECTED_CORPORATE_ACTION_OR_DATA_BREAK
NIFTY100EQLWGT,2015-11-10 00:00:00,-0.515460220578011,SUSPECTED_CORPORATE_ACTION_OR_DATA_BREAK
NIFTY100EQLWGT,2018-03-27 12:39:00,-0.9315841947451716,SUSPECTED_CORPORATE_ACTION_OR_DATA_BREAK
NIFTY100EQLWGT,2018-03-28 00:00:00,13.502849527606829,SUSPECTED_CORPORATE_ACTION_OR_DATA_BREAK
NIFTY100EQLWGT,2018-04-04 10:54:00,-0.8725328230400379,SUSPECTED_CORPORATE_ACTION_OR_DATA_BREAK
NIFTY100EQLWGT,2018-04-05 00:00:00,6.993426963361407,SUSPECTED_CORPORATE_ACTION_OR_DATA_BREAK
NIFTY100LOWVOL30,2015-11-09 07:16:46,0.5726215402735066,SUSPECTED_CORPORATE_ACTION_OR_DATA_BREAK
NIFTY100LOWVOL30,2015-11-16 09:00:07,-0.505881478299658,SUSPECTED_CORPORATE_ACTION_OR_DATA_BREAK
NIFTY100LOWVOL30,2015-11-17 00:00:00,1.0321982045237976,SUSPECTED_CORPORATE_ACTION_OR_DATA_BREAK
NIFTY100LOWVOL30,2015-11-17 09:00:07,-0.5057831523527476,SUSPECTED_CORPORATE_ACTION_OR_DATA_BREAK
NIFTY100LOWVOL30,2015-11-18 00:00:00,1.0136491502571698,SUSPECTED_CORPORATE_ACTION_OR_DATA_BREAK
NIFTY100LOWVOL30,2015-11-18 09:00:06,-0.5049845421330204,SUSPECTED_CORPORATE_ACTION_OR_DATA_BREAK
NIFTY100LOWVOL30,2015-11-19 00:00:00,1.0448867811101463,SUSPECTED_CORPORATE_ACTION_OR_DATA_BREAK
NIFTY100LOWVOL30,2015-11-19 09:00:06,-0.5061246488534658,SUSPECTED_CORPORATE_ACTION_OR_DATA_BREAK
NIFTY100LOWVOL30,2015-11-20 00:00:00,1.0405436687721155,SUSPECTED_CORPORATE_ACTION_OR_DATA_BREAK
NIFTY100LOWVOL30,2015-11-20 09:00:05,-0.5060936081939582,SUSPECTED_CORPORATE_ACTION_OR_DATA_BREAK
NIFTY100LOWVOL30,2015-11-23 00:00:00,1.030483003018769,SUSPECTED_CORPORATE_ACTION_OR_DATA_BREAK
NIFTY100LOWVOL30,2018-04-16 09:15:00,-0.4065930106881229,SUSPECTED_CORPORATE_ACTION_OR_DATA_BREAK
NIFTY100LOWVOL30,2018-04-17 00:00:00,0.6889867039038311,SUSPECTED_CORPORATE_ACTION_OR_DATA_BREAK
NIFTY100LOWVOL30,2018-04-17 09:15:00,-0.4049754427082398,SUSPECTED_CORPORATE_ACTION_OR_DATA_BREAK
NIFTY100LOWVOL30,2018-04-18 00:00:00,0.6811989649513186,SUSPECTED_CORPORATE_ACTION_OR_DATA_BREAK
NIFTY100LOWVOL30,2018-04-18 09:15:00,-0.40287468183859865,SUSPECTED_CORPORATE_ACTION_OR_DATA_BREAK
NIFTY100LOWVOL30,2018-04-19 00:00:00,0.6825435033348377,SUSPECTED_CORPORATE_ACTION_OR_DATA_BREAK
NIFTY100LOWVOL30,2018-04-19 09:15:00,-0.4041893680182167,SUSPECTED_CORPORATE_ACTION_OR_DATA_BREAK
NIFTY100LOWVOL30,2018-04-20 00:00:00,0.6907015367376341,SUSPECTED_CORPORATE_ACTION_OR_DATA_BREAK
NIFTY100LOWVOL30,2018-04-20 09:15:00,-0.40947043890430745,SUSPECTED_CORPORATE_ACTION_OR_DATA_BREAK
NIFTY100LOWVOL30,2018-04-23 00:00:00,0.701722565711022,SUSPECTED_CORPORATE_ACTION_OR_DATA_BREAK
NIFTY100LOWVOL30,2018-04-23 09:15:00,-0.41047579790366273,SUSPECTED_CORPORATE_ACTION_OR_DATA_BREAK
NIFTY100LOWVOL30,2018-04-24 00:00:00,0.6924455365437059,SUSPECTED_CORPORATE_ACTION_OR_DATA_BREAK
NIFTY100LOWVOL30,2018-04-24 09:15:00,-0.40747468952842325,SUSPECTED_CORPORATE_ACTION_OR_DATA_BREAK
NIFTY100LOWVOL30,2018-04-25 00:00:00,0.6886378803725286,SUSPECTED_CORPORATE_ACTION_OR_DATA_BREAK
NIFTY100LOWVOL30,2018-04-25 09:15:00,-0.4076120681315727,SUSPECTED_CORPORATE_ACTION_OR_DATA_BREAK
NIFTY100LOWVOL30,2018-04-26 00:00:00,0.6943063687417854,SUSPECTED_CORPORATE_ACTION_OR_DATA_BREAK
NIFTY100LOWVOL30,2018-04-26 09:15:00,-0.4082893442362824,SUSPECTED_CORPORATE_ACTION_OR_DATA_BREAK
NIFTY100LOWVOL30,2018-04-27 00:00:00,0.6874944131581302,SUSPECTED_CORPORATE_ACTION_OR_DATA_BREAK
NIFTY100LOWVOL30,2018-04-27 09:15:00,-0.4060458381890737,SUSPECTED_CORPORATE_ACTION_OR_DATA_BREAK
NIFTY100LOWVOL30,2018-04-30 00:00:00,0.6975543532116457,SUSPECTED_CORPORATE_ACTION_OR_DATA_BREAK
NIFTY100LOWVOL30,2018-04-30 09:15:00,-0.4053074305194767,SUSPECTED_CORPORATE_ACTION_OR_DATA_BREAK
NIFTY100LOWVOL30,2018-05-02 00:00:00,0.6732348466257669,SUSPECTED_CORPORATE_ACTION_OR_DATA_BREAK
NIFTY100LOWVOL30,2018-05-02 09:15:00,-0.40635031631905993,SUSPECTED_CORPORATE_ACTION_OR_DATA_BREAK
NIFTY100LOWVOL30,2018-05-03 00:00:00,0.6744866296420737,SUSPECTED_CORPORATE_ACTION_OR_DATA_BREAK
NIFTY100LOWVOL30,2018-05-03 09:15:00,-0.4085088050611396,SUSPECTED_CORPORATE_ACTION_OR_DATA_BREAK
NIFTY100LOWVOL30,2018-05-04 00:00:00,0.6787791712811917,SUSPECTED_CORPORATE_ACTION_OR_DATA_BREAK
NIFTY100LOWVOL30,2018-05-04 09:15:00,-0.409012296519057,SUSPECTED_CORPORATE_ACTION_OR_DATA_BREAK
NIFTY100LOWVOL30,2018-05-07 00:00:00,0.7034463339333663,SUSPECTED_CORPORATE_ACTION_OR_DATA_BREAK
NIFTY100LOWVOL30,2018-05-07 09:15:00,-0.40543955038402735,SUSPECTED_CORPORATE_ACTION_OR_DATA_BREAK
NIFTY100LOWVOL30,2018-05-08 00:00:00,0.6777246008420048,SUSPECTED_CORPORATE_ACTION_OR_DATA_BREAK
NIFTY100LOWVOL30,2018-05-08 09:15:00,-0.4057301129806412,SUSPECTED_CORPORATE_ACTION_OR_DATA_BREAK
NIFTY100LOWVOL30,2018-05-09 00:00:00,0.6825877385173087,SUSPECTED_CORPORATE_ACTION_OR_DATA_BREAK
NIFTY100LOWVOL30,2018-05-09 09:15:00,-0.407748946446328,SUSPECTED_CORPORATE_ACTION_OR_DATA_BREAK
NIFTY100LOWVOL30,2018-05-10 00:00:00,0.6822649957026643,SUSPECTED_CORPORATE_ACTION_OR_DATA_BREAK
NIFTY100LOWVOL30,2018-05-10 09:15:00,-0.40900892765910934,SUSPECTED_CORPORATE_ACTION_OR_DATA_BREAK
NIFTY100LOWVOL30,2018-05-11 00:00:00,0.7020667055346694,SUSPECTED_CORPORATE_ACTION_OR_DATA_BREAK
NIFTY100LOWVOL30,2018-05-11 09:15:00,-0.4106540676214381,SUSPECTED_CORPORATE_ACTION_OR_DATA_BREAK
NIFTY100LOWVOL30,2018-05-14 00:00:00,0.6992814983315128,SUSPECTED_CORPORATE_ACTION_OR_DATA_BREAK
NIFTY100LOWVOL30,2018-05-14 09:15:00,-0.4133794884798877,SUSPECTED_CORPORATE_ACTION_OR_DATA_BREAK
NIFTY100LOWVOL30,2018-05-15 00:00:00,0.7047077155064088,SUSPECTED_CORPORATE_ACTION_OR_DATA_BREAK
NIFTY100LOWVOL30,2018-05-15 09:15:00,-0.41291151213793487,SUSPECTED_CORPORATE_ACTION_OR_DATA_BREAK
NIFTY100LOWVOL30,2018-05-16 00:00:00,0.7025171762626061,SUSPECTED_CORPORATE_ACTION_OR_DATA_BREAK
NIFTY100LOWVOL30,2018-05-16 09:15:00,-0.40878181052273865,SUSPECTED_CORPORATE_ACTION_OR_DATA_BREAK
NIFTY100LOWVOL30,2018-05-17 00:00:00,0.6841601053797564,SUSPECTED_CORPORATE_ACTION_OR_DATA_BREAK
NIFTY100LOWVOL30,2018-05-17 09:15:00,-0.41003033750474027,SUSPECTED_CORPORATE_ACTION_OR_DATA_BREAK
NIFTY100LOWVOL30,2018-05-18 00:00:00,0.6882632974449625,SUSPECTED_CORPORATE_ACTION_OR_DATA_BREAK
NIFTY100LOWVOL30,2018-05-18 09:15:00,-0.4088115790287751,SUSPECTED_CORPORATE_ACTION_OR_DATA_BREAK
NIFTY100LOWVOL30,2018-05-21 00:00:00,0.678778791873371,SUSPECTED_CORPORATE_ACTION_OR_DATA_BREAK
NIFTY100LOWVOL30,2018-05-21 09:15:00,-0.41112016879255786,SUSPECTED_CORPORATE_ACTION_OR_DATA_BREAK
NIFTY100LOWVOL30,2018-05-22 00:00:00,0.7019767110459674,SUSPECTED_CORPORATE_ACTION_OR_DATA_BREAK
NIFTY100LOWVOL30,2018-05-22 09:15:00,-0.40938585841671205,SUSPECTED_CORPORATE_ACTION_OR_DATA_BREAK
NIFTY100LOWVOL30,2018-05-23 00:00:00,0.6813560695046377,SUSPECTED_CORPORATE_ACTION_OR_DATA_BREAK
NIFTY100LOWVOL30,2018-05-23 09:15:00,-0.4077533665775337,SUSPECTED_CORPORATE_ACTION_OR_DATA_BREAK
NIFTY100LOWVOL30,2018-05-24 00:00:00,0.6951870570170533,SUSPECTED_CORPORATE_ACTION_OR_DATA_BREAK
NIFTY100LOWVOL30,2018-05-24 09:15:00,-0.4085349393832145,SUSPECTED_CORPORATE_ACTION_OR_DATA_BREAK
NIFTY100LOWVOL30,2018-05-25 00:00:00,0.7040821915029567,SUSPECTED_CORPORATE_ACTION_OR_DATA_BREAK
NIFTY100LOWVOL30,2018-05-25 09:15:00,-0.4059128393627457,SUSPECTED_CORPORATE_ACTION_OR_DATA_BREAK
NIFTY100LOWVOL30,2018-05-28 00:00:00,0.6871437301515746,SUSPECTED_CORPORATE_ACTION_OR_DATA_BREAK
NIFTY100LOWVOL30,2018-05-28 09:15:00,-0.4024725519419984,SUSPECTED_CORPORATE_ACTION_OR_DATA_BREAK
NIFTY100LOWVOL30,2018-05-29 00:00:00,0.6719037255661888,SUSPECTED_CORPORATE_ACTION_OR_DATA_BREAK
NIFTY100LOWVOL30,2018-05-29 09:15:00,-0.40132666040584397,SUSPECTED_CORPORATE_ACTION_OR_DATA_BREAK
NIFTY100LOWVOL30,2018-05-30 00:00:00,0.6716308254403207,SUSPECTED_CORPORATE_ACTION_OR_DATA_BREAK
NIFTY100LOWVOL30,2018-05-30 09:15:00,-0.4020549979212449,SUSPECTED_CORPORATE_ACTION_OR_DATA_BREAK
NIFTY100LOWVOL30,2018-05-31 00:00:00,0.6904028765544914,SUSPECTED_CORPORATE_ACTION_OR_DATA_BREAK
NIFTY100LOWVOL30,2018-05-31 09:15:00,-0.40742612364337205,SUSPECTED_CORPORATE_ACTION_OR_DATA_BREAK
NIFTY100LOWVOL30,2018-06-01 00:00:00,0.6778751760109474,SUSPECTED_CORPORATE_ACTION_OR_DATA_BREAK
NIFTY100LOWVOL30,2018-06-01 09:15:00,-0.4036476032315448,SUSPECTED_CORPORATE_ACTION_OR_DATA_BREAK
NIFTY100LOWVOL30,2018-06-04 00:00:00,0.6667228239864429,SUSPECTED_CORPORATE_ACTION_OR_DATA_BREAK
NIFTY100LOWVOL30,2018-06-04 09:15:00,-0.40398016458164865,SUSPECTED_CORPORATE_ACTION_OR_DATA_BREAK
NIFTY100LOWVOL30,2018-06-05 00:00:00,0.6682195907862054,SUSPECTED_CORPORATE_ACTION_OR_DATA_BREAK
NIFTY100LOWVOL30,2018-06-05 09:15:00,-0.4051511744725639,SUSPECTED_CORPORATE_ACTION_OR_DATA_BREAK
NIFTY100LOWVOL30,2018-06-06 00:00:00,0.6946508097674748,SUSPECTED_CORPORATE_ACTION_OR_DATA_BREAK
NIFTY100LOWVOL30,2018-06-06 09:15:00,-0.4036732078874309,SUSPECTED_CORPORATE_ACTION_OR_DATA_BREAK
NIFTY100LOWVOL30,2018-06-07 00:00:00,0.6876467311288847,SUSPECTED_CORPORATE_ACTION_OR_DATA_BREAK
NIFTY100LOWVOL30,2018-06-07 09:15:00,-0.4019180779138104,SUSPECTED_CORPORATE_ACTION_OR_DATA_BREAK
NIFTY100LOWVOL30,2018-06-08 00:00:00,0.6679709059370813,SUSPECTED_CORPORATE_ACTION_OR_DATA_BREAK
NIFTY100LOWVOL30,2018-06-08 09:15:00,-0.4010954921737898,SUSPECTED_CORPORATE_ACTION_OR_DATA_BREAK
NIFTY100LOWVOL30,2018-06-11 00:00:00,0.6719647191144262,SUSPECTED_CORPORATE_ACTION_OR_DATA_BREAK
NIFTY100LOWVOL30,2018-06-12 00:00:00,0.6713456951302113,SUSPECTED_CORPORATE_ACTION_OR_DATA_BREAK
NIFTY100LOWVOL30,2018-06-13 00:00:00,0.6687705174300453,SUSPECTED_CORPORATE_ACTION_OR_DATA_BREAK
NIFTY100LOWVOL30,2018-06-13 09:15:00,-0.40236648282806986,SUSPECTED_CORPORATE_ACTION_OR_DATA_BREAK
NIFTY100LOWVOL30,2018-06-14 00:00:00,0.6690243639605395,SUSPECTED_CORPORATE_ACTION_OR_DATA_BREAK
NIFTY100LOWVOL30,2018-06-14 09:15:00,-0.4016341001003705,SUSPECTED_CORPORATE_ACTION_OR_DATA_BREAK
NIFTY100LOWVOL30,2018-06-15 00:00:00,0.673856959281167,SUSPECTED_CORPORATE_ACTION_OR_DATA_BREAK
NIFTY100LOWVOL30,2018-06-15 09:15:00,-0.40423586774341,SUSPECTED_CORPORATE_ACTION_OR_DATA_BREAK
NIFTY100LOWVOL30,2018-06-18 00:00:00,0.671591579775723,SUSPECTED_CORPORATE_ACTION_OR_DATA_BREAK
NIFTY100LOWVOL30,2018-06-18 09:15:00,-0.402832864523874,SUSPECTED_CORPORATE_ACTION_OR_DATA_BREAK
NIFTY100LOWVOL30,2018-06-19 00:00:00,0.6581164575922114,SUSPECTED_CORPORATE_ACTION_OR_DATA_BREAK
NIFTY100LOWVOL30,2018-06-19 09:15:00,-0.40209432796082345,SUSPECTED_CORPORATE_ACTION_OR_DATA_BREAK
NIFTY100LOWVOL30,2018-06-20 00:00:00,0.6775739021529532,SUSPECTED_CORPORATE_ACTION_OR_DATA_BREAK
NIFTY100LOWVOL30,2018-06-20 09:15:00,-0.40341521798381275,SUSPECTED_CORPORATE_ACTION_OR_DATA_BREAK
NIFTY100LOWVOL30,2018-06-21 00:00:00,0.6657198474495472,SUSPECTED_CORPORATE_ACTION_OR_DATA_BREAK
NIFTY100LOWVOL30,2018-06-21 09:15:00,-0.40439308839838295,SUSPECTED_CORPORATE_ACTION_OR_DATA_BREAK
NIFTY100LOWVOL30,2018-06-22 00:00:00,0.6890203615832782,SUSPECTED_CORPORATE_ACTION_OR_DATA_BREAK
NIFTY100LOWVOL30,2018-06-22 09:15:00,-0.402387344938153,SUSPECTED_CORPORATE_ACTION_OR_DATA_BREAK
NIFTY100LOWVOL30,2018-06-25 00:00:00,0.6691592863305926,SUSPECTED_CORPORATE_ACTION_OR_DATA_BREAK
NIFTY100LOWVOL30,2018-06-25 09:15:00,-0.40450853520139274,SUSPECTED_CORPORATE_ACTION_OR_DATA_BREAK
NIFTY100LOWVOL30,2018-06-26 00:00:00,0.6858405755165982,SUSPECTED_CORPORATE_ACTION_OR_DATA_BREAK
NIFTY100LOWVOL30,2018-06-26 09:15:00,-0.4027876420454546,SUSPECTED_CORPORATE_ACTION_OR_DATA_BREAK
NIFTY100LOWVOL30,2018-06-27 00:00:00,0.6656062633169813,SUSPECTED_CORPORATE_ACTION_OR_DATA_BREAK
NIFTY100LOWVOL30,2018-06-27 09:15:00,-0.4044791393959588,SUSPECTED_CORPORATE_ACTION_OR_DATA_BREAK
NIFTY100LOWVOL30,2018-06-28 00:00:00,0.6660738550075935,SUSPECTED_CORPORATE_ACTION_OR_DATA_BREAK
NIFTY100LOWVOL30,2018-06-28 09:15:00,-0.40402629022392267,SUSPECTED_CORPORATE_ACTION_OR_DATA_BREAK
NIFTY100LOWVOL30,2018-06-29 00:00:00,0.6972560147311859,SUSPECTED_CORPORATE_ACTION_OR_DATA_BREAK
NIFTY100LOWVOL30,2018-06-29 09:15:00,-0.4034148510449088,SUSPECTED_CORPORATE_ACTION_OR_DATA_BREAK
NIFTY100LOWVOL30,2018-07-02 00:00:00,0.6664082918442995,SUSPECTED_CORPORATE_ACTION_OR_DATA_BREAK
NIFTY100LOWVOL30,2018-07-02 09:15:00,-0.4028707905706397,SUSPECTED_CORPORATE_ACTION_OR_DATA_BREAK
NIFTY100LOWVOL30,2018-07-03 00:00:00,0.6823492989254183,SUSPECTED_CORPORATE_ACTION_OR_DATA_BREAK
NIFTY100LOWVOL30,2018-07-03 09:15:00,-0.4016395875505323,SUSPECTED_CORPORATE_ACTION_OR_DATA_BREAK
NIFTY100LOWVOL30,2018-07-04 00:00:00,0.6805889005734242,SUSPECTED_CORPORATE_ACTION_OR_DATA_BREAK
NIFTY100LOWVOL30,2018-07-04 09:15:00,-0.4004132231404959,SUSPECTED_CORPORATE_ACTION_OR_DATA_BREAK
NIFTY100LOWVOL30,2018-07-05 00:00:00,0.6746972531259232,SUSPECTED_CORPORATE_ACTION_OR_DATA_BREAK
NIFTY100LOWVOL30,2018-07-05 09:15:00,-0.40123692673090383,SUSPECTED_CORPORATE_ACTION_OR_DATA_BREAK
NIFTY100LOWVOL30,2018-07-06 00:00:00,0.6697071154355958,SUSPECTED_CORPORATE_ACTION_OR_DATA_BREAK
NIFTY100LOWVOL30,2018-07-09 00:00:00,0.6781600869250273,SUSPECTED_CORPORATE_ACTION_OR_DATA_BREAK
NIFTY100LOWVOL30,2018-07-09 09:15:00,-0.4000727969303962,SUSPECTED_CORPORATE_ACTION_OR_DATA_BREAK
NIFTY100LOWVOL30,2018-07-10 00:00:00,0.6792968332215192,SUSPECTED_CORPORATE_ACTION_OR_DATA_BREAK
NIFTY100LOWVOL30,2018-07-10 09:15:00,-0.40139189642993633,SUSPECTED_CORPORATE_ACTION_OR_DATA_BREAK
NIFTY100LOWVOL30,2018-07-11 00:00:00,0.6700487484040702,SUSPECTED_CORPORATE_ACTION_OR_DATA_BREAK
NIFTY100LOWVOL30,2018-07-11 09:15:00,-0.40278461511730934,SUSPECTED_CORPORATE_ACTION_OR_DATA_BREAK
NIFTY100LOWVOL30,2018-07-12 00:00:00,0.6780259317086414,SUSPECTED_CORPORATE_ACTION_OR_DATA_BREAK
NIFTY100LOWVOL30,2018-07-12 09:15:00,-0.40571451688406257,SUSPECTED_CORPORATE_ACTION_OR_DATA_BREAK
NIFTY100LOWVOL30,2018-07-13 00:00:00,0.6836751563244547,SUSPECTED_CORPORATE_ACTION_OR_DATA_BREAK
NIFTY100LOWVOL30,2018-07-13 09:15:00,-0.40744163480310047,SUSPECTED_CORPORATE_ACTION_OR_DATA_BREAK
NIFTY100LOWVOL30,2018-07-16 00:00:00,0.6788541016843419,SUSPECTED_CORPORATE_ACTION_OR_DATA_BREAK
NIFTY100LOWVOL30,2018-07-16 09:15:00,-0.40893652351120846,SUSPECTED_CORPORATE_ACTION_OR_DATA_BREAK
NIFTY100LOWVOL30,2018-07-17 00:00:00,0.6951858000255395,SUSPECTED_CORPORATE_ACTION_OR_DATA_BREAK
NIFTY100LOWVOL30,2018-07-17 09:15:00,-0.4091670288280458,SUSPECTED_CORPORATE_ACTION_OR_DATA_BREAK
NIFTY100LOWVOL30,2018-07-18 00:00:00,0.6874650608554087,SUSPECTED_CORPORATE_ACTION_OR_DATA_BREAK
NIFTY100LOWVOL30,2018-07-18 09:15:00,-0.411376330212311,SUSPECTED_CORPORATE_ACTION_OR_DATA_BREAK
NIFTY100LOWVOL30,2018-07-19 00:00:00,0.6928730820118885,SUSPECTED_CORPORATE_ACTION_OR_DATA_BREAK
NIFTY100LOWVOL30,2018-07-19 09:15:00,-0.4068560776619299,SUSPECTED_CORPORATE_ACTION_OR_DATA_BREAK
NIFTY100LOWVOL30,2018-07-20 00:00:00,0.6839372633856138,SUSPECTED_CORPORATE_ACTION_OR_DATA_BREAK
NIFTY100LOWVOL30,2018-07-20 09:15:00,-0.4098967579183407,SUSPECTED_CORPORATE_ACTION_OR_DATA_BREAK
NIFTY100LOWVOL30,2018-07-23 00:00:00,0.6999623963425494,SUSPECTED_CORPORATE_ACTION_OR_DATA_BREAK
NIFTY100LOWVOL30,2018-07-23 09:51:00,-0.4045102102591567,SUSPECTED_CORPORATE_ACTION_OR_DATA_BREAK
NIFTY100LOWVOL30,2018-07-24 00:00:00,0.6915188957750886,SUSPECTED_CORPORATE_ACTION_OR_DATA_BREAK
NIFTY100LOWVOL30,2018-07-24 09:15:00,-0.40625523725865276,SUSPECTED_CORPORATE_ACTION_OR_DATA_BREAK
NIFTY100LOWVOL30,2018-07-25 00:00:00,0.6798259701579701,SUSPECTED_CORPORATE_ACTION_OR_DATA_BREAK
NIFTY100LOWVOL30,2018-07-25 09:15:00,-0.4075046208578862,SUSPECTED_CORPORATE_ACTION_OR_DATA_BREAK
NIFTY100LOWVOL30,2018-07-26 00:00:00,0.6881876057384824,SUSPECTED_CORPORATE_ACTION_OR_DATA_BREAK
NIFTY100LOWVOL30,2018-07-26 09:15:00,-0.40934026148561375,SUSPECTED_CORPORATE_ACTION_OR_DATA_BREAK
NIFTY100LOWVOL30,2018-07-27 00:00:00,0.7040651203844457,SUSPECTED_CORPORATE_ACTION_OR_DATA_BREAK
NIFTY100LOWVOL30,2018-07-27 09:15:00,-0.40737244971367725,SUSPECTED_CORPORATE_ACTION_OR_DATA_BREAK
NIFTY100LOWVOL30,2018-07-30 00:00:00,0.6898768597288583,SUSPECTED_CORPORATE_ACTION_OR_DATA_BREAK
NIFTY100LOWVOL30,2018-07-30 09:15:00,-0.40302281478075974,SUSPECTED_CORPORATE_ACTION_OR_DATA_BREAK
NIFTY100LOWVOL30,2018-07-31 00:00:00,0.6914901809780516,SUSPECTED_CORPORATE_ACTION_OR_DATA_BREAK
NIFTY100LOWVOL30,2018-07-31 09:15:00,-0.40263044072118015,SUSPECTED_CORPORATE_ACTION_OR_DATA_BREAK
NIFTY100LOWVOL30,2018-08-01 00:00:00,0.6751850616872292,SUSPECTED_CORPORATE_ACTION_OR_DATA_BREAK
NIFTY100LOWVOL30,2018-08-01 09:15:00,-0.4045239934074859,SUSPECTED_CORPORATE_ACTION_OR_DATA_BREAK
NIFTY100LOWVOL30,2018-08-02 00:00:00,0.6693408209653697,SUSPECTED_CORPORATE_ACTION_OR_DATA_BREAK
NIFTY100LOWVOL30,2018-08-02 09:15:00,-0.4056238915269752,SUSPECTED_CORPORATE_ACTION_OR_DATA_BREAK
NIFTY100LOWVOL30,2018-08-03 00:00:00,0.6929762924603671,SUSPECTED_CORPORATE_ACTION_OR_DATA_BREAK
NIFTY100LOWVOL30,2018-08-03 09:15:00,-0.40512835091110666,SUSPECTED_CORPORATE_ACTION_OR_DATA_BREAK
NIFTY100LOWVOL30,2018-08-06 00:00:00,0.6777088570090513,SUSPECTED_CORPORATE_ACTION_OR_DATA_BREAK
NIFTY100LOWVOL30,2018-08-06 09:15:00,-0.40336795091633104,SUSPECTED_CORPORATE_ACTION_OR_DATA_BREAK
NIFTY100LOWVOL30,2018-08-07 00:00:00,0.6799304885850417,SUSPECTED_CORPORATE_ACTION_OR_DATA_BREAK
NIFTY100LOWVOL30,2018-08-07 09:15:00,-0.4033333939597866,SUSPECTED_CORPORATE_ACTION_OR_DATA_BREAK
NIFTY100LOWVOL30,2018-08-08 00:00:00,0.6802853931299893,SUSPECTED_CORPORATE_ACTION_OR_DATA_BREAK
NIFTY100LOWVOL30,2018-08-08 09:15:00,-0.4039842850906782,SUSPECTED_CORPORATE_ACTION_OR_DATA_BREAK
NIFTY100LOWVOL30,2018-08-09 00:00:00,0.6786736800053268,SUSPECTED_CORPORATE_ACTION_OR_DATA_BREAK
NIFTY100LOWVOL30,2018-08-09 09:15:00,-0.40532852836517763,SUSPECTED_CORPORATE_ACTION_OR_DATA_BREAK
NIFTY100LOWVOL30,2018-08-10 00:00:00,0.6807603620771798,SUSPECTED_CORPORATE_ACTION_OR_DATA_BREAK
NIFTY100LOWVOL30,2018-08-10 09:15:00,-0.40492347323462363,SUSPECTED_CORPORATE_ACTION_OR_DATA_BREAK
NIFTY100LOWVOL30,2018-08-13 00:00:00,0.6782859701435662,SUSPECTED_CORPORATE_ACTION_OR_DATA_BREAK
NIFTY100LOWVOL30,2018-08-13 09:15:00,-0.40517006493801366,SUSPECTED_CORPORATE_ACTION_OR_DATA_BREAK
NIFTY100LOWVOL30,2018-08-14 00:00:00,0.6922969749021854,SUSPECTED_CORPORATE_ACTION_OR_DATA_BREAK
NIFTY100LOWVOL30,2018-08-14 09:15:00,-0.40621126698613597,SUSPECTED_CORPORATE_ACTION_OR_DATA_BREAK
NIFTY100LOWVOL30,2018-08-16 00:00:00,0.6772744539411206,SUSPECTED_CORPORATE_ACTION_OR_DATA_BREAK
NIFTY100LOWVOL30,2018-08-16 09:15:00,-0.40320014494640943,SUSPECTED_CORPORATE_ACTION_OR_DATA_BREAK
NIFTY100LOWVOL30,2018-08-17 00:00:00,0.6868934111285043,SUSPECTED_CORPORATE_ACTION_OR_DATA_BREAK
NIFTY100LOWVOL30,2018-08-17 09:15:00,-0.400816615768783,SUSPECTED_CORPORATE_ACTION_OR_DATA_BREAK
NIFTY100LOWVOL30,2018-08-20 00:00:00,0.6772449525525865,SUSPECTED_CORPORATE_ACTION_OR_DATA_BREAK
NIFTY100LOWVOL30,2018-08-20 09:15:00,-0.40079578268752947,SUSPECTED_CORPORATE_ACTION_OR_DATA_BREAK
NIFTY100LOWVOL30,2018-08-21 00:00:00,0.6766411700428681,SUSPECTED_CORPORATE_ACTION_OR_DATA_BREAK
NIFTY100LOWVOL30,2018-08-21 09:15:00,-0.4046055380090573,SUSPECTED_CORPORATE_ACTION_OR_DATA_BREAK
NIFTY100LOWVOL30,2018-08-23 00:00:00,0.6897190490892251,SUSPECTED_CORPORATE_ACTION_OR_DATA_BREAK
NIFTY100LOWVOL30,2018-08-23 09:15:00,-0.40465314574578237,SUSPECTED_CORPORATE_ACTION_OR_DATA_BREAK
NIFTY100LOWVOL30,2018-08-24 00:00:00,0.6732108811904209,SUSPECTED_CORPORATE_ACTION_OR_DATA_BREAK
NIFTY100LOWVOL30,2018-08-24 09:15:00,-0.40571501623015704,SUSPECTED_CORPORATE_ACTION_OR_DATA_BREAK
NIFTY100LOWVOL30,2018-08-27 00:00:00,0.6983697939561724,SUSPECTED_CORPORATE_ACTION_OR_DATA_BREAK
NIFTY100LOWVOL30,2018-08-27 09:15:00,-0.40647509747340127,SUSPECTED_CORPORATE_ACTION_OR_DATA_BREAK
NIFTY100LOWVOL30,2018-08-28 00:00:00,0.6899783812872877,SUSPECTED_CORPORATE_ACTION_OR_DATA_BREAK
NIFTY100LOWVOL30,2018-08-28 09:15:00,-0.40808429522655,SUSPECTED_CORPORATE_ACTION_OR_DATA_BREAK
NIFTY100LOWVOL30,2018-08-29 00:00:00,0.6817775386784404,SUSPECTED_CORPORATE_ACTION_OR_DATA_BREAK
NIFTY100LOWVOL30,2018-08-29 09:15:00,-0.407227610610879,SUSPECTED_CORPORATE_ACTION_OR_DATA_BREAK
NIFTY100LOWVOL30,2018-08-30 00:00:00,0.6913443556415675,SUSPECTED_CORPORATE_ACTION_OR_DATA_BREAK
NIFTY100LOWVOL30,2018-08-30 09:15:00,-0.40736808520001766,SUSPECTED_CORPORATE_ACTION_OR_DATA_BREAK
NIFTY100LOWVOL30,2018-08-31 00:00:00,0.6984711921359681,SUSPECTED_CORPORATE_ACTION_OR_DATA_BREAK
NIFTY100LOWVOL30,2018-08-31 09:15:00,-0.4120276754582518,SUSPECTED_CORPORATE_ACTION_OR_DATA_BREAK
NIFTY100LOWVOL30,2018-09-03 00:00:00,0.6835554811964382,SUSPECTED_CORPORATE_ACTION_OR_DATA_BREAK
NIFTY100LOWVOL30,2018-09-03 09:15:00,-0.41374836440729434,SUSPECTED_CORPORATE_ACTION_OR_DATA_BREAK
NIFTY100LOWVOL30,2018-09-04 00:00:00,0.6841203171792891,SUSPECTED_CORPORATE_ACTION_OR_DATA_BREAK
NIFTY100LOWVOL30,2018-09-04 09:15:00,-0.4196219873622994,SUSPECTED_CORPORATE_ACTION_OR_DATA_BREAK
NIFTY100LOWVOL30,2018-09-05 00:00:00,0.7187466879919839,SUSPECTED_CORPORATE_ACTION_OR_DATA_BREAK
NIFTY100LOWVOL30,2018-09-05 09:15:00,-0.42356225509706424,SUSPECTED_CORPORATE_ACTION_OR_DATA_BREAK
NIFTY100LOWVOL30,2018-09-06 00:00:00,0.7472288945725429,SUSPECTED_CORPORATE_ACTION_OR_DATA_BREAK
NIFTY100LOWVOL30,2018-09-06 09:15:00,-0.42896199499292575,SUSPECTED_CORPORATE_ACTION_OR_DATA_BREAK
NIFTY100LOWVOL30,2018-09-07 00:00:00,0.7667550391828142,SUSPECTED_CORPORATE_ACTION_OR_DATA_BREAK
NIFTY100LOWVOL30,2018-09-07 09:15:00,-0.4245181008705631,SUSPECTED_CORPORATE_ACTION_OR_DATA_BREAK
NIFTY100LOWVOL30,2018-09-10 00:00:00,0.7117789728988719,SUSPECTED_CORPORATE_ACTION_OR_DATA_BREAK
NIFTY100LOWVOL30,2018-09-10 09:15:00,-0.42616744548635543,SUSPECTED_CORPORATE_ACTION_OR_DATA_BREAK
NIFTY100LOWVOL30,2018-09-11 00:00:00,0.7225152248594631,SUSPECTED_CORPORATE_ACTION_OR_DATA_BREAK
NIFTY100LOWVOL30,2018-09-11 09:15:00,-0.42862663020876424,SUSPECTED_CORPORATE_ACTION_OR_DATA_BREAK
NIFTY100LOWVOL30,2018-09-12 00:00:00,0.764480142793396,SUSPECTED_CORPORATE_ACTION_OR_DATA_BREAK
NIFTY100LOWVOL30,2018-09-12 09:15:00,-0.42828160212207556,SUSPECTED_CORPORATE_ACTION_OR_DATA_BREAK
NIFTY100LOWVOL30,2018-09-14 00:00:00,0.7708957938091634,SUSPECTED_CORPORATE_ACTION_OR_DATA_BREAK
NIFTY100LOWVOL30,2018-09-14 09:15:00,-0.4285753934112292,SUSPECTED_CORPORATE_ACTION_OR_DATA_BREAK
NIFTY100LOWVOL30,2018-09-17 00:00:00,0.7368089756666183,SUSPECTED_CORPORATE_ACTION_OR_DATA_BREAK
NIFTY100LOWVOL30,2018-09-17 09:15:00,-0.4298076353023953,SUSPECTED_CORPORATE_ACTION_OR_DATA_BREAK
NIFTY100LOWVOL30,2018-09-18 00:00:00,0.7434084042845375,SUSPECTED_CORPORATE_ACTION_OR_DATA_BREAK
NIFTY100LOWVOL30,2018-09-18 09:15:00,-0.428087567585815,SUSPECTED_CORPORATE_ACTION_OR_DATA_BREAK
NIFTY100LOWVOL30,2018-09-19 00:00:00,0.7413753074274474,SUSPECTED_CORPORATE_ACTION_OR_DATA_BREAK
NIFTY100LOWVOL30,2018-09-19 09:15:00,-0.4306957541573736,SUSPECTED_CORPORATE_ACTION_OR_DATA_BREAK
NIFTY100LOWVOL30,2018-09-21 00:00:00,0.7445645162890855,SUSPECTED_CORPORATE_ACTION_OR_DATA_BREAK
NIFTY100LOWVOL30,2018-09-21 09:15:00,-0.42914592872785196,SUSPECTED_CORPORATE_ACTION_OR_DATA_BREAK
NIFTY100LOWVOL30,2018-09-24 00:00:00,0.724548869558286,SUSPECTED_CORPORATE_ACTION_OR_DATA_BREAK
NIFTY100LOWVOL30,2018-09-24 09:15:00,-0.43732160809827014,SUSPECTED_CORPORATE_ACTION_OR_DATA_BREAK
NIFTY100LOWVOL30,2018-09-25 00:00:00,0.7950711095137855,SUSPECTED_CORPORATE_ACTION_OR_DATA_BREAK
NIFTY100LOWVOL30,2018-09-25 09:15:00,-0.43688398460068756,SUSPECTED_CORPORATE_ACTION_OR_DATA_BREAK
NIFTY100LOWVOL30,2018-09-26 00:00:00,0.7619443315725316,SUSPECTED_CORPORATE_ACTION_OR_DATA_BREAK
NIFTY100LOWVOL30,2018-09-26 09:15:00,-0.4353740476852135,SUSPECTED_CORPORATE_ACTION_OR_DATA_BREAK
NIFTY100LOWVOL30,2018-09-27 00:00:00,0.7668892701057877,SUSPECTED_CORPORATE_ACTION_OR_DATA_BREAK
NIFTY100LOWVOL30,2018-09-27 09:15:00,-0.4380096512266305,SUSPECTED_CORPORATE_ACTION_OR_DATA_BREAK
NIFTY100LOWVOL30,2018-09-28 00:00:00,0.7670293282876064,SUSPECTED_CORPORATE_ACTION_OR_DATA_BREAK
NIFTY100LOWVOL30,2018-09-28 09:15:00,-0.44210949002810873,SUSPECTED_CORPORATE_ACTION_OR_DATA_BREAK
NIFTY100LOWVOL30,2018-10-01 00:00:00,0.8072561128265046,SUSPECTED_CORPORATE_ACTION_OR_DATA_BREAK
NIFTY100LOWVOL30,2018-10-01 09:15:00,-0.4452435428869592,SUSPECTED_CORPORATE_ACTION_OR_DATA_BREAK
NIFTY100LOWVOL30,2018-10-03 00:00:00,0.7744485600133177,SUSPECTED_CORPORATE_ACTION_OR_DATA_BREAK
NIFTY100LOWVOL30,2018-10-03 09:15:00,-0.4494851236442059,SUSPECTED_CORPORATE_ACTION_OR_DATA_BREAK
NIFTY100LOWVOL30,2018-10-04 00:00:00,0.7816526073619636,SUSPECTED_CORPORATE_ACTION_OR_DATA_BREAK
NIFTY100LOWVOL30,2018-10-04 09:15:00,-0.4503508576853318,SUSPECTED_CORPORATE_ACTION_OR_DATA_BREAK
NIFTY100LOWVOL30,2018-10-05 00:00:00,0.792675897023156,SUSPECTED_CORPORATE_ACTION_OR_DATA_BREAK
NIFTY100LOWVOL30,2018-10-05 09:15:00,-0.45598941901664813,SUSPECTED_CORPORATE_ACTION_OR_DATA_BREAK
NIFTY100LOWVOL30,2018-10-08 00:00:00,0.8356121606852096,SUSPECTED_CORPORATE_ACTION_OR_DATA_BREAK
NIFTY100LOWVOL30,2018-10-08 09:15:00,-0.4548216195197823,SUSPECTED_CORPORATE_ACTION_OR_DATA_BREAK
NIFTY100LOWVOL30,2018-10-09 00:00:00,0.8246110640574154,SUSPECTED_CORPORATE_ACTION_OR_DATA_BREAK
NIFTY100LOWVOL30,2018-10-09 09:15:00,-0.46180203510743556,SUSPECTED_CORPORATE_ACTION_OR_DATA_BREAK
NIFTY100LOWVOL30,2018-10-10 00:00:00,0.8759490223225936,SUSPECTED_CORPORATE_ACTION_OR_DATA_BREAK
NIFTY100LOWVOL30,2018-10-10 09:15:00,-0.4534521454541054,SUSPECTED_CORPORATE_ACTION_OR_DATA_BREAK
NIFTY100LOWVOL30,2018-10-11 00:00:00,0.7983751355898434,SUSPECTED_CORPORATE_ACTION_OR_DATA_BREAK
NIFTY100LOWVOL30,2018-10-11 09:15:00,-0.45232526650089866,SUSPECTED_CORPORATE_ACTION_OR_DATA_BREAK
NIFTY100LOWVOL30,2018-10-12 00:00:00,0.867591926638497,SUSPECTED_CORPORATE_ACTION_OR_DATA_BREAK
NIFTY100LOWVOL30,2018-10-12 09:15:00,-0.44679388973065093,SUSPECTED_CORPORATE_ACTION_OR_DATA_BREAK
NIFTY100LOWVOL30,2018-10-15 00:00:00,0.8075357589601351,SUSPECTED_CORPORATE_ACTION_OR_DATA_BREAK
NIFTY100LOWVOL30,2018-10-15 09:15:00,-0.4495407875274259,SUSPECTED_CORPORATE_ACTION_OR_DATA_BREAK
NIFTY100LOWVOL30,2018-10-16 00:00:00,0.8282990609250818,SUSPECTED_CORPORATE_ACTION_OR_DATA_BREAK
NIFTY100LOWVOL30,2018-10-16 09:15:00,-0.44817029418799337,SUSPECTED_CORPORATE_ACTION_OR_DATA_BREAK
NIFTY100LOWVOL30,2018-10-17 00:00:00,0.7982294556171985,SUSPECTED_CORPORATE_ACTION_OR_DATA_BREAK
NIFTY100LOWVOL30,2018-10-17 09:15:00,-0.4503992046036577,SUSPECTED_CORPORATE_ACTION_OR_DATA_BREAK
NIFTY100LOWVOL30,2018-10-19 00:00:00,0.7971691390104048,SUSPECTED_CORPORATE_ACTION_OR_DATA_BREAK
NIFTY100LOWVOL30,2018-10-19 09:15:00,-0.44812650227552797,SUSPECTED_CORPORATE_ACTION_OR_DATA_BREAK
NIFTY100LOWVOL30,2018-10-22 00:00:00,0.8001260197652051,SUSPECTED_CORPORATE_ACTION_OR_DATA_BREAK
NIFTY100LOWVOL30,2018-10-22 09:15:00,-0.44622734781353823,SUSPECTED_CORPORATE_ACTION_OR_DATA_BREAK
NIFTY100LOWVOL30,2018-10-23 00:00:00,0.7844707134777886,SUSPECTED_CORPORATE_ACTION_OR_DATA_BREAK
NIFTY100LOWVOL30,2018-10-23 09:15:00,-0.44497265722097934,SUSPECTED_CORPORATE_ACTION_OR_DATA_BREAK
NIFTY100LOWVOL30,2018-10-24 00:00:00,0.8099199462576274,SUSPECTED_CORPORATE_ACTION_OR_DATA_BREAK
NIFTY100LOWVOL30,2018-10-24 09:15:00,-0.44255906169387504,SUSPECTED_CORPORATE_ACTION_OR_DATA_BREAK
NIFTY100LOWVOL30,2018-10-25 00:00:00,0.7887961647727273,SUSPECTED_CORPORATE_ACTION_OR_DATA_BREAK
NIFTY100LOWVOL30,2018-10-25 09:15:00,-0.4446064320809966,SUSPECTED_CORPORATE_ACTION_OR_DATA_BREAK
NIFTY100LOWVOL30,2018-10-26 00:00:00,0.7853895559899471,SUSPECTED_CORPORATE_ACTION_OR_DATA_BREAK
NIFTY100LOWVOL30,2018-10-26 09:15:00,-0.4417625455933232,SUSPECTED_CORPORATE_ACTION_OR_DATA_BREAK
NIFTY100LOWVOL30,2018-10-29 00:00:00,0.8095979916393019,SUSPECTED_CORPORATE_ACTION_OR_DATA_BREAK
NIFTY100LOWVOL30,2018-10-29 09:15:00,-0.43870188585761616,SUSPECTED_CORPORATE_ACTION_OR_DATA_BREAK
NIFTY100LOWVOL30,2018-10-30 00:00:00,0.7738055831402406,SUSPECTED_CORPORATE_ACTION_OR_DATA_BREAK
NIFTY100LOWVOL30,2018-10-30 09:15:00,-0.4352699676536451,SUSPECTED_CORPORATE_ACTION_OR_DATA_BREAK
NIFTY100LOWVOL30,2018-10-31 00:00:00,0.7982398167118276,SUSPECTED_CORPORATE_ACTION_OR_DATA_BREAK
NIFTY100LOWVOL30,2018-10-31 09:15:00,-0.43742611252335306,SUSPECTED_CORPORATE_ACTION_OR_DATA_BREAK
NIFTY100LOWVOL30,2018-11-01 00:00:00,0.7677231797741799,SUSPECTED_CORPORATE_ACTION_OR_DATA_BREAK
NIFTY100LOWVOL30,2018-11-01 09:15:00,-0.4349165090882213,SUSPECTED_CORPORATE_ACTION_OR_DATA_BREAK
NIFTY100LOWVOL30,2018-11-02 00:00:00,0.7911448284882772,SUSPECTED_CORPORATE_ACTION_OR_DATA_BREAK
NIFTY100LOWVOL30,2018-11-02 09:15:00,-0.4285349155636695,SUSPECTED_CORPORATE_ACTION_OR_DATA_BREAK
NIFTY100LOWVOL30,2018-11-05 00:00:00,0.7448384554767535,SUSPECTED_CORPORATE_ACTION_OR_DATA_BREAK
NIFTY100LOWVOL30,2018-11-05 09:15:00,-0.42785143557431515,SUSPECTED_CORPORATE_ACTION_OR_DATA_BREAK
NIFTY100LOWVOL30,2018-11-06 00:00:00,0.7437784675776289,SUSPECTED_CORPORATE_ACTION_OR_DATA_BREAK
NIFTY100LOWVOL30,2018-11-06 09:15:00,-0.429493375093287,SUSPECTED_CORPORATE_ACTION_OR_DATA_BREAK
NIFTY100LOWVOL30,2018-11-07 00:00:00,0.7662953153983896,SUSPECTED_CORPORATE_ACTION_OR_DATA_BREAK
NIFTY100LOWVOL30,2018-11-07 17:30:00,-0.42935712984884356,SUSPECTED_CORPORATE_ACTION_OR_DATA_BREAK
NIFTY100LOWVOL30,2018-11-09 00:00:00,0.76286674751601,SUSPECTED_CORPORATE_ACTION_OR_DATA_BREAK
NIFTY100LOWVOL30,2018-11-09 09:15:00,-0.42906712207249875,SUSPECTED_CORPORATE_ACTION_OR_DATA_BREAK
NIFTY100LOWVOL30,2018-11-12 00:00:00,0.7361828962805594,SUSPECTED_CORPORATE_ACTION_OR_DATA_BREAK
NIFTY100LOWVOL30,2018-11-12 09:15:00,-0.43017861708733607,SUSPECTED_CORPORATE_ACTION_OR_DATA_BREAK
NIFTY100LOWVOL30,2018-11-13 00:00:00,0.76875,SUSPECTED_CORPORATE_ACTION_OR_DATA_BREAK
NIFTY100LOWVOL30,2018-11-13 09:15:00,-0.4312464135785691,SUSPECTED_CORPORATE_ACTION_OR_DATA_BREAK
NIFTY100LOWVOL30,2018-11-14 00:00:00,0.75946049277825,SUSPECTED_CORPORATE_ACTION_OR_DATA_BREAK
NIFTY100LOWVOL30,2018-11-14 09:15:00,-0.4264408694833368,SUSPECTED_CORPORATE_ACTION_OR_DATA_BREAK
NIFTY100LOWVOL30,2018-11-15 00:00:00,0.7487213487402917,SUSPECTED_CORPORATE_ACTION_OR_DATA_BREAK
NIFTY100LOWVOL30,2018-11-15 09:15:00,-0.4267514006992965,SUSPECTED_CORPORATE_ACTION_OR_DATA_BREAK
NIFTY100LOWVOL30,2018-11-16 00:00:00,0.757629520760065,SUSPECTED_CORPORATE_ACTION_OR_DATA_BREAK
NIFTY100LOWVOL30,2018-11-16 09:15:00,-0.4270082366222083,SUSPECTED_CORPORATE_ACTION_OR_DATA_BREAK
NIFTY100LOWVOL30,2018-11-19 00:00:00,0.7572426301963893,SUSPECTED_CORPORATE_ACTION_OR_DATA_BREAK
NIFTY100LOWVOL30,2018-11-19 09:15:00,-0.42564116557655385,SUSPECTED_CORPORATE_ACTION_OR_DATA_BREAK
NIFTY100LOWVOL30,2018-11-20 00:00:00,0.7228654348656829,SUSPECTED_CORPORATE_ACTION_OR_DATA_BREAK
NIFTY100LOWVOL30,2018-11-20 09:15:00,-0.4236420422868721,SUSPECTED_CORPORATE_ACTION_OR_DATA_BREAK
NIFTY100LOWVOL30,2018-11-21 00:00:00,0.7261295556665004,SUSPECTED_CORPORATE_ACTION_OR_DATA_BREAK
NIFTY100LOWVOL30,2018-11-21 09:15:00,-0.4200304898256778,SUSPECTED_CORPORATE_ACTION_OR_DATA_BREAK
NIFTY100LOWVOL30,2018-11-22 00:00:00,0.7134857142857143,SUSPECTED_CORPORATE_ACTION_OR_DATA_BREAK
NIFTY100LOWVOL30,2018-11-22 09:15:00,-0.42101465532399973,SUSPECTED_CORPORATE_ACTION_OR_DATA_BREAK
NIFTY100LOWVOL30,2018-11-26 00:00:00,0.7503770107238608,SUSPECTED_CORPORATE_ACTION_OR_DATA_BREAK
NIFTY100LOWVOL30,2018-11-26 09:15:00,-0.41785329663754933,SUSPECTED_CORPORATE_ACTION_OR_DATA_BREAK
NIFTY100LOWVOL30,2018-11-27 00:00:00,0.7233299075025694,SUSPECTED_CORPORATE_ACTION_OR_DATA_BREAK
NIFTY100LOWVOL30,2018-11-27 09:15:00,-0.4214217557251908,SUSPECTED_CORPORATE_ACTION_OR_DATA_BREAK
NIFTY100LOWVOL30,2018-11-28 00:00:00,0.7340850993650532,SUSPECTED_CORPORATE_ACTION_OR_DATA_BREAK
NIFTY100LOWVOL30,2018-11-28 09:15:00,-0.4261029280644817,SUSPECTED_CORPORATE_ACTION_OR_DATA_BREAK
NIFTY100LOWVOL30,2018-11-29 00:00:00,0.758143533335405,SUSPECTED_CORPORATE_ACTION_OR_DATA_BREAK
NIFTY100LOWVOL30,2018-11-29 09:15:00,-0.4237659575721515,SUSPECTED_CORPORATE_ACTION_OR_DATA_BREAK
NIFTY100LOWVOL30,2018-11-30 00:00:00,0.743635880344327,SUSPECTED_CORPORATE_ACTION_OR_DATA_BREAK
NIFTY100LOWVOL30,2018-11-30 09:15:00,-0.42269219944650316,SUSPECTED_CORPORATE_ACTION_OR_DATA_BREAK
NIFTY100LOWVOL30,2018-12-03 00:00:00,0.741684524837245,SUSPECTED_CORPORATE_ACTION_OR_DATA_BREAK
NIFTY100QUALTY30,2015-11-09 07:16:46,4.725156391767347,SUSPECTED_CORPORATE_ACTION_OR_DATA_BREAK
NIFTY100QUALTY30,2015-11-10 00:00:00,-0.8285518869301571,SUSPECTED_CORPORATE_ACTION_OR_DATA_BREAK
NIFTY100QUALTY30,2015-11-16 09:00:07,0.5644774218826525,SUSPECTED_CORPORATE_ACTION_OR_DATA_BREAK
NIFTY100QUALTY30,2015-11-17 09:00:07,0.5459387159533073,SUSPECTED_CORPORATE_ACTION_OR_DATA_BREAK
NIFTY100QUALTY30,2015-11-18 09:00:06,0.5147664835164834,SUSPECTED_CORPORATE_ACTION_OR_DATA_BREAK
NIFTY100QUALTY30,2015-11-19 09:00:06,0.5143939026166318,SUSPECTED_CORPORATE_ACTION_OR_DATA_BREAK
NIFTY100QUALTY30,2015-11-20 09:00:05,0.5125545613533637,SUSPECTED_CORPORATE_ACTION_OR_DATA_BREAK
NIFTY200QUALTY30,2015-11-23 16:06:09,-0.49435060734564795,SUSPECTED_CORPORATE_ACTION_OR_DATA_BREAK
NIFTY200QUALTY30,2015-11-24 00:00:00,0.9715426930676181,SUSPECTED_CORPORATE_ACTION_OR_DATA_BREAK
NIFTY50DIVPOINT,2012-04-23 00:00:00,inf,SUSPECTED_CORPORATE_ACTION_OR_DATA_BREAK
NIFTY50DIVPOINT,2012-05-24 00:00:00,48.9375,SUSPECTED_CORPORATE_ACTION_OR_DATA_BREAK
NIFTY50DIVPOINT,2012-05-31 00:00:00,1.3366708385481854,SUSPECTED_CORPORATE_ACTION_OR_DATA_BREAK
NIFTY50DIVPOINT,2013-04-02 00:00:00,-1.0,SUSPECTED_CORPORATE_ACTION_OR_DATA_BREAK
NIFTY50DIVPOINT,2013-04-22 00:00:00,inf,SUSPECTED_CORPORATE_ACTION_OR_DATA_BREAK
NIFTY50DIVPOINT,2013-05-10 00:00:00,28.749999999999996,SUSPECTED_CORPORATE_ACTION_OR_DATA_BREAK
NIFTY50DIVPOINT,2013-05-28 00:00:00,0.6478599221789885,SUSPECTED_CORPORATE_ACTION_OR_DATA_BREAK
NIFTY50DIVPOINT,2013-05-30 00:00:00,1.3258559622195984,SUSPECTED_CORPORATE_ACTION_OR_DATA_BREAK
NIFTY50DIVPOINT,2013-05-31 00:00:00,0.4558375634517766,SUSPECTED_CORPORATE_ACTION_OR_DATA_BREAK
NIFTY50DIVPOINT,2014-03-31 00:00:00,-1.0,SUSPECTED_CORPORATE_ACTION_OR_DATA_BREAK
NIFTY50DIVPOINT,2014-04-22 00:00:00,inf,SUSPECTED_CORPORATE_ACTION_OR_DATA_BREAK
NIFTY50DIVPOINT,2014-05-16 00:00:00,14.531249999999998,SUSPECTED_CORPORATE_ACTION_OR_DATA_BREAK
NIFTY50DIVPOINT,2014-05-29 00:00:00,1.5191146881287727,SUSPECTED_CORPORATE_ACTION_OR_DATA_BREAK
NIFTY50DIVPOINT,2014-06-03 00:00:00,0.7891373801916932,SUSPECTED_CORPORATE_ACTION_OR_DATA_BREAK
NIFTY50DIVPOINT,2014-06-05 00:00:00,0.5218750000000003,SUSPECTED_CORPORATE_ACTION_OR_DATA_BREAK
NIFTY50DIVPOINT,2015-03-27 00:00:00,-1.0,SUSPECTED_CORPORATE_ACTION_OR_DATA_BREAK
NIFTY50DIVPOINT,2015-04-24 00:00:00,inf,SUSPECTED_CORPORATE_ACTION_OR_DATA_BREAK
NIFTY50DIVPOINT,2015-05-08 00:00:00,7.596774193548388,SUSPECTED_CORPORATE_ACTION_OR_DATA_BREAK
NIFTY50DIVPOINT,2015-05-28 00:00:00,0.5032467532467533,SUSPECTED_CORPORATE_ACTION_OR_DATA_BREAK
NIFTY50DIVPOINT,2015-06-03 00:00:00,0.9546769527483125,SUSPECTED_CORPORATE_ACTION_OR_DATA_BREAK
NIFTY50DIVPOINT,2015-06-04 00:00:00,0.4045387271830292,SUSPECTED_CORPORATE_ACTION_OR_DATA_BREAK
NIFTY50DIVPOINT,2016-04-04 16:08:33,-1.0,SUSPECTED_CORPORATE_ACTION_OR_DATA_BREAK
NIFTY50DIVPOINT,2016-05-05 09:15:00,inf,SUSPECTED_CORPORATE_ACTION_OR_DATA_BREAK
NIFTY50DIVPOINT,2016-05-30 09:15:00,15.032258064516128,SUSPECTED_CORPORATE_ACTION_OR_DATA_BREAK
NIFTY50DIVPOINT,2017-03-31 09:15:00,-0.9853917662682603,SUSPECTED_CORPORATE_ACTION_OR_DATA_BREAK
NIFTY50DIVPOINT,2017-05-04 09:15:00,0.4848484848484851,SUSPECTED_CORPORATE_ACTION_OR_DATA_BREAK
NIFTY50DIVPOINT,2017-05-26 09:15:00,0.6556886227544911,SUSPECTED_CORPORATE_ACTION_OR_DATA_BREAK
NIFTY50DIVPOINT,2017-06-01 09:15:00,1.1718983557548577,SUSPECTED_CORPORATE_ACTION_OR_DATA_BREAK
NIFTY50DIVPOINT,2017-06-05 09:15:00,0.7384721266345493,SUSPECTED_CORPORATE_ACTION_OR_DATA_BREAK
NIFTY50DIVPOINT,2018-04-04 09:15:00,-1.0,SUSPECTED_CORPORATE_ACTION_OR_DATA_BREAK
NIFTY50DIVPOINT,2018-05-02 09:15:00,inf,SUSPECTED_CORPORATE_ACTION_OR_DATA_BREAK
NIFTY50DIVPOINT,2018-05-25 09:15:00,10.063063063063062,SUSPECTED_CORPORATE_ACTION_OR_DATA_BREAK
NIFTY50DIVPOINT,2018-05-31 09:15:00,0.8493485342019547,SUSPECTED_CORPORATE_ACTION_OR_DATA_BREAK
NIFTY50DIVPOINT,2018-06-14 09:15:00,0.6433041301627034,SUSPECTED_CORPORATE_ACTION_OR_DATA_BREAK
NIFTY50DIVPOINT,2019-03-29 00:00:00,-1.0,SUSPECTED_CORPORATE_ACTION_OR_DATA_BREAK
NIFTY50DIVPOINT,2019-05-07 00:00:00,inf,SUSPECTED_CORPORATE_ACTION_OR_DATA_BREAK
NIFTY50DIVPOINT,2019-05-22 00:00:00,4.563432835820895,SUSPECTED_CORPORATE_ACTION_OR_DATA_BREAK
NIFTY50DIVPOINT,2019-06-13 00:00:00,0.5063529411764705,SUSPECTED_CORPORATE_ACTION_OR_DATA_BREAK
NIFTY50DIVPOINT,2020-03-27 00:00:00,-1.0,SUSPECTED_CORPORATE_ACTION_OR_DATA_BREAK
NIFTY50DIVPOINT,2020-04-29 00:00:00,inf,SUSPECTED_CORPORATE_ACTION_OR_DATA_BREAK
NIFTY50DIVPOINT,2020-05-05 00:00:00,0.8484848484848486,SUSPECTED_CORPORATE_ACTION_OR_DATA_BREAK
NIFTY50DIVPOINT,2020-05-29 00:00:00,4.5683060109289615,SUSPECTED_CORPORATE_ACTION_OR_DATA_BREAK
NIFTY50DIVPOINT,2020-07-09 00:00:00,0.43178410794602673,SUSPECTED_CORPORATE_ACTION_OR_DATA_BREAK
NIFTY50DIVPOINT,2021-03-26 00:00:00,-1.0,SUSPECTED_CORPORATE_ACTION_OR_DATA_BREAK
NIFTY50DIVPOINT,2021-04-05 00:00:00,inf,SUSPECTED_CORPORATE_ACTION_OR_DATA_BREAK
NIFTY50DIVPOINT,2021-04-08 00:00:00,7.3478260869565215,SUSPECTED_CORPORATE_ACTION_OR_DATA_BREAK
NIFTY50DIVPOINT,2021-04-29 00:00:00,2.4739583333333335,SUSPECTED_CORPORATE_ACTION_OR_DATA_BREAK
NIFTY50DIVPOINT,2021-05-25 00:00:00,0.7091454272863569,SUSPECTED_CORPORATE_ACTION_OR_DATA_BREAK
NIFTY50DIVPOINT,2021-05-31 00:00:00,1.9675438596491226,SUSPECTED_CORPORATE_ACTION_OR_DATA_BREAK
NIFTY50DIVPOINT,2022-04-01 00:00:00,-1.0,SUSPECTED_CORPORATE_ACTION_OR_DATA_BREAK
NIFTY50DIVPOINT,2022-04-05 00:00:00,inf,SUSPECTED_CORPORATE_ACTION_OR_DATA_BREAK
NIFTY50DIVPOINT,2022-04-21 00:00:00,0.4319526627218935,SUSPECTED_CORPORATE_ACTION_OR_DATA_BREAK
NIFTY50DIVPOINT,2022-04-28 00:00:00,1.8016528925619837,SUSPECTED_CORPORATE_ACTION_OR_DATA_BREAK
NIFTY50DIVPOINT,2022-05-12 00:00:00,2.287610619469026,SUSPECTED_CORPORATE_ACTION_OR_DATA_BREAK
NIFTY50DIVPOINT,2022-05-25 00:00:00,0.5127860026917901,SUSPECTED_CORPORATE_ACTION_OR_DATA_BREAK
NIFTY50DIVPOINT,2022-05-31 00:00:00,0.5655560363479013,SUSPECTED_CORPORATE_ACTION_OR_DATA_BREAK
NIFTY50DIVPOINT,2023-03-31 00:00:00,-1.0,SUSPECTED_CORPORATE_ACTION_OR_DATA_BREAK
NIFTY50DIVPOINT,2023-04-13 00:00:00,inf,SUSPECTED_CORPORATE_ACTION_OR_DATA_BREAK
NIFTY50DIVPOINT,2023-04-21 00:00:00,0.42268041237113385,SUSPECTED_CORPORATE_ACTION_OR_DATA_BREAK
NIFTY50DIVPOINT,2023-04-28 00:00:00,1.572463768115942,SUSPECTED_CORPORATE_ACTION_OR_DATA_BREAK
NIFTY50DIVPOINT,2023-05-16 00:00:00,5.243661971830986,SUSPECTED_CORPORATE_ACTION_OR_DATA_BREAK
NIFTY50DIVPOINT,2024-04-01 00:00:00,-1.0,SUSPECTED_CORPORATE_ACTION_OR_DATA_BREAK
NIFTY50DIVPOINT,2024-05-07 00:00:00,inf,SUSPECTED_CORPORATE_ACTION_OR_DATA_BREAK
NIFTY50DIVPOINT,2024-05-10 00:00:00,7.703703703703704,SUSPECTED_CORPORATE_ACTION_OR_DATA_BREAK
NIFTY50DIVPOINT,2025-03-28 00:00:00,-1.0,SUSPECTED_CORPORATE_ACTION_OR_DATA_BREAK
NIFTY50DIVPOINT,2025-04-28 00:00:00,inf,SUSPECTED_CORPORATE_ACTION_OR_DATA_BREAK
NIFTY50DIVPOINT,2025-05-16 00:00:00,2.7515274949083506,SUSPECTED_CORPORATE_ACTION_OR_DATA_BREAK
NIFTY50DIVPOINT,2025-05-28 00:00:00,0.8767643865363735,SUSPECTED_CORPORATE_ACTION_OR_DATA_BREAK
NIFTY50DIVPOINT,2025-05-30 00:00:00,0.5606823266219241,SUSPECTED_CORPORATE_ACTION_OR_DATA_BREAK
NIFTY50DIVPOINT,2025-06-27 00:00:00,0.47201447527141127,SUSPECTED_CORPORATE_ACTION_OR_DATA_BREAK
NIFTY50DIVPOINT,2026-04-01 00:00:00,-1.0,SUSPECTED_CORPORATE_ACTION_OR_DATA_BREAK
NIFTY50DIVPOINT,2026-04-24 00:00:00,inf,SUSPECTED_CORPORATE_ACTION_OR_DATA_BREAK
NIFTY50DIVPOINT,2026-05-15 00:00:00,2.837251356238698,SUSPECTED_CORPORATE_ACTION_OR_DATA_BREAK
NIFTY50DIVPOINT,2026-05-22 00:00:00,0.4585296889726673,SUSPECTED_CORPORATE_ACTION_OR_DATA_BREAK
NIFTY50DIVPOINT,2026-06-19 00:00:00,0.7291599613775346,SUSPECTED_CORPORATE_ACTION_OR_DATA_BREAK
NIFTY50USD,2004-05-28 00:00:00,-0.9048917534291853,SUSPECTED_CORPORATE_ACTION_OR_DATA_BREAK
NIFTYALPHALOWVOL,2015-11-09 07:16:46,-0.6801364942528736,SUSPECTED_CORPORATE_ACTION_OR_DATA_BREAK
NIFTYALPHALOWVOL,2015-11-10 00:00:00,2.085604457305749,SUSPECTED_CORPORATE_ACTION_OR_DATA_BREAK
NIFTYCOMMODITIES,2015-11-10 07:47:15,0.5122623491622535,SUSPECTED_CORPORATE_ACTION_OR_DATA_BREAK
NIFTYCOMMODITIES,2015-11-11 16:09:08,0.5020910580322495,SUSPECTED_CORPORATE_ACTION_OR_DATA_BREAK
NIFTYCOMMODITIES,2015-11-13 07:13:49,0.49027203670439556,SUSPECTED_CORPORATE_ACTION_OR_DATA_BREAK
NIFTYCOMMODITIES,2015-11-16 09:15:00,0.4881286423483704,SUSPECTED_CORPORATE_ACTION_OR_DATA_BREAK
NIFTYCOMMODITIES,2015-11-17 16:05:32,0.49753418757402823,SUSPECTED_CORPORATE_ACTION_OR_DATA_BREAK
NIFTYCOMMODITIES,2015-11-18 16:05:39,0.5013328709824234,SUSPECTED_CORPORATE_ACTION_OR_DATA_BREAK
NIFTYCOMMODITIES,2015-11-19 16:04:54,0.5050234570810395,SUSPECTED_CORPORATE_ACTION_OR_DATA_BREAK
NIFTYCOMMODITIES,2015-11-20 16:06:05,0.5040108943124029,SUSPECTED_CORPORATE_ACTION_OR_DATA_BREAK
NIFTYCOMMODITIES,2015-11-23 09:15:00,0.5162449468483306,SUSPECTED_CORPORATE_ACTION_OR_DATA_BREAK
NIFTYCOMMODITIES,2015-11-24 09:15:00,0.5114055864968097,SUSPECTED_CORPORATE_ACTION_OR_DATA_BREAK
NIFTYCOMMODITIES,2015-11-26 09:15:00,0.5090455132138547,SUSPECTED_CORPORATE_ACTION_OR_DATA_BREAK
NIFTYCOMMODITIES,2015-11-27 09:15:00,0.5073266656799105,SUSPECTED_CORPORATE_ACTION_OR_DATA_BREAK
NIFTYCOMMODITIES,2015-11-30 09:15:00,0.5060614424322201,SUSPECTED_CORPORATE_ACTION_OR_DATA_BREAK
NIFTYCOMMODITIES,2015-12-01 09:15:00,0.4873115100493175,SUSPECTED_CORPORATE_ACTION_OR_DATA_BREAK
NIFTYCOMMODITIES,2015-12-02 09:15:00,0.48984649990627527,SUSPECTED_CORPORATE_ACTION_OR_DATA_BREAK
NIFTYCOMMODITIES,2015-12-03 09:15:00,0.48843402542960224,SUSPECTED_CORPORATE_ACTION_OR_DATA_BREAK
NIFTYCOMMODITIES,2015-12-04 09:15:00,0.48490543675183284,SUSPECTED_CORPORATE_ACTION_OR_DATA_BREAK
NIFTYCOMMODITIES,2015-12-07 09:15:00,0.48748884829432004,SUSPECTED_CORPORATE_ACTION_OR_DATA_BREAK
NIFTYCOMMODITIES,2015-12-08 09:15:00,0.5083959747817652,SUSPECTED_CORPORATE_ACTION_OR_DATA_BREAK
NIFTYCOMMODITIES,2015-12-09 09:15:00,0.5211425333858595,SUSPECTED_CORPORATE_ACTION_OR_DATA_BREAK
NIFTYCOMMODITIES,2015-12-10 09:15:00,0.5101520630909329,SUSPECTED_CORPORATE_ACTION_OR_DATA_BREAK
NIFTYCOMMODITIES,2015-12-11 09:15:00,0.5099180331463606,SUSPECTED_CORPORATE_ACTION_OR_DATA_BREAK
NIFTYCOMMODITIES,2015-12-14 09:15:00,0.511140577788405,SUSPECTED_CORPORATE_ACTION_OR_DATA_BREAK
NIFTYCOMMODITIES,2015-12-15 09:15:00,0.5171973971507016,SUSPECTED_CORPORATE_ACTION_OR_DATA_BREAK
NIFTYCOMMODITIES,2015-12-16 09:15:00,0.49356259891355503,SUSPECTED_CORPORATE_ACTION_OR_DATA_BREAK
NIFTYCOMMODITIES,2015-12-17 09:15:00,0.492340590651809,SUSPECTED_CORPORATE_ACTION_OR_DATA_BREAK
NIFTYCOMMODITIES,2015-12-18 09:15:00,0.4980440513649118,SUSPECTED_CORPORATE_ACTION_OR_DATA_BREAK
NIFTYCOMMODITIES,2015-12-21 09:15:00,0.49855646639833107,SUSPECTED_CORPORATE_ACTION_OR_DATA_BREAK
NIFTYCOMMODITIES,2015-12-22 09:15:00,0.4964080459770115,SUSPECTED_CORPORATE_ACTION_OR_DATA_BREAK
NIFTYCOMMODITIES,2015-12-23 09:15:00,0.4855905436247492,SUSPECTED_CORPORATE_ACTION_OR_DATA_BREAK
NIFTYCOMMODITIES,2015-12-24 09:15:00,0.4848793465383576,SUSPECTED_CORPORATE_ACTION_OR_DATA_BREAK
NIFTYCOMMODITIES,2015-12-28 09:15:00,0.47918400125843963,SUSPECTED_CORPORATE_ACTION_OR_DATA_BREAK
NIFTYCOMMODITIES,2015-12-29 09:15:00,0.48099931808319374,SUSPECTED_CORPORATE_ACTION_OR_DATA_BREAK
NIFTYCOMMODITIES,2015-12-30 09:15:00,0.4805955931080186,SUSPECTED_CORPORATE_ACTION_OR_DATA_BREAK
NIFTYCOMMODITIES,2015-12-31 09:15:00,0.4827210492773881,SUSPECTED_CORPORATE_ACTION_OR_DATA_BREAK
NIFTYCOMMODITIES,2016-01-01 09:15:00,0.475278618363288,SUSPECTED_CORPORATE_ACTION_OR_DATA_BREAK
NIFTYCOMMODITIES,2016-01-04 09:15:00,0.47492796343523325,SUSPECTED_CORPORATE_ACTION_OR_DATA_BREAK
NIFTYCOMMODITIES,2016-01-05 09:15:00,0.4601346236471142,SUSPECTED_CORPORATE_ACTION_OR_DATA_BREAK
NIFTYCOMMODITIES,2016-01-06 09:15:00,0.4438234451132128,SUSPECTED_CORPORATE_ACTION_OR_DATA_BREAK
NIFTYCOMMODITIES,2016-01-07 09:15:00,0.4562231487164292,SUSPECTED_CORPORATE_ACTION_OR_DATA_BREAK
NIFTYCOMMODITIES,2016-01-08 09:15:00,0.4406463902204172,SUSPECTED_CORPORATE_ACTION_OR_DATA_BREAK
NIFTYCOMMODITIES,2016-01-11 09:15:00,0.43461110761419186,SUSPECTED_CORPORATE_ACTION_OR_DATA_BREAK
NIFTYCOMMODITIES,2016-01-12 09:15:00,0.44431277113532963,SUSPECTED_CORPORATE_ACTION_OR_DATA_BREAK
NIFTYCOMMODITIES,2016-01-13 09:15:00,0.4461092417412651,SUSPECTED_CORPORATE_ACTION_OR_DATA_BREAK
NIFTYCOMMODITIES,2016-01-14 09:15:00,0.45441967126306215,SUSPECTED_CORPORATE_ACTION_OR_DATA_BREAK
NIFTYCOMMODITIES,2016-01-15 09:15:00,0.45321481172529743,SUSPECTED_CORPORATE_ACTION_OR_DATA_BREAK
NIFTYCOMMODITIES,2016-01-18 09:15:00,0.4671200302242373,SUSPECTED_CORPORATE_ACTION_OR_DATA_BREAK
NIFTYCOMMODITIES,2016-01-19 09:15:00,0.4657178108751212,SUSPECTED_CORPORATE_ACTION_OR_DATA_BREAK
NIFTYCOMMODITIES,2016-01-20 09:15:00,0.48440997580663403,SUSPECTED_CORPORATE_ACTION_OR_DATA_BREAK
NIFTYCOMMODITIES,2016-01-21 09:15:00,0.4736278508122391,SUSPECTED_CORPORATE_ACTION_OR_DATA_BREAK
NIFTYCOMMODITIES,2016-01-22 09:15:00,0.45980329033547207,SUSPECTED_CORPORATE_ACTION_OR_DATA_BREAK
NIFTYCOMMODITIES,2016-01-25 09:15:00,0.44915085797575127,SUSPECTED_CORPORATE_ACTION_OR_DATA_BREAK
NIFTYCOMMODITIES,2016-01-27 09:15:00,0.4378930956114233,SUSPECTED_CORPORATE_ACTION_OR_DATA_BREAK
NIFTYCOMMODITIES,2016-01-28 09:15:00,0.4406831820280044,SUSPECTED_CORPORATE_ACTION_OR_DATA_BREAK
NIFTYCOMMODITIES,2016-01-29 09:15:00,0.4414120695239123,SUSPECTED_CORPORATE_ACTION_OR_DATA_BREAK
NIFTYCOMMODITIES,2016-02-01 09:15:00,0.43693819921967614,SUSPECTED_CORPORATE_ACTION_OR_DATA_BREAK
NIFTYCOMMODITIES,2016-02-02 09:15:00,0.4666089235347681,SUSPECTED_CORPORATE_ACTION_OR_DATA_BREAK
NIFTYCOMMODITIES,2016-02-03 09:15:00,0.4901947463768115,SUSPECTED_CORPORATE_ACTION_OR_DATA_BREAK
NIFTYCOMMODITIES,2016-02-04 09:15:00,0.47975294778214495,SUSPECTED_CORPORATE_ACTION_OR_DATA_BREAK
NIFTYCOMMODITIES,2016-02-05 09:15:00,0.47817499856079415,SUSPECTED_CORPORATE_ACTION_OR_DATA_BREAK
NIFTYCOMMODITIES,2016-02-08 09:15:00,0.48277250760694446,SUSPECTED_CORPORATE_ACTION_OR_DATA_BREAK
NIFTYCOMMODITIES,2016-02-09 09:15:00,0.4820312676246983,SUSPECTED_CORPORATE_ACTION_OR_DATA_BREAK
NIFTYCOMMODITIES,2016-02-10 09:15:00,0.47172524178343256,SUSPECTED_CORPORATE_ACTION_OR_DATA_BREAK
NIFTYCOMMODITIES,2016-02-11 09:15:00,0.47684350939598863,SUSPECTED_CORPORATE_ACTION_OR_DATA_BREAK
NIFTYCOMMODITIES,2016-02-12 09:15:00,0.5074235188424985,SUSPECTED_CORPORATE_ACTION_OR_DATA_BREAK
NIFTYCOMMODITIES,2016-02-15 09:15:00,0.46632745364088657,SUSPECTED_CORPORATE_ACTION_OR_DATA_BREAK
NIFTYCOMMODITIES,2016-02-16 09:15:00,0.4627150173391821,SUSPECTED_CORPORATE_ACTION_OR_DATA_BREAK
NIFTYCOMMODITIES,2016-02-17 09:15:00,0.4635708749373091,SUSPECTED_CORPORATE_ACTION_OR_DATA_BREAK
NIFTYCOMMODITIES,2016-02-18 09:15:00,0.4584835917778578,SUSPECTED_CORPORATE_ACTION_OR_DATA_BREAK
NIFTYCOMMODITIES,2016-02-19 09:15:00,0.46882337005598695,SUSPECTED_CORPORATE_ACTION_OR_DATA_BREAK
NIFTYCOMMODITIES,2016-02-22 09:15:00,0.46909848179497504,SUSPECTED_CORPORATE_ACTION_OR_DATA_BREAK
NIFTYCOMMODITIES,2016-02-23 09:15:00,0.47681301853587166,SUSPECTED_CORPORATE_ACTION_OR_DATA_BREAK
NIFTYCOMMODITIES,2016-02-24 09:15:00,0.4832182208773186,SUSPECTED_CORPORATE_ACTION_OR_DATA_BREAK
NIFTYCOMMODITIES,2016-02-25 09:15:00,0.4800101917909756,SUSPECTED_CORPORATE_ACTION_OR_DATA_BREAK
NIFTYCOMMODITIES,2016-02-26 09:15:00,0.4719972388403131,SUSPECTED_CORPORATE_ACTION_OR_DATA_BREAK
NIFTYCOMMODITIES,2016-02-29 09:15:00,0.4684433929441234,SUSPECTED_CORPORATE_ACTION_OR_DATA_BREAK
NIFTYCOMMODITIES,2016-03-01 09:15:00,0.48518570478211887,SUSPECTED_CORPORATE_ACTION_OR_DATA_BREAK
NIFTYCOMMODITIES,2016-03-02 09:15:00,0.46739106232326133,SUSPECTED_CORPORATE_ACTION_OR_DATA_BREAK
NIFTYCOMMODITIES,2016-03-03 09:15:00,0.4494726246225218,SUSPECTED_CORPORATE_ACTION_OR_DATA_BREAK
NIFTYCOMMODITIES,2016-03-04 09:15:00,0.4334932592319216,SUSPECTED_CORPORATE_ACTION_OR_DATA_BREAK
NIFTYCOMMODITIES,2016-03-08 09:15:00,0.4143972797410258,SUSPECTED_CORPORATE_ACTION_OR_DATA_BREAK
NIFTYCOMMODITIES,2016-03-09 09:15:00,0.42249357326478143,SUSPECTED_CORPORATE_ACTION_OR_DATA_BREAK
NIFTYCOMMODITIES,2016-03-10 09:15:00,0.4249376987196012,SUSPECTED_CORPORATE_ACTION_OR_DATA_BREAK
NIFTYCOMMODITIES,2016-03-11 09:15:00,0.4374039988124896,SUSPECTED_CORPORATE_ACTION_OR_DATA_BREAK
NIFTYCOMMODITIES,2016-03-14 09:15:00,0.44358345171983293,SUSPECTED_CORPORATE_ACTION_OR_DATA_BREAK
NIFTYCOMMODITIES,2016-03-15 09:15:00,0.4250758602879463,SUSPECTED_CORPORATE_ACTION_OR_DATA_BREAK
NIFTYCOMMODITIES,2016-03-16 09:15:00,0.4285775923441013,SUSPECTED_CORPORATE_ACTION_OR_DATA_BREAK
NIFTYCOMMODITIES,2016-03-17 09:15:00,0.415669576325314,SUSPECTED_CORPORATE_ACTION_OR_DATA_BREAK
NIFTYCOMMODITIES,2016-03-18 09:15:00,0.4073101013073268,SUSPECTED_CORPORATE_ACTION_OR_DATA_BREAK
NIFTYCOMMODITIES,2016-03-21 09:15:00,0.405209089965757,SUSPECTED_CORPORATE_ACTION_OR_DATA_BREAK
NIFTYCOMMODITIES,2016-03-22 09:15:00,0.400282680839281,SUSPECTED_CORPORATE_ACTION_OR_DATA_BREAK
NIFTYCOMMODITIES,2016-03-23 09:15:00,0.40257052024789797,SUSPECTED_CORPORATE_ACTION_OR_DATA_BREAK
NIFTYCOMMODITIES,2016-03-28 09:15:00,0.40449109308354925,SUSPECTED_CORPORATE_ACTION_OR_DATA_BREAK
NIFTYCOMMODITIES,2016-03-29 09:15:00,0.40517223371143274,SUSPECTED_CORPORATE_ACTION_OR_DATA_BREAK
NIFTYCOMMODITIES,2016-04-01 09:15:00,0.40096429233717257,SUSPECTED_CORPORATE_ACTION_OR_DATA_BREAK
NIFTYCOMMODITIES,2016-04-04 09:15:00,0.41517076881952564,SUSPECTED_CORPORATE_ACTION_OR_DATA_BREAK
NIFTYCOMMODITIES,2016-04-05 09:15:00,0.41243328100470955,SUSPECTED_CORPORATE_ACTION_OR_DATA_BREAK
NIFTYCOMMODITIES,2016-05-06 09:15:00,0.40136862232061987,SUSPECTED_CORPORATE_ACTION_OR_DATA_BREAK
NIFTYCOMMODITIES,2016-05-09 09:15:00,0.4056896963901504,SUSPECTED_CORPORATE_ACTION_OR_DATA_BREAK
NIFTYCOMMODITIES,2016-05-10 09:15:00,0.4172461473717961,SUSPECTED_CORPORATE_ACTION_OR_DATA_BREAK
NIFTYCOMMODITIES,2016-05-11 09:15:00,0.41918088326684444,SUSPECTED_CORPORATE_ACTION_OR_DATA_BREAK
NIFTYCOMMODITIES,2016-05-12 09:15:00,0.41339374022907815,SUSPECTED_CORPORATE_ACTION_OR_DATA_BREAK
NIFTYCOMMODITIES,2016-05-13 09:15:00,0.4180919725695844,SUSPECTED_CORPORATE_ACTION_OR_DATA_BREAK
NIFTYCOMMODITIES,2016-05-16 09:15:00,0.424003806160012,SUSPECTED_CORPORATE_ACTION_OR_DATA_BREAK
NIFTYCOMMODITIES,2016-05-17 09:15:00,0.4244964419249788,SUSPECTED_CORPORATE_ACTION_OR_DATA_BREAK
NIFTYCOMMODITIES,2016-05-18 09:15:00,0.4139945788575443,SUSPECTED_CORPORATE_ACTION_OR_DATA_BREAK
NIFTYCOMMODITIES,2016-05-19 09:15:00,0.41158215010141985,SUSPECTED_CORPORATE_ACTION_OR_DATA_BREAK
NIFTYCOMMODITIES,2016-05-20 09:15:00,0.41478151192123036,SUSPECTED_CORPORATE_ACTION_OR_DATA_BREAK
NIFTYCOMMODITIES,2016-05-23 09:15:00,0.4233610907012815,SUSPECTED_CORPORATE_ACTION_OR_DATA_BREAK
NIFTYCOMMODITIES,2016-05-24 09:15:00,0.4201983585524307,SUSPECTED_CORPORATE_ACTION_OR_DATA_BREAK
NIFTYCOMMODITIES,2016-05-25 09:15:00,0.4225346479211247,SUSPECTED_CORPORATE_ACTION_OR_DATA_BREAK
NIFTYCOMMODITIES,2016-05-26 09:15:00,0.4303799984100485,SUSPECTED_CORPORATE_ACTION_OR_DATA_BREAK
NIFTYCOMMODITIES,2016-05-27 09:15:00,0.4153422086681131,SUSPECTED_CORPORATE_ACTION_OR_DATA_BREAK
NIFTYCOMMODITIES,2016-05-30 09:15:00,0.4095666044195456,SUSPECTED_CORPORATE_ACTION_OR_DATA_BREAK
NIFTYCOMMODITIES,2016-05-31 09:15:00,0.4026781407074276,SUSPECTED_CORPORATE_ACTION_OR_DATA_BREAK
NIFTYCOMMODITIES,2016-06-01 09:15:00,0.41737196707863733,SUSPECTED_CORPORATE_ACTION_OR_DATA_BREAK
NIFTYCOMMODITIES,2016-06-02 09:15:00,0.4140795128249599,SUSPECTED_CORPORATE_ACTION_OR_DATA_BREAK
NIFTYCOMMODITIES,2016-06-03 09:15:00,0.41198545118642116,SUSPECTED_CORPORATE_ACTION_OR_DATA_BREAK
NIFTYCOMMODITIES,2016-06-06 09:15:00,0.4068205039230428,SUSPECTED_CORPORATE_ACTION_OR_DATA_BREAK
NIFTYCOMMODITIES,2016-06-07 09:15:00,0.40717909447688316,SUSPECTED_CORPORATE_ACTION_OR_DATA_BREAK
NIFTYCOMMODITIES,2016-06-08 09:15:00,0.40450852500286083,SUSPECTED_CORPORATE_ACTION_OR_DATA_BREAK
NIFTYGROWSECT15,2015-11-10 00:00:00,0.4472642542320542,SUSPECTED_CORPORATE_ACTION_OR_DATA_BREAK
NIFTYGROWSECT15,2015-11-11 00:00:00,0.4739948674080412,SUSPECTED_CORPORATE_ACTION_OR_DATA_BREAK
NIFTYGROWSECT15,2015-11-13 00:00:00,0.4442951307675953,SUSPECTED_CORPORATE_ACTION_OR_DATA_BREAK
NIFTYGROWSECT15,2015-11-16 00:00:00,0.45484395968363645,SUSPECTED_CORPORATE_ACTION_OR_DATA_BREAK
NIFTYGROWSECT15,2015-11-16 09:00:07,0.5538731772417718,SUSPECTED_CORPORATE_ACTION_OR_DATA_BREAK
NIFTYGROWSECT15,2015-11-16 09:15:00,-0.5570669849509627,SUSPECTED_CORPORATE_ACTION_OR_DATA_BREAK
NIFTYGROWSECT15,2015-11-17 00:00:00,0.4608913855541932,SUSPECTED_CORPORATE_ACTION_OR_DATA_BREAK
NIFTYGROWSECT15,2015-11-17 09:00:07,0.5520085103060588,SUSPECTED_CORPORATE_ACTION_OR_DATA_BREAK
NIFTYGROWSECT15,2015-11-17 16:05:33,-0.5592705549441912,SUSPECTED_CORPORATE_ACTION_OR_DATA_BREAK
NIFTYGROWSECT15,2015-11-18 00:00:00,0.4433175909940503,SUSPECTED_CORPORATE_ACTION_OR_DATA_BREAK
NIFTYGROWSECT15,2015-11-18 09:00:06,0.5530685720725439,SUSPECTED_CORPORATE_ACTION_OR_DATA_BREAK
NIFTYGROWSECT15,2015-11-18 16:05:40,-0.5624454982336654,SUSPECTED_CORPORATE_ACTION_OR_DATA_BREAK
NIFTYGROWSECT15,2015-11-19 00:00:00,0.49017776614006014,SUSPECTED_CORPORATE_ACTION_OR_DATA_BREAK
NIFTYGROWSECT15,2015-11-19 09:00:06,0.5548752511280015,SUSPECTED_CORPORATE_ACTION_OR_DATA_BREAK
NIFTYGROWSECT15,2015-11-19 16:04:54,-0.5615088084983488,SUSPECTED_CORPORATE_ACTION_OR_DATA_BREAK
NIFTYGROWSECT15,2015-11-20 00:00:00,0.4734973225279919,SUSPECTED_CORPORATE_ACTION_OR_DATA_BREAK
NIFTYGROWSECT15,2015-11-20 09:00:05,0.5517821050995024,SUSPECTED_CORPORATE_ACTION_OR_DATA_BREAK
NIFTYGROWSECT15,2015-11-20 16:06:06,-0.5602609942578759,SUSPECTED_CORPORATE_ACTION_OR_DATA_BREAK
NIFTYGROWSECT15,2015-11-23 00:00:00,0.46739480242079035,SUSPECTED_CORPORATE_ACTION_OR_DATA_BREAK
NIFTYGROWSECT15,2015-11-24 00:00:00,0.4582592997967334,SUSPECTED_CORPORATE_ACTION_OR_DATA_BREAK
NIFTYGROWSECT15,2015-11-26 00:00:00,0.4582663932091382,SUSPECTED_CORPORATE_ACTION_OR_DATA_BREAK
NIFTYGROWSECT15,2015-11-27 00:00:00,0.4518482902961225,SUSPECTED_CORPORATE_ACTION_OR_DATA_BREAK
NIFTYGROWSECT15,2015-11-30 00:00:00,0.4407423501212486,SUSPECTED_CORPORATE_ACTION_OR_DATA_BREAK
NIFTYGROWSECT15,2015-12-01 00:00:00,0.4440142567614789,SUSPECTED_CORPORATE_ACTION_OR_DATA_BREAK
NIFTYGROWSECT15,2015-12-02 00:00:00,0.44518597118284386,SUSPECTED_CORPORATE_ACTION_OR_DATA_BREAK
NIFTYGROWSECT15,2015-12-03 00:00:00,0.43872352965941164,SUSPECTED_CORPORATE_ACTION_OR_DATA_BREAK
NIFTYGROWSECT15,2015-12-04 00:00:00,0.4365909959922394,SUSPECTED_CORPORATE_ACTION_OR_DATA_BREAK
NIFTYGROWSECT15,2015-12-07 00:00:00,0.4406030524524036,SUSPECTED_CORPORATE_ACTION_OR_DATA_BREAK
NIFTYGROWSECT15,2015-12-08 00:00:00,0.4386528126119671,SUSPECTED_CORPORATE_ACTION_OR_DATA_BREAK
NIFTYGROWSECT15,2015-12-09 00:00:00,0.43752256871723016,SUSPECTED_CORPORATE_ACTION_OR_DATA_BREAK
NIFTYGROWSECT15,2015-12-10 00:00:00,0.4668655319646722,SUSPECTED_CORPORATE_ACTION_OR_DATA_BREAK
NIFTYGROWSECT15,2015-12-11 00:00:00,0.4504269793023592,SUSPECTED_CORPORATE_ACTION_OR_DATA_BREAK
NIFTYGROWSECT15,2015-12-14 00:00:00,0.4725441247317481,SUSPECTED_CORPORATE_ACTION_OR_DATA_BREAK
NIFTYGROWSECT15,2015-12-15 00:00:00,0.48045555167190956,SUSPECTED_CORPORATE_ACTION_OR_DATA_BREAK
NIFTYGROWSECT15,2015-12-16 00:00:00,0.4775669804489502,SUSPECTED_CORPORATE_ACTION_OR_DATA_BREAK
NIFTYGROWSECT15,2015-12-17 00:00:00,0.4760473040689517,SUSPECTED_CORPORATE_ACTION_OR_DATA_BREAK
NIFTYGROWSECT15,2015-12-18 00:00:00,0.4411923659154253,SUSPECTED_CORPORATE_ACTION_OR_DATA_BREAK
NIFTYGROWSECT15,2015-12-21 00:00:00,0.4769451210775184,SUSPECTED_CORPORATE_ACTION_OR_DATA_BREAK
NIFTYGROWSECT15,2015-12-22 00:00:00,0.4436996181586763,SUSPECTED_CORPORATE_ACTION_OR_DATA_BREAK
NIFTYGROWSECT15,2015-12-23 00:00:00,0.46366285267571605,SUSPECTED_CORPORATE_ACTION_OR_DATA_BREAK
NIFTYGROWSECT15,2015-12-24 00:00:00,0.44565903764927106,SUSPECTED_CORPORATE_ACTION_OR_DATA_BREAK
NIFTYGROWSECT15,2015-12-28 00:00:00,0.4627181816903192,SUSPECTED_CORPORATE_ACTION_OR_DATA_BREAK
NIFTYGROWSECT15,2015-12-29 00:00:00,0.44806534344335414,SUSPECTED_CORPORATE_ACTION_OR_DATA_BREAK
NIFTYGROWSECT15,2015-12-30 00:00:00,0.43549105899392804,SUSPECTED_CORPORATE_ACTION_OR_DATA_BREAK
NIFTYGROWSECT15,2015-12-31 00:00:00,0.45995191699354687,SUSPECTED_CORPORATE_ACTION_OR_DATA_BREAK
NIFTYGROWSECT15,2016-01-01 00:00:00,0.4474070142603741,SUSPECTED_CORPORATE_ACTION_OR_DATA_BREAK
NIFTYGROWSECT15,2016-01-04 00:00:00,0.42901036283902694,SUSPECTED_CORPORATE_ACTION_OR_DATA_BREAK
NIFTYGROWSECT15,2016-01-05 00:00:00,0.4544418160572292,SUSPECTED_CORPORATE_ACTION_OR_DATA_BREAK
NIFTYGROWSECT15,2016-01-06 00:00:00,0.44454268031828414,SUSPECTED_CORPORATE_ACTION_OR_DATA_BREAK
NIFTYGROWSECT15,2016-01-07 00:00:00,0.41847942524959647,SUSPECTED_CORPORATE_ACTION_OR_DATA_BREAK
NIFTYGROWSECT15,2016-01-08 00:00:00,0.4545428021240592,SUSPECTED_CORPORATE_ACTION_OR_DATA_BREAK
NIFTYGROWSECT15,2016-01-11 00:00:00,0.4391136409839398,SUSPECTED_CORPORATE_ACTION_OR_DATA_BREAK
NIFTYGROWSECT15,2016-01-12 00:00:00,0.44216693207883484,SUSPECTED_CORPORATE_ACTION_OR_DATA_BREAK
NIFTYGROWSECT15,2016-01-13 00:00:00,0.45930194853049566,SUSPECTED_CORPORATE_ACTION_OR_DATA_BREAK
NIFTYGROWSECT15,2016-01-14 00:00:00,0.45851209759799194,SUSPECTED_CORPORATE_ACTION_OR_DATA_BREAK
NIFTYGROWSECT15,2016-01-15 00:00:00,0.4507952286282306,SUSPECTED_CORPORATE_ACTION_OR_DATA_BREAK
NIFTYGROWSECT15,2016-01-18 00:00:00,0.4655433267080007,SUSPECTED_CORPORATE_ACTION_OR_DATA_BREAK
NIFTYGROWSECT15,2016-01-19 00:00:00,0.4882224727546034,SUSPECTED_CORPORATE_ACTION_OR_DATA_BREAK
NIFTYGROWSECT15,2016-01-20 00:00:00,0.4527762947143621,SUSPECTED_CORPORATE_ACTION_OR_DATA_BREAK
NIFTYGROWSECT15,2016-01-21 00:00:00,0.466741179313678,SUSPECTED_CORPORATE_ACTION_OR_DATA_BREAK
NIFTYGROWSECT15,2016-01-22 00:00:00,0.49217617206379893,SUSPECTED_CORPORATE_ACTION_OR_DATA_BREAK
NIFTYGROWSECT15,2016-01-25 00:00:00,0.4647878976456119,SUSPECTED_CORPORATE_ACTION_OR_DATA_BREAK
NIFTYGROWSECT15,2016-01-27 00:00:00,0.46172660593872017,SUSPECTED_CORPORATE_ACTION_OR_DATA_BREAK
NIFTYGROWSECT15,2016-01-28 00:00:00,0.4683941195610377,SUSPECTED_CORPORATE_ACTION_OR_DATA_BREAK
NIFTYGROWSECT15,2016-01-29 00:00:00,0.503195711408601,SUSPECTED_CORPORATE_ACTION_OR_DATA_BREAK
NIFTYGROWSECT15,2016-02-01 00:00:00,0.48084858205146896,SUSPECTED_CORPORATE_ACTION_OR_DATA_BREAK
NIFTYGROWSECT15,2016-02-02 00:00:00,0.48821340862634366,SUSPECTED_CORPORATE_ACTION_OR_DATA_BREAK
NIFTYGROWSECT15,2016-02-03 00:00:00,0.5003805345391055,SUSPECTED_CORPORATE_ACTION_OR_DATA_BREAK
NIFTYGROWSECT15,2016-02-04 00:00:00,0.5284752175558078,SUSPECTED_CORPORATE_ACTION_OR_DATA_BREAK
NIFTYGROWSECT15,2016-02-05 00:00:00,0.5383010118043845,SUSPECTED_CORPORATE_ACTION_OR_DATA_BREAK
NIFTYGROWSECT15,2016-02-08 00:00:00,0.5000447614216228,SUSPECTED_CORPORATE_ACTION_OR_DATA_BREAK
NIFTYGROWSECT15,2016-02-09 00:00:00,0.48903921775420733,SUSPECTED_CORPORATE_ACTION_OR_DATA_BREAK
NIFTYGROWSECT15,2016-02-10 00:00:00,0.5014131083791358,SUSPECTED_CORPORATE_ACTION_OR_DATA_BREAK
NIFTYGROWSECT15,2016-02-11 00:00:00,0.46731316862926175,SUSPECTED_CORPORATE_ACTION_OR_DATA_BREAK
NIFTYGROWSECT15,2016-02-12 00:00:00,0.5201957606381291,SUSPECTED_CORPORATE_ACTION_OR_DATA_BREAK
NIFTYGROWSECT15,2016-02-15 00:00:00,0.5465136664276038,SUSPECTED_CORPORATE_ACTION_OR_DATA_BREAK
NIFTYGROWSECT15,2016-02-16 00:00:00,0.4820348191134707,SUSPECTED_CORPORATE_ACTION_OR_DATA_BREAK
NIFTYGROWSECT15,2016-02-17 00:00:00,0.5231848133040478,SUSPECTED_CORPORATE_ACTION_OR_DATA_BREAK
NIFTYGROWSECT15,2016-02-18 00:00:00,0.537739965095986,SUSPECTED_CORPORATE_ACTION_OR_DATA_BREAK
NIFTYGROWSECT15,2016-02-19 00:00:00,0.5222035906035107,SUSPECTED_CORPORATE_ACTION_OR_DATA_BREAK
NIFTYGROWSECT15,2016-02-22 00:00:00,0.5158498180817563,SUSPECTED_CORPORATE_ACTION_OR_DATA_BREAK
NIFTYGROWSECT15,2016-02-23 00:00:00,0.4864096128983193,SUSPECTED_CORPORATE_ACTION_OR_DATA_BREAK
NIFTYGROWSECT15,2016-02-24 00:00:00,0.4979747031892605,SUSPECTED_CORPORATE_ACTION_OR_DATA_BREAK
NIFTYGROWSECT15,2016-02-25 00:00:00,0.5016522842242095,SUSPECTED_CORPORATE_ACTION_OR_DATA_BREAK
NIFTYGROWSECT15,2016-02-26 00:00:00,0.5171445252710145,SUSPECTED_CORPORATE_ACTION_OR_DATA_BREAK
NIFTYGROWSECT15,2016-02-29 00:00:00,0.4899680230735468,SUSPECTED_CORPORATE_ACTION_OR_DATA_BREAK
NIFTYGROWSECT15,2016-03-01 00:00:00,0.5677182313442293,SUSPECTED_CORPORATE_ACTION_OR_DATA_BREAK
NIFTYGROWSECT15,2016-03-02 00:00:00,0.5370554950700015,SUSPECTED_CORPORATE_ACTION_OR_DATA_BREAK
NIFTYGROWSECT15,2016-03-03 00:00:00,0.5049037089871611,SUSPECTED_CORPORATE_ACTION_OR_DATA_BREAK
NIFTYGROWSECT15,2016-03-04 00:00:00,0.48173616621117277,SUSPECTED_CORPORATE_ACTION_OR_DATA_BREAK
NIFTYGROWSECT15,2016-03-08 00:00:00,0.4763377350471194,SUSPECTED_CORPORATE_ACTION_OR_DATA_BREAK
NIFTYGROWSECT15,2016-03-09 00:00:00,0.48919479373483354,SUSPECTED_CORPORATE_ACTION_OR_DATA_BREAK
NIFTYGROWSECT15,2016-03-10 00:00:00,0.47190781199730947,SUSPECTED_CORPORATE_ACTION_OR_DATA_BREAK
NIFTYGROWSECT15,2016-03-11 00:00:00,0.5016348814156151,SUSPECTED_CORPORATE_ACTION_OR_DATA_BREAK
NIFTYGROWSECT15,2016-03-14 00:00:00,0.5036791867371968,SUSPECTED_CORPORATE_ACTION_OR_DATA_BREAK
NIFTYGROWSECT15,2016-03-15 00:00:00,0.4690545887821598,SUSPECTED_CORPORATE_ACTION_OR_DATA_BREAK
NIFTYGROWSECT15,2016-03-16 00:00:00,0.4799887884107572,SUSPECTED_CORPORATE_ACTION_OR_DATA_BREAK
NIFTYGROWSECT15,2016-03-17 00:00:00,0.4738836304938001,SUSPECTED_CORPORATE_ACTION_OR_DATA_BREAK
NIFTYGROWSECT15,2016-03-18 00:00:00,0.4783809801633607,SUSPECTED_CORPORATE_ACTION_OR_DATA_BREAK
NIFTYGROWSECT15,2016-03-21 00:00:00,0.4661729670771262,SUSPECTED_CORPORATE_ACTION_OR_DATA_BREAK
NIFTYGROWSECT15,2016-03-22 00:00:00,0.4435992052228215,SUSPECTED_CORPORATE_ACTION_OR_DATA_BREAK
NIFTYGROWSECT15,2016-03-23 00:00:00,0.44736655561068983,SUSPECTED_CORPORATE_ACTION_OR_DATA_BREAK
NIFTYGROWSECT15,2016-03-28 00:00:00,0.43720416087979386,SUSPECTED_CORPORATE_ACTION_OR_DATA_BREAK
NIFTYGROWSECT15,2016-03-29 00:00:00,0.449660186502292,SUSPECTED_CORPORATE_ACTION_OR_DATA_BREAK
NIFTYGROWSECT15,2016-03-30 00:00:00,0.4702842377260983,SUSPECTED_CORPORATE_ACTION_OR_DATA_BREAK
NIFTYGROWSECT15,2016-03-31 00:00:00,0.4460773294368887,SUSPECTED_CORPORATE_ACTION_OR_DATA_BREAK
NIFTYGROWSECT15,2016-04-01 00:00:00,0.4421317442693913,SUSPECTED_CORPORATE_ACTION_OR_DATA_BREAK
NIFTYGROWSECT15,2016-04-04 00:00:00,0.46378595582721394,SUSPECTED_CORPORATE_ACTION_OR_DATA_BREAK
NIFTYGROWSECT15,2016-04-05 00:00:00,0.43448179075152615,SUSPECTED_CORPORATE_ACTION_OR_DATA_BREAK
NIFTYGROWSECT15,2016-04-06 00:00:00,0.46672406371071884,SUSPECTED_CORPORATE_ACTION_OR_DATA_BREAK
NIFTYGROWSECT15,2016-04-07 00:00:00,0.4546735286507002,SUSPECTED_CORPORATE_ACTION_OR_DATA_BREAK
NIFTYGROWSECT15,2016-04-08 00:00:00,0.4565509664175327,SUSPECTED_CORPORATE_ACTION_OR_DATA_BREAK
NIFTYGROWSECT15,2016-04-11 00:00:00,0.48495721537345915,SUSPECTED_CORPORATE_ACTION_OR_DATA_BREAK
NIFTYGROWSECT15,2016-04-12 00:00:00,0.46678065113628264,SUSPECTED_CORPORATE_ACTION_OR_DATA_BREAK
NIFTYGROWSECT15,2016-04-13 00:00:00,0.47940976549223957,SUSPECTED_CORPORATE_ACTION_OR_DATA_BREAK
NIFTYGROWSECT15,2016-04-18 00:00:00,0.47210144927536213,SUSPECTED_CORPORATE_ACTION_OR_DATA_BREAK
NIFTYGROWSECT15,2016-04-20 00:00:00,0.45764497172635554,SUSPECTED_CORPORATE_ACTION_OR_DATA_BREAK
NIFTYGROWSECT15,2016-04-21 00:00:00,0.44443056769770894,SUSPECTED_CORPORATE_ACTION_OR_DATA_BREAK
NIFTYGROWSECT15,2016-04-22 00:00:00,0.42802403793141486,SUSPECTED_CORPORATE_ACTION_OR_DATA_BREAK
NIFTYGROWSECT15,2016-04-25 00:00:00,0.4235553716728728,SUSPECTED_CORPORATE_ACTION_OR_DATA_BREAK
NIFTYGROWSECT15,2016-04-26 00:00:00,0.44701762157223723,SUSPECTED_CORPORATE_ACTION_OR_DATA_BREAK
NIFTYGROWSECT15,2016-04-27 00:00:00,0.4439257469244289,SUSPECTED_CORPORATE_ACTION_OR_DATA_BREAK
NIFTYGROWSECT15,2016-04-28 00:00:00,0.42183979200198096,SUSPECTED_CORPORATE_ACTION_OR_DATA_BREAK
NIFTYGROWSECT15,2016-04-29 00:00:00,0.44367822523114797,SUSPECTED_CORPORATE_ACTION_OR_DATA_BREAK
NIFTYGROWSECT15,2016-05-02 00:00:00,0.4473547170342429,SUSPECTED_CORPORATE_ACTION_OR_DATA_BREAK
NIFTYGROWSECT15,2016-05-03 00:00:00,0.44182282793867134,SUSPECTED_CORPORATE_ACTION_OR_DATA_BREAK
NIFTYGROWSECT15,2016-05-04 00:00:00,0.4602192616464764,SUSPECTED_CORPORATE_ACTION_OR_DATA_BREAK
NIFTYGROWSECT15,2016-05-05 00:00:00,0.4725506940122446,SUSPECTED_CORPORATE_ACTION_OR_DATA_BREAK
NIFTYGROWSECT15,2016-05-06 00:00:00,0.47088875365846605,SUSPECTED_CORPORATE_ACTION_OR_DATA_BREAK
NIFTYGROWSECT15,2016-05-09 00:00:00,0.48821587816318246,SUSPECTED_CORPORATE_ACTION_OR_DATA_BREAK
NIFTYGROWSECT15,2016-05-10 00:00:00,0.4693465047755967,SUSPECTED_CORPORATE_ACTION_OR_DATA_BREAK
NIFTYGROWSECT15,2016-05-11 00:00:00,0.45522070705638873,SUSPECTED_CORPORATE_ACTION_OR_DATA_BREAK
NIFTYGROWSECT15,2016-05-12 00:00:00,0.47262334107853055,SUSPECTED_CORPORATE_ACTION_OR_DATA_BREAK
NIFTYGROWSECT15,2016-05-13 00:00:00,0.44588646879584704,SUSPECTED_CORPORATE_ACTION_OR_DATA_BREAK
NIFTYGROWSECT15,2016-05-16 00:00:00,0.48011140469899316,SUSPECTED_CORPORATE_ACTION_OR_DATA_BREAK
NIFTYGROWSECT15,2016-05-17 00:00:00,0.48927573608424657,SUSPECTED_CORPORATE_ACTION_OR_DATA_BREAK
NIFTYGROWSECT15,2016-05-18 00:00:00,0.4800519206356,SUSPECTED_CORPORATE_ACTION_OR_DATA_BREAK
NIFTYGROWSECT15,2016-05-19 00:00:00,0.4718937446443874,SUSPECTED_CORPORATE_ACTION_OR_DATA_BREAK
NIFTYGROWSECT15,2016-05-20 00:00:00,0.4830662624512778,SUSPECTED_CORPORATE_ACTION_OR_DATA_BREAK
NIFTYGROWSECT15,2016-05-23 00:00:00,0.49581151832460746,SUSPECTED_CORPORATE_ACTION_OR_DATA_BREAK
NIFTYGROWSECT15,2016-05-24 00:00:00,0.5031474161908944,SUSPECTED_CORPORATE_ACTION_OR_DATA_BREAK
NIFTYGROWSECT15,2016-05-25 00:00:00,0.5306763249748077,SUSPECTED_CORPORATE_ACTION_OR_DATA_BREAK
NIFTYGROWSECT15,2016-05-26 00:00:00,0.5130295717733069,SUSPECTED_CORPORATE_ACTION_OR_DATA_BREAK
NIFTYGROWSECT15,2016-05-27 00:00:00,0.5052205892713719,SUSPECTED_CORPORATE_ACTION_OR_DATA_BREAK
NIFTYGROWSECT15,2016-05-30 00:00:00,0.49141046311224756,SUSPECTED_CORPORATE_ACTION_OR_DATA_BREAK
NIFTYGROWSECT15,2016-05-31 00:00:00,0.4671756145959651,SUSPECTED_CORPORATE_ACTION_OR_DATA_BREAK
NIFTYGROWSECT15,2016-06-01 00:00:00,0.4956938993440305,SUSPECTED_CORPORATE_ACTION_OR_DATA_BREAK
NIFTYGROWSECT15,2016-06-02 00:00:00,0.49452162952086764,SUSPECTED_CORPORATE_ACTION_OR_DATA_BREAK
NIFTYGROWSECT15,2016-06-03 00:00:00,0.48383370236408885,SUSPECTED_CORPORATE_ACTION_OR_DATA_BREAK
NIFTYGROWSECT15,2016-06-06 00:00:00,0.4723227008659434,SUSPECTED_CORPORATE_ACTION_OR_DATA_BREAK
NIFTYGROWSECT15,2016-06-07 00:00:00,0.48834648054075647,SUSPECTED_CORPORATE_ACTION_OR_DATA_BREAK
NIFTYGROWSECT15,2016-06-08 00:00:00,0.4700985134417026,SUSPECTED_CORPORATE_ACTION_OR_DATA_BREAK
NIFTYGROWSECT15,2016-06-09 00:00:00,0.4406943367478813,SUSPECTED_CORPORATE_ACTION_OR_DATA_BREAK
NIFTYGROWSECT15,2016-06-10 00:00:00,0.4416382626312403,SUSPECTED_CORPORATE_ACTION_OR_DATA_BREAK
NIFTYGROWSECT15,2016-06-13 00:00:00,0.44923347920623113,SUSPECTED_CORPORATE_ACTION_OR_DATA_BREAK
NIFTYGROWSECT15,2016-06-14 00:00:00,0.4600036101584304,SUSPECTED_CORPORATE_ACTION_OR_DATA_BREAK
NIFTYGROWSECT15,2016-06-15 00:00:00,0.47745494462739857,SUSPECTED_CORPORATE_ACTION_OR_DATA_BREAK
NIFTYGROWSECT15,2016-06-16 00:00:00,0.4512876095874436,SUSPECTED_CORPORATE_ACTION_OR_DATA_BREAK
NIFTYGROWSECT15,2016-06-17 00:00:00,0.46898517042939347,SUSPECTED_CORPORATE_ACTION_OR_DATA_BREAK
NIFTYGROWSECT15,2016-06-20 00:00:00,0.478295664652151,SUSPECTED_CORPORATE_ACTION_OR_DATA_BREAK
NIFTYGROWSECT15,2016-06-21 00:00:00,0.45831230649626997,SUSPECTED_CORPORATE_ACTION_OR_DATA_BREAK
NIFTYGROWSECT15,2016-06-22 00:00:00,0.461598435213175,SUSPECTED_CORPORATE_ACTION_OR_DATA_BREAK
NIFTYGROWSECT15,2016-06-23 00:00:00,0.4705415320593551,SUSPECTED_CORPORATE_ACTION_OR_DATA_BREAK
NIFTYGROWSECT15,2016-06-24 00:00:00,0.4419757795365691,SUSPECTED_CORPORATE_ACTION_OR_DATA_BREAK
NIFTYGROWSECT15,2016-06-27 00:00:00,0.4683855125844074,SUSPECTED_CORPORATE_ACTION_OR_DATA_BREAK
NIFTYGROWSECT15,2016-06-28 00:00:00,0.48251317116915127,SUSPECTED_CORPORATE_ACTION_OR_DATA_BREAK
NIFTYGROWSECT15,2016-06-29 00:00:00,0.4962418667264976,SUSPECTED_CORPORATE_ACTION_OR_DATA_BREAK
NIFTYGROWSECT15,2016-06-30 00:00:00,0.49296711520073155,SUSPECTED_CORPORATE_ACTION_OR_DATA_BREAK
NIFTYGROWSECT15,2016-07-01 00:00:00,0.48096079801592206,SUSPECTED_CORPORATE_ACTION_OR_DATA_BREAK
NIFTYGROWSECT15,2016-07-04 00:00:00,0.4728510498687666,SUSPECTED_CORPORATE_ACTION_OR_DATA_BREAK
NIFTYGROWSECT15,2016-07-05 00:00:00,0.4495747758954043,SUSPECTED_CORPORATE_ACTION_OR_DATA_BREAK
NIFTYGROWSECT15,2016-07-07 00:00:00,0.459125139330669,SUSPECTED_CORPORATE_ACTION_OR_DATA_BREAK
NIFTYGROWSECT15,2016-07-08 00:00:00,0.4740662621724898,SUSPECTED_CORPORATE_ACTION_OR_DATA_BREAK
NIFTYGROWSECT15,2016-07-11 00:00:00,0.5004398504508467,SUSPECTED_CORPORATE_ACTION_OR_DATA_BREAK
NIFTYGROWSECT15,2016-07-12 00:00:00,0.47622200900036504,SUSPECTED_CORPORATE_ACTION_OR_DATA_BREAK
NIFTYGROWSECT15,2016-07-13 00:00:00,0.4621194903811445,SUSPECTED_CORPORATE_ACTION_OR_DATA_BREAK
NIFTYGROWSECT15,2016-07-14 00:00:00,0.45897585876847824,SUSPECTED_CORPORATE_ACTION_OR_DATA_BREAK
NIFTYGROWSECT15,2016-07-15 00:00:00,0.4274913090029475,SUSPECTED_CORPORATE_ACTION_OR_DATA_BREAK
NIFTYGROWSECT15,2016-07-18 00:00:00,0.4475081808915833,SUSPECTED_CORPORATE_ACTION_OR_DATA_BREAK
NIFTYGROWSECT15,2016-07-19 00:00:00,0.4587448060007555,SUSPECTED_CORPORATE_ACTION_OR_DATA_BREAK
NIFTYGROWSECT15,2016-07-20 00:00:00,0.45936443179988196,SUSPECTED_CORPORATE_ACTION_OR_DATA_BREAK
NIFTYGROWSECT15,2016-07-21 00:00:00,0.452700894052144,SUSPECTED_CORPORATE_ACTION_OR_DATA_BREAK
NIFTYGROWSECT15,2016-07-22 00:00:00,0.4650213548142941,SUSPECTED_CORPORATE_ACTION_OR_DATA_BREAK
NIFTYGROWSECT15,2016-07-25 00:00:00,0.4773654766087403,SUSPECTED_CORPORATE_ACTION_OR_DATA_BREAK
NIFTYGROWSECT15,2016-07-26 00:00:00,0.45145605129575217,SUSPECTED_CORPORATE_ACTION_OR_DATA_BREAK
NIFTYGROWSECT15,2016-07-27 00:00:00,0.4518304044181711,SUSPECTED_CORPORATE_ACTION_OR_DATA_BREAK
NIFTYGROWSECT15,2016-07-28 00:00:00,0.4649647511215551,SUSPECTED_CORPORATE_ACTION_OR_DATA_BREAK
NIFTYGROWSECT15,2016-07-29 00:00:00,0.46431093523070954,SUSPECTED_CORPORATE_ACTION_OR_DATA_BREAK
NIFTYGROWSECT15,2016-08-01 00:00:00,0.49002669385236564,SUSPECTED_CORPORATE_ACTION_OR_DATA_BREAK
NIFTYGROWSECT15,2016-08-02 00:00:00,0.4995577711666801,SUSPECTED_CORPORATE_ACTION_OR_DATA_BREAK
NIFTYGROWSECT15,2016-08-03 00:00:00,0.48584626953859367,SUSPECTED_CORPORATE_ACTION_OR_DATA_BREAK
NIFTYGROWSECT15,2016-08-04 00:00:00,0.4947772906857173,SUSPECTED_CORPORATE_ACTION_OR_DATA_BREAK
NIFTYGROWSECT15,2016-08-05 00:00:00,0.5082730163025095,SUSPECTED_CORPORATE_ACTION_OR_DATA_BREAK
NIFTYGROWSECT15,2016-08-08 00:00:00,0.4879237344553031,SUSPECTED_CORPORATE_ACTION_OR_DATA_BREAK
NIFTYGROWSECT15,2016-08-09 00:00:00,0.47588642126083536,SUSPECTED_CORPORATE_ACTION_OR_DATA_BREAK
NIFTYGROWSECT15,2016-08-10 00:00:00,0.46128865501106797,SUSPECTED_CORPORATE_ACTION_OR_DATA_BREAK
NIFTYGROWSECT15,2016-08-11 00:00:00,0.4907293285461658,SUSPECTED_CORPORATE_ACTION_OR_DATA_BREAK
NIFTYGROWSECT15,2016-08-12 00:00:00,0.4875821182502804,SUSPECTED_CORPORATE_ACTION_OR_DATA_BREAK
NIFTYGROWSECT15,2016-08-16 00:00:00,0.4607281463685087,SUSPECTED_CORPORATE_ACTION_OR_DATA_BREAK
NIFTYGROWSECT15,2016-08-17 00:00:00,0.4577458249877302,SUSPECTED_CORPORATE_ACTION_OR_DATA_BREAK
NIFTYGROWSECT15,2016-08-18 00:00:00,0.4613898842429165,SUSPECTED_CORPORATE_ACTION_OR_DATA_BREAK
NIFTYGROWSECT15,2016-08-19 00:00:00,0.44801707792466083,SUSPECTED_CORPORATE_ACTION_OR_DATA_BREAK
NIFTYGROWSECT15,2016-08-22 00:00:00,0.4418358013071202,SUSPECTED_CORPORATE_ACTION_OR_DATA_BREAK
NIFTYGROWSECT15,2016-08-23 00:00:00,0.45818924656528304,SUSPECTED_CORPORATE_ACTION_OR_DATA_BREAK
NIFTYGROWSECT15,2016-08-24 00:00:00,0.45755941681645695,SUSPECTED_CORPORATE_ACTION_OR_DATA_BREAK
NIFTYGROWSECT15,2016-08-25 00:00:00,0.4496449751349627,SUSPECTED_CORPORATE_ACTION_OR_DATA_BREAK
NIFTYGROWSECT15,2016-08-26 00:00:00,0.4526953653926076,SUSPECTED_CORPORATE_ACTION_OR_DATA_BREAK
NIFTYGROWSECT15,2016-08-29 00:00:00,0.4559915879157175,SUSPECTED_CORPORATE_ACTION_OR_DATA_BREAK
NIFTYGROWSECT15,2016-08-30 00:00:00,0.476686574359249,SUSPECTED_CORPORATE_ACTION_OR_DATA_BREAK
NIFTYGROWSECT15,2016-08-31 00:00:00,0.453705414895583,SUSPECTED_CORPORATE_ACTION_OR_DATA_BREAK
NIFTYGROWSECT15,2016-09-01 00:00:00,0.460531367072186,SUSPECTED_CORPORATE_ACTION_OR_DATA_BREAK
NIFTYGROWSECT15,2016-09-02 00:00:00,0.4723411042292458,SUSPECTED_CORPORATE_ACTION_OR_DATA_BREAK
NIFTYGROWSECT15,2016-09-06 00:00:00,0.4830185167953849,SUSPECTED_CORPORATE_ACTION_OR_DATA_BREAK
NIFTYGROWSECT15,2016-09-07 00:00:00,0.4556251716785913,SUSPECTED_CORPORATE_ACTION_OR_DATA_BREAK
NIFTYGROWSECT15,2016-09-08 00:00:00,0.4537149419886979,SUSPECTED_CORPORATE_ACTION_OR_DATA_BREAK
NIFTYGROWSECT15,2016-09-09 00:00:00,0.44422792723277915,SUSPECTED_CORPORATE_ACTION_OR_DATA_BREAK
NIFTYGROWSECT15,2016-09-12 00:00:00,0.43617258523658964,SUSPECTED_CORPORATE_ACTION_OR_DATA_BREAK
NIFTYGROWSECT15,2016-09-14 00:00:00,0.4508215229720933,SUSPECTED_CORPORATE_ACTION_OR_DATA_BREAK
NIFTYGROWSECT15,2016-09-15 00:00:00,0.4521274479905595,SUSPECTED_CORPORATE_ACTION_OR_DATA_BREAK
NIFTYGROWSECT15,2016-09-16 00:00:00,0.47156372913787603,SUSPECTED_CORPORATE_ACTION_OR_DATA_BREAK
NIFTYGROWSECT15,2016-09-19 00:00:00,0.4640236498970598,SUSPECTED_CORPORATE_ACTION_OR_DATA_BREAK
NIFTYGROWSECT15,2016-09-20 00:00:00,0.44853471921466714,SUSPECTED_CORPORATE_ACTION_OR_DATA_BREAK
NIFTYGROWSECT15,2016-09-21 00:00:00,0.4580612823658212,SUSPECTED_CORPORATE_ACTION_OR_DATA_BREAK
NIFTYGROWSECT15,2016-09-22 00:00:00,0.4631015760898214,SUSPECTED_CORPORATE_ACTION_OR_DATA_BREAK
NIFTYGROWSECT15,2016-09-23 00:00:00,0.44755253900375336,SUSPECTED_CORPORATE_ACTION_OR_DATA_BREAK
NIFTYGROWSECT15,2016-09-26 00:00:00,0.4448115629154763,SUSPECTED_CORPORATE_ACTION_OR_DATA_BREAK
NIFTYGROWSECT15,2016-09-27 00:00:00,0.46451243695018585,SUSPECTED_CORPORATE_ACTION_OR_DATA_BREAK
NIFTYGROWSECT15,2016-09-28 00:00:00,0.46901569871265236,SUSPECTED_CORPORATE_ACTION_OR_DATA_BREAK
NIFTYGROWSECT15,2016-09-29 00:00:00,0.44813090328588534,SUSPECTED_CORPORATE_ACTION_OR_DATA_BREAK
NIFTYGROWSECT15,2016-09-30 00:00:00,0.4705436840681634,SUSPECTED_CORPORATE_ACTION_OR_DATA_BREAK
NIFTYGROWSECT15,2016-10-03 00:00:00,0.4785427933381765,SUSPECTED_CORPORATE_ACTION_OR_DATA_BREAK
NIFTYGROWSECT15,2016-10-04 00:00:00,0.4652850845064793,SUSPECTED_CORPORATE_ACTION_OR_DATA_BREAK
NIFTYGROWSECT15,2016-10-05 00:00:00,0.4517186673717608,SUSPECTED_CORPORATE_ACTION_OR_DATA_BREAK
NIFTYGROWSECT15,2016-10-06 00:00:00,0.4446324695928081,SUSPECTED_CORPORATE_ACTION_OR_DATA_BREAK
NIFTYGROWSECT15,2016-10-07 00:00:00,0.45173126959770493,SUSPECTED_CORPORATE_ACTION_OR_DATA_BREAK
NIFTYGROWSECT15,2016-10-10 00:00:00,0.4657946475143444,SUSPECTED_CORPORATE_ACTION_OR_DATA_BREAK
NIFTYGROWSECT15,2016-10-13 00:00:00,0.4574716945822028,SUSPECTED_CORPORATE_ACTION_OR_DATA_BREAK
NIFTYGROWSECT15,2016-10-14 00:00:00,0.4710997164909996,SUSPECTED_CORPORATE_ACTION_OR_DATA_BREAK
NIFTYGROWSECT15,2016-10-17 00:00:00,0.45815383781733443,SUSPECTED_CORPORATE_ACTION_OR_DATA_BREAK
NIFTYGROWSECT15,2016-10-18 00:00:00,0.4753168148288254,SUSPECTED_CORPORATE_ACTION_OR_DATA_BREAK
NIFTYGROWSECT15,2016-10-19 00:00:00,0.4420510915988012,SUSPECTED_CORPORATE_ACTION_OR_DATA_BREAK
NIFTYGROWSECT15,2016-10-20 00:00:00,0.4418555250195828,SUSPECTED_CORPORATE_ACTION_OR_DATA_BREAK
NIFTYGROWSECT15,2016-10-21 00:00:00,0.43842026864924,SUSPECTED_CORPORATE_ACTION_OR_DATA_BREAK
NIFTYGROWSECT15,2016-10-24 00:00:00,0.43463270940385446,SUSPECTED_CORPORATE_ACTION_OR_DATA_BREAK
NIFTYGROWSECT15,2016-10-25 00:00:00,0.42588861232929043,SUSPECTED_CORPORATE_ACTION_OR_DATA_BREAK
NIFTYGROWSECT15,2016-10-26 00:00:00,0.4295821124046355,SUSPECTED_CORPORATE_ACTION_OR_DATA_BREAK
NIFTYGROWSECT15,2016-10-27 00:00:00,0.4416230086603228,SUSPECTED_CORPORATE_ACTION_OR_DATA_BREAK
NIFTYGROWSECT15,2016-10-28 00:00:00,0.4434423703147823,SUSPECTED_CORPORATE_ACTION_OR_DATA_BREAK
NIFTYGROWSECT15,2016-10-30 00:00:00,0.44823417202885496,SUSPECTED_CORPORATE_ACTION_OR_DATA_BREAK
NIFTYGROWSECT15,2016-11-01 00:00:00,0.44172430000671437,SUSPECTED_CORPORATE_ACTION_OR_DATA_BREAK
NIFTYGROWSECT15,2016-11-02 00:00:00,0.43074331154390455,SUSPECTED_CORPORATE_ACTION_OR_DATA_BREAK
NIFTYGROWSECT15,2016-11-03 00:00:00,0.44866358438431875,SUSPECTED_CORPORATE_ACTION_OR_DATA_BREAK
NIFTYGROWSECT15,2016-11-04 00:00:00,0.46136031540349043,SUSPECTED_CORPORATE_ACTION_OR_DATA_BREAK
NIFTYGROWSECT15,2016-11-07 00:00:00,0.47666933723789273,SUSPECTED_CORPORATE_ACTION_OR_DATA_BREAK
NIFTYGROWSECT15,2016-11-08 00:00:00,0.46598951417502854,SUSPECTED_CORPORATE_ACTION_OR_DATA_BREAK
NIFTYGROWSECT15,2016-11-09 00:00:00,0.42313088249315567,SUSPECTED_CORPORATE_ACTION_OR_DATA_BREAK
NIFTYGROWSECT15,2016-11-10 00:00:00,0.4289615978812622,SUSPECTED_CORPORATE_ACTION_OR_DATA_BREAK
NIFTYGROWSECT15,2016-11-16 00:00:00,0.40197231444488235,SUSPECTED_CORPORATE_ACTION_OR_DATA_BREAK
NIFTYGROWSECT15,2016-11-22 00:00:00,0.40819979665191686,SUSPECTED_CORPORATE_ACTION_OR_DATA_BREAK
NIFTYGROWSECT15,2016-11-23 00:00:00,0.40656282391696363,SUSPECTED_CORPORATE_ACTION_OR_DATA_BREAK
NIFTYGROWSECT15,2016-11-25 00:00:00,0.4377474827469172,SUSPECTED_CORPORATE_ACTION_OR_DATA_BREAK
NIFTYGROWSECT15,2016-11-28 00:00:00,0.415923310628026,SUSPECTED_CORPORATE_ACTION_OR_DATA_BREAK
NIFTYGROWSECT15,2016-11-29 00:00:00,0.42251662986571126,SUSPECTED_CORPORATE_ACTION_OR_DATA_BREAK
NIFTYGROWSECT15,2016-11-30 00:00:00,0.43405662212096807,SUSPECTED_CORPORATE_ACTION_OR_DATA_BREAK
NIFTYGROWSECT15,2016-12-01 00:00:00,0.4224754982931396,SUSPECTED_CORPORATE_ACTION_OR_DATA_BREAK
NIFTYGROWSECT15,2016-12-02 00:00:00,0.4050736158153039,SUSPECTED_CORPORATE_ACTION_OR_DATA_BREAK
NIFTYGROWSECT15,2016-12-05 00:00:00,0.42717756436167975,SUSPECTED_CORPORATE_ACTION_OR_DATA_BREAK
NIFTYGROWSECT15,2016-12-06 00:00:00,0.41584804990899116,SUSPECTED_CORPORATE_ACTION_OR_DATA_BREAK
NIFTYGROWSECT15,2016-12-07 00:00:00,0.40651420651420644,SUSPECTED_CORPORATE_ACTION_OR_DATA_BREAK
NIFTYGROWSECT15,2016-12-08 00:00:00,0.43820475294445593,SUSPECTED_CORPORATE_ACTION_OR_DATA_BREAK
NIFTYGROWSECT15,2016-12-09 00:00:00,0.4148921592808792,SUSPECTED_CORPORATE_ACTION_OR_DATA_BREAK
NIFTYGROWSECT15,2016-12-13 00:00:00,0.4081341027754877,SUSPECTED_CORPORATE_ACTION_OR_DATA_BREAK
NIFTYGROWSECT15,2016-12-23 00:00:00,0.40302678833442807,SUSPECTED_CORPORATE_ACTION_OR_DATA_BREAK
NIFTYGROWSECT15,2016-12-27 00:00:00,0.43826445580633333,SUSPECTED_CORPORATE_ACTION_OR_DATA_BREAK
NIFTYGROWSECT15,2016-12-28 00:00:00,0.41951728455171455,SUSPECTED_CORPORATE_ACTION_OR_DATA_BREAK
NIFTYGROWSECT15,2016-12-29 00:00:00,0.4339928007366689,SUSPECTED_CORPORATE_ACTION_OR_DATA_BREAK
NIFTYGROWSECT15,2016-12-30 00:00:00,0.43796872837968737,SUSPECTED_CORPORATE_ACTION_OR_DATA_BREAK
NIFTYGROWSECT15,2017-01-02 00:00:00,0.4256571741511501,SUSPECTED_CORPORATE_ACTION_OR_DATA_BREAK
NIFTYGROWSECT15,2017-01-03 00:00:00,0.4328534697300941,SUSPECTED_CORPORATE_ACTION_OR_DATA_BREAK
NIFTYGROWSECT15,2017-01-04 00:00:00,0.43562890667836407,SUSPECTED_CORPORATE_ACTION_OR_DATA_BREAK
NIFTYGROWSECT15,2017-01-05 00:00:00,0.4433334704906118,SUSPECTED_CORPORATE_ACTION_OR_DATA_BREAK
NIFTYGROWSECT15,2017-01-06 00:00:00,0.414116432026961,SUSPECTED_CORPORATE_ACTION_OR_DATA_BREAK
NIFTYGROWSECT15,2017-01-09 00:00:00,0.4270700767683404,SUSPECTED_CORPORATE_ACTION_OR_DATA_BREAK
NIFTYGROWSECT15,2017-01-10 00:00:00,0.4343362444219345,SUSPECTED_CORPORATE_ACTION_OR_DATA_BREAK
NIFTYGROWSECT15,2017-01-11 00:00:00,0.4331588703521969,SUSPECTED_CORPORATE_ACTION_OR_DATA_BREAK
NIFTYGROWSECT15,2017-01-12 00:00:00,0.4247256608465322,SUSPECTED_CORPORATE_ACTION_OR_DATA_BREAK
NIFTYGROWSECT15,2017-01-13 00:00:00,0.40120065392758564,SUSPECTED_CORPORATE_ACTION_OR_DATA_BREAK
NIFTYGROWSECT15,2017-01-16 00:00:00,0.4020954535660417,SUSPECTED_CORPORATE_ACTION_OR_DATA_BREAK
NIFTYGROWSECT15,2017-01-17 00:00:00,0.4137112010796222,SUSPECTED_CORPORATE_ACTION_OR_DATA_BREAK
NIFTYGROWSECT15,2017-01-18 00:00:00,0.4195127889518604,SUSPECTED_CORPORATE_ACTION_OR_DATA_BREAK
NIFTYGROWSECT15,2017-01-19 00:00:00,0.42162162162162153,SUSPECTED_CORPORATE_ACTION_OR_DATA_BREAK
NIFTYGROWSECT15,2017-01-20 00:00:00,0.41187721401344235,SUSPECTED_CORPORATE_ACTION_OR_DATA_BREAK
NIFTYGROWSECT15,2017-01-23 00:00:00,0.44286670948873175,SUSPECTED_CORPORATE_ACTION_OR_DATA_BREAK
NIFTYGROWSECT15,2017-01-24 00:00:00,0.4477872723798084,SUSPECTED_CORPORATE_ACTION_OR_DATA_BREAK
NIFTYGROWSECT15,2017-01-25 00:00:00,0.4546418953839457,SUSPECTED_CORPORATE_ACTION_OR_DATA_BREAK
NIFTYGROWSECT15,2017-01-27 00:00:00,0.4371668038816081,SUSPECTED_CORPORATE_ACTION_OR_DATA_BREAK
NIFTYGROWSECT15,2017-01-30 00:00:00,0.4170903898253058,SUSPECTED_CORPORATE_ACTION_OR_DATA_BREAK
NIFTYGROWSECT15,2017-02-01 00:00:00,0.43047824912185884,SUSPECTED_CORPORATE_ACTION_OR_DATA_BREAK
NIFTYGROWSECT15,2017-02-02 00:00:00,0.42960501634599924,SUSPECTED_CORPORATE_ACTION_OR_DATA_BREAK
NIFTYGROWSECT15,2017-02-03 00:00:00,0.4191112942458761,SUSPECTED_CORPORATE_ACTION_OR_DATA_BREAK
NIFTYGROWSECT15,2017-02-06 00:00:00,0.42530627414024225,SUSPECTED_CORPORATE_ACTION_OR_DATA_BREAK
NIFTYGROWSECT15,2017-02-07 00:00:00,0.4145904189406522,SUSPECTED_CORPORATE_ACTION_OR_DATA_BREAK
NIFTYGROWSECT15,2017-02-08 00:00:00,0.41841153800309905,SUSPECTED_CORPORATE_ACTION_OR_DATA_BREAK
NIFTYGROWSECT15,2017-02-09 00:00:00,0.4318046140171665,SUSPECTED_CORPORATE_ACTION_OR_DATA_BREAK
NIFTYGROWSECT15,2017-02-10 00:00:00,0.4321872520497223,SUSPECTED_CORPORATE_ACTION_OR_DATA_BREAK
NIFTYGROWSECT15,2017-02-13 00:00:00,0.42371634931057134,SUSPECTED_CORPORATE_ACTION_OR_DATA_BREAK
NIFTYGROWSECT15,2017-02-14 00:00:00,0.41569146496481424,SUSPECTED_CORPORATE_ACTION_OR_DATA_BREAK
NIFTYGROWSECT15,2017-02-15 00:00:00,0.40733868227791836,SUSPECTED_CORPORATE_ACTION_OR_DATA_BREAK
NIFTYGROWSECT15,2017-02-16 00:00:00,0.4265509989484755,SUSPECTED_CORPORATE_ACTION_OR_DATA_BREAK
NIFTYGROWSECT15,2017-02-17 00:00:00,0.4047002148297636,SUSPECTED_CORPORATE_ACTION_OR_DATA_BREAK
NIFTYGROWSECT15,2017-02-20 00:00:00,0.4215475305502303,SUSPECTED_CORPORATE_ACTION_OR_DATA_BREAK
NIFTYGROWSECT15,2017-02-21 00:00:00,0.40929252175712194,SUSPECTED_CORPORATE_ACTION_OR_DATA_BREAK
NIFTYGROWSECT15,2017-03-14 00:00:00,0.40800101118624776,SUSPECTED_CORPORATE_ACTION_OR_DATA_BREAK
NIFTYGROWSECT15,2017-03-17 00:00:00,0.40170152339906084,SUSPECTED_CORPORATE_ACTION_OR_DATA_BREAK
NIFTYGROWSECT15,2017-03-21 00:00:00,0.41482500536406186,SUSPECTED_CORPORATE_ACTION_OR_DATA_BREAK
NIFTYGROWSECT15,2017-03-22 00:00:00,0.40954528753690034,SUSPECTED_CORPORATE_ACTION_OR_DATA_BREAK
NIFTYGROWSECT15,2017-03-23 00:00:00,0.4241154681313066,SUSPECTED_CORPORATE_ACTION_OR_DATA_BREAK
NIFTYGROWSECT15,2017-03-24 00:00:00,0.40899764419788753,SUSPECTED_CORPORATE_ACTION_OR_DATA_BREAK
NIFTYGROWSECT15,2017-03-28 00:00:00,0.4122590338434897,SUSPECTED_CORPORATE_ACTION_OR_DATA_BREAK
NIFTYGROWSECT15,2017-03-29 00:00:00,0.4075377138807328,SUSPECTED_CORPORATE_ACTION_OR_DATA_BREAK
NIFTYGROWSECT15,2017-04-03 00:00:00,0.4002356539396825,SUSPECTED_CORPORATE_ACTION_OR_DATA_BREAK
NIFTYGROWSECT15,2017-04-05 00:00:00,0.4026458911525681,SUSPECTED_CORPORATE_ACTION_OR_DATA_BREAK
NIFTYGROWSECT15,2017-04-11 00:00:00,0.4046816878123316,SUSPECTED_CORPORATE_ACTION_OR_DATA_BREAK
NIFTYGROWSECT15,2017-04-17 00:00:00,0.40718109281890724,SUSPECTED_CORPORATE_ACTION_OR_DATA_BREAK
NIFTYGROWSECT15,2017-04-18 00:00:00,0.40316770107823174,SUSPECTED_CORPORATE_ACTION_OR_DATA_BREAK
NIFTYGROWSECT15,2017-04-19 00:00:00,0.4080199164221572,SUSPECTED_CORPORATE_ACTION_OR_DATA_BREAK
NIFTYGROWSECT15,2017-04-20 00:00:00,0.4222539411472339,SUSPECTED_CORPORATE_ACTION_OR_DATA_BREAK
NIFTYGROWSECT15,2017-04-21 00:00:00,0.41358608180262113,SUSPECTED_CORPORATE_ACTION_OR_DATA_BREAK
NIFTYGROWSECT15,2017-04-24 00:00:00,0.4202561415169097,SUSPECTED_CORPORATE_ACTION_OR_DATA_BREAK
NIFTYGROWSECT15,2017-04-25 00:00:00,0.4341208282025566,SUSPECTED_CORPORATE_ACTION_OR_DATA_BREAK
NIFTYGROWSECT15,2017-04-26 00:00:00,0.437959784207945,SUSPECTED_CORPORATE_ACTION_OR_DATA_BREAK
NIFTYGROWSECT15,2017-04-27 00:00:00,0.42996787806260617,SUSPECTED_CORPORATE_ACTION_OR_DATA_BREAK
NIFTYGROWSECT15,2017-04-28 00:00:00,0.42911563252898066,SUSPECTED_CORPORATE_ACTION_OR_DATA_BREAK
NIFTYGROWSECT15,2017-05-02 00:00:00,0.4330557899908045,SUSPECTED_CORPORATE_ACTION_OR_DATA_BREAK
NIFTYGROWSECT15,2017-05-03 00:00:00,0.4324484669468953,SUSPECTED_CORPORATE_ACTION_OR_DATA_BREAK
NIFTYGROWSECT15,2017-05-04 00:00:00,0.43283957764381653,SUSPECTED_CORPORATE_ACTION_OR_DATA_BREAK
NIFTYGROWSECT15,2017-05-05 00:00:00,0.4005386018689734,SUSPECTED_CORPORATE_ACTION_OR_DATA_BREAK
NIFTYGROWSECT15,2017-05-08 00:00:00,0.41806733229642257,SUSPECTED_CORPORATE_ACTION_OR_DATA_BREAK
NIFTYGROWSECT15,2017-05-09 00:00:00,0.40758642167549053,SUSPECTED_CORPORATE_ACTION_OR_DATA_BREAK
NIFTYGROWSECT15,2017-05-10 00:00:00,0.4380653360245199,SUSPECTED_CORPORATE_ACTION_OR_DATA_BREAK
NIFTYGROWSECT15,2017-05-11 00:00:00,0.44216087801135884,SUSPECTED_CORPORATE_ACTION_OR_DATA_BREAK
NIFTYGROWSECT15,2017-05-12 00:00:00,0.4389126828905998,SUSPECTED_CORPORATE_ACTION_OR_DATA_BREAK
NIFTYGROWSECT15,2017-05-15 00:00:00,0.45013209630006323,SUSPECTED_CORPORATE_ACTION_OR_DATA_BREAK
NIFTYGROWSECT15,2017-05-16 00:00:00,0.4629808525922072,SUSPECTED_CORPORATE_ACTION_OR_DATA_BREAK
NIFTYGROWSECT15,2017-05-17 00:00:00,0.45001288169694886,SUSPECTED_CORPORATE_ACTION_OR_DATA_BREAK
NIFTYGROWSECT15,2017-05-18 00:00:00,0.4179419847328243,SUSPECTED_CORPORATE_ACTION_OR_DATA_BREAK
NIFTYGROWSECT15,2017-05-19 00:00:00,0.4327847883305045,SUSPECTED_CORPORATE_ACTION_OR_DATA_BREAK
NIFTYGROWSECT15,2017-05-22 00:00:00,0.4335952389735267,SUSPECTED_CORPORATE_ACTION_OR_DATA_BREAK
NIFTYGROWSECT15,2017-05-23 00:00:00,0.43920546489938594,SUSPECTED_CORPORATE_ACTION_OR_DATA_BREAK
NIFTYGROWSECT15,2017-05-24 00:00:00,0.4358267863126932,SUSPECTED_CORPORATE_ACTION_OR_DATA_BREAK
NIFTYGROWSECT15,2017-05-25 00:00:00,0.4449501355417942,SUSPECTED_CORPORATE_ACTION_OR_DATA_BREAK
NIFTYGROWSECT15,2017-05-26 00:00:00,0.4283377682298659,SUSPECTED_CORPORATE_ACTION_OR_DATA_BREAK
NIFTYGROWSECT15,2017-05-29 00:00:00,0.43228133017086967,SUSPECTED_CORPORATE_ACTION_OR_DATA_BREAK
NIFTYGROWSECT15,2017-05-30 00:00:00,0.4447398128254618,SUSPECTED_CORPORATE_ACTION_OR_DATA_BREAK
NIFTYGROWSECT15,2017-05-31 00:00:00,0.4429626417049164,SUSPECTED_CORPORATE_ACTION_OR_DATA_BREAK
NIFTYGROWSECT15,2017-06-01 00:00:00,0.4573347044945859,SUSPECTED_CORPORATE_ACTION_OR_DATA_BREAK
NIFTYGROWSECT15,2017-06-02 00:00:00,0.4731148816179689,SUSPECTED_CORPORATE_ACTION_OR_DATA_BREAK
NIFTYGROWSECT15,2017-06-05 00:00:00,0.4747504190045908,SUSPECTED_CORPORATE_ACTION_OR_DATA_BREAK
NIFTYGROWSECT15,2017-06-06 00:00:00,0.4576500913678556,SUSPECTED_CORPORATE_ACTION_OR_DATA_BREAK
NIFTYGROWSECT15,2017-06-07 00:00:00,0.46954020209834146,SUSPECTED_CORPORATE_ACTION_OR_DATA_BREAK
NIFTYGROWSECT15,2017-06-08 00:00:00,0.46684366137693845,SUSPECTED_CORPORATE_ACTION_OR_DATA_BREAK
NIFTYGROWSECT15,2017-06-09 00:00:00,0.4858104564801151,SUSPECTED_CORPORATE_ACTION_OR_DATA_BREAK
NIFTYGROWSECT15,2017-06-12 00:00:00,0.4802022521312197,SUSPECTED_CORPORATE_ACTION_OR_DATA_BREAK
NIFTYGROWSECT15,2017-06-13 00:00:00,0.4885440853081735,SUSPECTED_CORPORATE_ACTION_OR_DATA_BREAK
NIFTYGROWSECT15,2017-06-14 00:00:00,0.4930501597168262,SUSPECTED_CORPORATE_ACTION_OR_DATA_BREAK
NIFTYGROWSECT15,2017-06-15 00:00:00,0.479450377192123,SUSPECTED_CORPORATE_ACTION_OR_DATA_BREAK
NIFTYGROWSECT15,2017-06-16 00:00:00,0.4825296909193735,SUSPECTED_CORPORATE_ACTION_OR_DATA_BREAK
NIFTYGROWSECT15,2017-06-19 00:00:00,0.48906350066505744,SUSPECTED_CORPORATE_ACTION_OR_DATA_BREAK
NIFTYGROWSECT15,2017-06-20 00:00:00,0.47487181997283434,SUSPECTED_CORPORATE_ACTION_OR_DATA_BREAK
NIFTYGROWSECT15,2017-06-21 00:00:00,0.4765426674477642,SUSPECTED_CORPORATE_ACTION_OR_DATA_BREAK
NIFTYGROWSECT15,2017-06-22 00:00:00,0.4766460326392796,SUSPECTED_CORPORATE_ACTION_OR_DATA_BREAK
NIFTYGROWSECT15,2017-06-23 00:00:00,0.4718245058706614,SUSPECTED_CORPORATE_ACTION_OR_DATA_BREAK
NIFTYGROWSECT15,2017-06-27 00:00:00,0.4722489099105758,SUSPECTED_CORPORATE_ACTION_OR_DATA_BREAK
NIFTYGROWSECT15,2017-06-28 00:00:00,0.48156896873251687,SUSPECTED_CORPORATE_ACTION_OR_DATA_BREAK
NIFTYGROWSECT15,2017-06-29 00:00:00,0.48919420535369507,SUSPECTED_CORPORATE_ACTION_OR_DATA_BREAK
NIFTYGROWSECT15,2017-06-30 00:00:00,0.49367685567841946,SUSPECTED_CORPORATE_ACTION_OR_DATA_BREAK
NIFTYGROWSECT15,2017-07-03 00:00:00,0.5222566646001241,SUSPECTED_CORPORATE_ACTION_OR_DATA_BREAK
NIFTYGROWSECT15,2017-07-04 00:00:00,0.5021934148264986,SUSPECTED_CORPORATE_ACTION_OR_DATA_BREAK
NIFTYGROWSECT15,2017-07-05 00:00:00,0.5040936247633565,SUSPECTED_CORPORATE_ACTION_OR_DATA_BREAK
NIFTYGROWSECT15,2017-07-06 00:00:00,0.5015178221699959,SUSPECTED_CORPORATE_ACTION_OR_DATA_BREAK
NIFTYGROWSECT15,2017-07-07 00:00:00,0.5001895815751172,SUSPECTED_CORPORATE_ACTION_OR_DATA_BREAK
NIFTYGROWSECT15,2017-07-10 00:00:00,0.5048320407114719,SUSPECTED_CORPORATE_ACTION_OR_DATA_BREAK
NIFTYGROWSECT15,2017-07-11 00:00:00,0.48440077544582105,SUSPECTED_CORPORATE_ACTION_OR_DATA_BREAK
NIFTYGROWSECT15,2017-07-12 00:00:00,0.48307559208391937,SUSPECTED_CORPORATE_ACTION_OR_DATA_BREAK
NIFTYGROWSECT15,2017-07-13 00:00:00,0.48960551182986034,SUSPECTED_CORPORATE_ACTION_OR_DATA_BREAK
NIFTYGROWSECT15,2017-07-14 00:00:00,0.48065576884267003,SUSPECTED_CORPORATE_ACTION_OR_DATA_BREAK
NIFTYGROWSECT15,2017-07-17 00:00:00,0.474743399584693,SUSPECTED_CORPORATE_ACTION_OR_DATA_BREAK
NIFTYGROWSECT15,2017-07-18 00:00:00,0.43854649930527745,SUSPECTED_CORPORATE_ACTION_OR_DATA_BREAK
NIFTYGROWSECT15,2017-07-19 00:00:00,0.45388123549029546,SUSPECTED_CORPORATE_ACTION_OR_DATA_BREAK
NIFTYGROWSECT15,2017-07-20 00:00:00,0.4383682081941269,SUSPECTED_CORPORATE_ACTION_OR_DATA_BREAK
NIFTYGROWSECT15,2017-07-21 00:00:00,0.4435301861952228,SUSPECTED_CORPORATE_ACTION_OR_DATA_BREAK
NIFTYGROWSECT15,2017-07-24 00:00:00,0.43204419889502765,SUSPECTED_CORPORATE_ACTION_OR_DATA_BREAK
NIFTYGROWSECT15,2017-07-25 00:00:00,0.41534128944391835,SUSPECTED_CORPORATE_ACTION_OR_DATA_BREAK
NIFTYGROWSECT15,2017-07-26 00:00:00,0.4217075501018728,SUSPECTED_CORPORATE_ACTION_OR_DATA_BREAK
NIFTYGROWSECT15,2017-07-27 00:00:00,0.4105508784773062,SUSPECTED_CORPORATE_ACTION_OR_DATA_BREAK
NIFTYGROWSECT15,2017-07-28 00:00:00,0.41395627986426886,SUSPECTED_CORPORATE_ACTION_OR_DATA_BREAK
NIFTYGROWSECT15,2017-07-31 00:00:00,0.4161689123489374,SUSPECTED_CORPORATE_ACTION_OR_DATA_BREAK
NIFTYGROWSECT15,2017-08-01 00:00:00,0.412567242760673,SUSPECTED_CORPORATE_ACTION_OR_DATA_BREAK
NIFTYGROWSECT15,2017-08-02 00:00:00,0.4033790435200659,SUSPECTED_CORPORATE_ACTION_OR_DATA_BREAK
NIFTYGROWSECT15,2017-08-03 00:00:00,0.4006456487396113,SUSPECTED_CORPORATE_ACTION_OR_DATA_BREAK
NIFTYGROWSECT15,2017-08-04 00:00:00,0.4160711614365771,SUSPECTED_CORPORATE_ACTION_OR_DATA_BREAK
NIFTYGROWSECT15,2017-08-07 00:00:00,0.41031912948061455,SUSPECTED_CORPORATE_ACTION_OR_DATA_BREAK
NIFTYGROWSECT15,2017-08-14 00:00:00,0.4120062296474585,SUSPECTED_CORPORATE_ACTION_OR_DATA_BREAK
NIFTYGROWSECT15,2017-08-16 00:00:00,0.4230300187617262,SUSPECTED_CORPORATE_ACTION_OR_DATA_BREAK
NIFTYGROWSECT15,2017-08-17 00:00:00,0.4105813437886532,SUSPECTED_CORPORATE_ACTION_OR_DATA_BREAK
NIFTYGROWSECT15,2017-08-18 00:00:00,0.4061321794410737,SUSPECTED_CORPORATE_ACTION_OR_DATA_BREAK
NIFTYGROWSECT15,2017-08-21 00:00:00,0.4114183848192714,SUSPECTED_CORPORATE_ACTION_OR_DATA_BREAK
NIFTYGROWSECT15,2017-08-22 00:00:00,0.42498665876074715,SUSPECTED_CORPORATE_ACTION_OR_DATA_BREAK
NIFTYGROWSECT15,2017-08-23 00:00:00,0.4284765147650289,SUSPECTED_CORPORATE_ACTION_OR_DATA_BREAK
NIFTYGROWSECT15,2017-08-24 00:00:00,0.4182992717876439,SUSPECTED_CORPORATE_ACTION_OR_DATA_BREAK
NIFTYGROWSECT15,2017-08-28 00:00:00,0.4275483128654285,SUSPECTED_CORPORATE_ACTION_OR_DATA_BREAK
NIFTYGROWSECT15,2017-08-29 00:00:00,0.40577735862237563,SUSPECTED_CORPORATE_ACTION_OR_DATA_BREAK
NIFTYGROWSECT15,2017-08-30 00:00:00,0.4314625028009389,SUSPECTED_CORPORATE_ACTION_OR_DATA_BREAK
NIFTYGROWSECT15,2017-08-31 00:00:00,0.42817010218773044,SUSPECTED_CORPORATE_ACTION_OR_DATA_BREAK
NIFTYGROWSECT15,2017-09-01 00:00:00,0.44161405883519844,SUSPECTED_CORPORATE_ACTION_OR_DATA_BREAK
NIFTYGROWSECT15,2017-09-04 00:00:00,0.4254155197045191,SUSPECTED_CORPORATE_ACTION_OR_DATA_BREAK
NIFTYGROWSECT15,2017-09-05 00:00:00,0.43613579828792326,SUSPECTED_CORPORATE_ACTION_OR_DATA_BREAK
NIFTYGROWSECT15,2017-09-06 00:00:00,0.4201315453087595,SUSPECTED_CORPORATE_ACTION_OR_DATA_BREAK
NIFTYGROWSECT15,2017-09-07 00:00:00,0.4335701039224604,SUSPECTED_CORPORATE_ACTION_OR_DATA_BREAK
NIFTYGROWSECT15,2017-09-08 00:00:00,0.42847133832338824,SUSPECTED_CORPORATE_ACTION_OR_DATA_BREAK
NIFTYGROWSECT15,2017-09-11 00:00:00,0.44100893129234175,SUSPECTED_CORPORATE_ACTION_OR_DATA_BREAK
NIFTYGROWSECT15,2017-09-12 00:00:00,0.45223749634396015,SUSPECTED_CORPORATE_ACTION_OR_DATA_BREAK
NIFTYGROWSECT15,2017-09-13 00:00:00,0.43744052730521976,SUSPECTED_CORPORATE_ACTION_OR_DATA_BREAK
NIFTYGROWSECT15,2017-09-14 00:00:00,0.43077136836255003,SUSPECTED_CORPORATE_ACTION_OR_DATA_BREAK
NIFTYGROWSECT15,2017-09-15 00:00:00,0.42944664716965875,SUSPECTED_CORPORATE_ACTION_OR_DATA_BREAK
NIFTYGROWSECT15,2017-09-18 00:00:00,0.4416282287822877,SUSPECTED_CORPORATE_ACTION_OR_DATA_BREAK
NIFTYGROWSECT15,2017-09-19 00:00:00,0.4313653559555197,SUSPECTED_CORPORATE_ACTION_OR_DATA_BREAK
NIFTYGROWSECT15,2017-09-20 00:00:00,0.42923662721350553,SUSPECTED_CORPORATE_ACTION_OR_DATA_BREAK
NIFTYGROWSECT15,2017-09-21 00:00:00,0.4312093060643296,SUSPECTED_CORPORATE_ACTION_OR_DATA_BREAK
NIFTYGROWSECT15,2017-09-22 00:00:00,0.4198737551496128,SUSPECTED_CORPORATE_ACTION_OR_DATA_BREAK
NIFTYGROWSECT15,2017-09-25 00:00:00,0.4334324918576351,SUSPECTED_CORPORATE_ACTION_OR_DATA_BREAK
NIFTYGROWSECT15,2017-09-26 00:00:00,0.42611643400268373,SUSPECTED_CORPORATE_ACTION_OR_DATA_BREAK
NIFTYGROWSECT15,2017-09-27 00:00:00,0.4047680563711098,SUSPECTED_CORPORATE_ACTION_OR_DATA_BREAK
NIFTYGROWSECT15,2017-09-28 00:00:00,0.4297811607992388,SUSPECTED_CORPORATE_ACTION_OR_DATA_BREAK
NIFTYGROWSECT15,2017-09-29 00:00:00,0.43751788610130693,SUSPECTED_CORPORATE_ACTION_OR_DATA_BREAK
NIFTYGROWSECT15,2017-10-03 00:00:00,0.4467613290890231,SUSPECTED_CORPORATE_ACTION_OR_DATA_BREAK
NIFTYGROWSECT15,2017-10-04 00:00:00,0.447425705091804,SUSPECTED_CORPORATE_ACTION_OR_DATA_BREAK
NIFTYGROWSECT15,2017-10-05 00:00:00,0.4392593902942392,SUSPECTED_CORPORATE_ACTION_OR_DATA_BREAK
NIFTYGROWSECT15,2017-10-06 00:00:00,0.4492345883326436,SUSPECTED_CORPORATE_ACTION_OR_DATA_BREAK
NIFTYGROWSECT15,2017-10-09 00:00:00,0.4346107658765781,SUSPECTED_CORPORATE_ACTION_OR_DATA_BREAK
NIFTYGROWSECT15,2017-10-10 00:00:00,0.4340401707607251,SUSPECTED_CORPORATE_ACTION_OR_DATA_BREAK
NIFTYGROWSECT15,2017-10-11 00:00:00,0.42337029082254607,SUSPECTED_CORPORATE_ACTION_OR_DATA_BREAK
NIFTYGROWSECT15,2017-10-12 00:00:00,0.44139349500912184,SUSPECTED_CORPORATE_ACTION_OR_DATA_BREAK
NIFTYGROWSECT15,2017-10-13 00:00:00,0.42229423052615833,SUSPECTED_CORPORATE_ACTION_OR_DATA_BREAK
NIFTYGROWSECT15,2017-10-16 00:00:00,0.4265324502103307,SUSPECTED_CORPORATE_ACTION_OR_DATA_BREAK
NIFTYGROWSECT15,2017-10-17 00:00:00,0.4168355505236343,SUSPECTED_CORPORATE_ACTION_OR_DATA_BREAK
NIFTYGROWSECT15,2017-10-18 00:00:00,0.4098976727338586,SUSPECTED_CORPORATE_ACTION_OR_DATA_BREAK
NIFTYGROWSECT15,2017-10-19 00:00:00,0.4154512800045611,SUSPECTED_CORPORATE_ACTION_OR_DATA_BREAK
NIFTYGROWSECT15,2017-10-23 00:00:00,0.42077680813733487,SUSPECTED_CORPORATE_ACTION_OR_DATA_BREAK
NIFTYGROWSECT15,2017-10-24 00:00:00,0.4077044185440666,SUSPECTED_CORPORATE_ACTION_OR_DATA_BREAK
NIFTYGROWSECT15,2017-10-25 00:00:00,0.40869329355123063,SUSPECTED_CORPORATE_ACTION_OR_DATA_BREAK
NIFTYGROWSECT15,2017-12-19 00:00:00,0.4154947748677589,SUSPECTED_CORPORATE_ACTION_OR_DATA_BREAK
NIFTYGROWSECT15,2017-12-20 00:00:00,0.4040183819600298,SUSPECTED_CORPORATE_ACTION_OR_DATA_BREAK
NIFTYGROWSECT15,2018-04-03 00:00:00,0.40472048312925923,SUSPECTED_CORPORATE_ACTION_OR_DATA_BREAK
NIFTYGROWSECT15,2018-04-05 00:00:00,0.4280037400654513,SUSPECTED_CORPORATE_ACTION_OR_DATA_BREAK
NIFTYGROWSECT15,2018-04-06 00:00:00,0.4026058915809654,SUSPECTED_CORPORATE_ACTION_OR_DATA_BREAK
NIFTYGROWSECT15,2018-04-09 00:00:00,0.41320213381042237,SUSPECTED_CORPORATE_ACTION_OR_DATA_BREAK
NIFTYGROWSECT15,2018-04-10 00:00:00,0.40400556993973136,SUSPECTED_CORPORATE_ACTION_OR_DATA_BREAK
NIFTYGROWSECT15,2018-04-18 00:00:00,0.40276935193758834,SUSPECTED_CORPORATE_ACTION_OR_DATA_BREAK
NIFTYGROWSECT15,2018-04-19 00:00:00,0.4112946304566141,SUSPECTED_CORPORATE_ACTION_OR_DATA_BREAK
NIFTYGROWSECT15,2018-04-20 00:00:00,0.4060432359866606,SUSPECTED_CORPORATE_ACTION_OR_DATA_BREAK
NIFTYGROWSECT15,2018-04-23 00:00:00,0.4027773364263243,SUSPECTED_CORPORATE_ACTION_OR_DATA_BREAK
NIFTYGROWSECT15,2018-04-24 00:00:00,0.4040822363555687,SUSPECTED_CORPORATE_ACTION_OR_DATA_BREAK
NIFTYGROWSECT15,2018-04-26 00:00:00,0.40836501901140676,SUSPECTED_CORPORATE_ACTION_OR_DATA_BREAK
NIFTYGROWSECT15,2018-05-07 00:00:00,0.4137587660755526,SUSPECTED_CORPORATE_ACTION_OR_DATA_BREAK
NIFTYGROWSECT15,2018-06-06 00:00:00,0.4033424140821458,SUSPECTED_CORPORATE_ACTION_OR_DATA_BREAK
NIFTYGROWSECT15,2018-06-07 00:00:00,0.4034472715168411,SUSPECTED_CORPORATE_ACTION_OR_DATA_BREAK
NIFTYGROWSECT15,2018-06-12 00:00:00,0.4031408245689567,SUSPECTED_CORPORATE_ACTION_OR_DATA_BREAK
NIFTYGROWSECT15,2018-06-28 00:00:00,0.40298569744515267,SUSPECTED_CORPORATE_ACTION_OR_DATA_BREAK
NIFTYGROWSECT15,2018-06-29 00:00:00,0.43258996452103404,SUSPECTED_CORPORATE_ACTION_OR_DATA_BREAK
NIFTYGROWSECT15,2018-07-02 00:00:00,0.40146614472468256,SUSPECTED_CORPORATE_ACTION_OR_DATA_BREAK
NIFTYGROWSECT15,2018-07-03 00:00:00,0.41482189418572046,SUSPECTED_CORPORATE_ACTION_OR_DATA_BREAK
NIFTYGROWSECT15,2018-07-04 00:00:00,0.4244077322836275,SUSPECTED_CORPORATE_ACTION_OR_DATA_BREAK
NIFTYGROWSECT15,2018-07-05 00:00:00,0.43216846616665316,SUSPECTED_CORPORATE_ACTION_OR_DATA_BREAK
NIFTYGROWSECT15,2018-07-06 00:00:00,0.44727896460314986,SUSPECTED_CORPORATE_ACTION_OR_DATA_BREAK
NIFTYGROWSECT15,2018-07-09 00:00:00,0.447608412432533,SUSPECTED_CORPORATE_ACTION_OR_DATA_BREAK
NIFTYGROWSECT15,2018-07-10 00:00:00,0.4417103092043908,SUSPECTED_CORPORATE_ACTION_OR_DATA_BREAK
NIFTYGROWSECT15,2018-07-11 00:00:00,0.42805135277653816,SUSPECTED_CORPORATE_ACTION_OR_DATA_BREAK
NIFTYGROWSECT15,2018-07-12 00:00:00,0.41560245146876795,SUSPECTED_CORPORATE_ACTION_OR_DATA_BREAK
NIFTYGS10YR,2015-11-16 09:00:07,-0.667027690530344,SUSPECTED_CORPORATE_ACTION_OR_DATA_BREAK
NIFTYGS10YR,2015-12-01 00:00:00,2.028992146596859,SUSPECTED_CORPORATE_ACTION_OR_DATA_BREAK
NIFTYGS15YRPLUS,2015-11-16 09:00:07,3.7773654142863107,SUSPECTED_CORPORATE_ACTION_OR_DATA_BREAK
NIFTYGS15YRPLUS,2018-01-01 00:00:00,-0.889064588756772,SUSPECTED_CORPORATE_ACTION_OR_DATA_BREAK
NIFTYGS48YR,2015-11-16 09:00:07,-0.8402421834956433,SUSPECTED_CORPORATE_ACTION_OR_DATA_BREAK
NIFTYGS48YR,2015-11-16 09:15:00,5.296270302787247,SUSPECTED_CORPORATE_ACTION_OR_DATA_BREAK
NIFTYGS48YR,2015-11-17 09:00:07,-0.8417809200783452,SUSPECTED_CORPORATE_ACTION_OR_DATA_BREAK
NIFTYGS48YR,2015-11-17 16:05:32,5.326086956521739,SUSPECTED_CORPORATE_ACTION_OR_DATA_BREAK
NIFTYGS48YR,2015-11-18 09:00:06,-0.8397607229222349,SUSPECTED_CORPORATE_ACTION_OR_DATA_BREAK
NIFTYGS48YR,2015-11-18 16:05:40,5.1363185067513895,SUSPECTED_CORPORATE_ACTION_OR_DATA_BREAK
NIFTYGS48YR,2015-11-19 09:00:06,-0.8393333872664024,SUSPECTED_CORPORATE_ACTION_OR_DATA_BREAK
NIFTYGS48YR,2015-11-19 16:04:54,5.301107754279959,SUSPECTED_CORPORATE_ACTION_OR_DATA_BREAK
NIFTYGS48YR,2015-11-20 09:00:05,-0.8415534601246604,SUSPECTED_CORPORATE_ACTION_OR_DATA_BREAK
NIFTYGS48YR,2015-11-20 16:06:06,5.288380068589873,SUSPECTED_CORPORATE_ACTION_OR_DATA_BREAK
NIFTYGS48YR,2018-01-01 00:00:00,-0.6055567752700448,SUSPECTED_CORPORATE_ACTION_OR_DATA_BREAK
NIFTYGS48YR,2018-01-01 09:15:00,1.5208030680002893,SUSPECTED_CORPORATE_ACTION_OR_DATA_BREAK
NIFTYGS48YR,2018-01-02 00:00:00,-0.6041820309567445,SUSPECTED_CORPORATE_ACTION_OR_DATA_BREAK
NIFTYGS48YR,2018-01-02 09:15:00,1.5102364137407815,SUSPECTED_CORPORATE_ACTION_OR_DATA_BREAK
NIFTYGS48YR,2018-01-03 00:00:00,-0.6008155736794151,SUSPECTED_CORPORATE_ACTION_OR_DATA_BREAK
NIFTYGS48YR,2018-01-03 09:15:00,1.5200552249358399,SUSPECTED_CORPORATE_ACTION_OR_DATA_BREAK
NIFTYGS48YR,2018-01-04 00:00:00,-0.6033489810570498,SUSPECTED_CORPORATE_ACTION_OR_DATA_BREAK
NIFTYGS48YR,2018-01-04 09:15:00,1.5520177773817347,SUSPECTED_CORPORATE_ACTION_OR_DATA_BREAK
NIFTYGS48YR,2018-01-05 00:00:00,-0.6068874461236292,SUSPECTED_CORPORATE_ACTION_OR_DATA_BREAK
NIFTYGS48YR,2018-01-05 09:15:00,1.5712802691329788,SUSPECTED_CORPORATE_ACTION_OR_DATA_BREAK
NIFTYGS48YR,2018-01-08 00:00:00,-0.6113693528364009,SUSPECTED_CORPORATE_ACTION_OR_DATA_BREAK
NIFTYGS48YR,2018-01-08 09:15:00,1.5859147574498347,SUSPECTED_CORPORATE_ACTION_OR_DATA_BREAK
NIFTYGS48YR,2018-01-09 00:00:00,-0.6136097534776304,SUSPECTED_CORPORATE_ACTION_OR_DATA_BREAK
NIFTYGS48YR,2018-01-09 09:15:00,1.58558283061355,SUSPECTED_CORPORATE_ACTION_OR_DATA_BREAK
NIFTYGS48YR,2018-01-10 00:00:00,-0.6144012214265746,SUSPECTED_CORPORATE_ACTION_OR_DATA_BREAK
NIFTYGS48YR,2018-01-10 09:15:00,1.5782840253185735,SUSPECTED_CORPORATE_ACTION_OR_DATA_BREAK
NIFTYGS48YR,2018-01-11 00:00:00,-0.6121516249391662,SUSPECTED_CORPORATE_ACTION_OR_DATA_BREAK
NIFTYGS48YR,2018-01-11 09:15:00,1.5789963861872045,SUSPECTED_CORPORATE_ACTION_OR_DATA_BREAK
NIFTYGS48YR,2018-01-12 00:00:00,-0.6121852328384997,SUSPECTED_CORPORATE_ACTION_OR_DATA_BREAK
NIFTYGS48YR,2018-01-12 09:15:00,1.576710549059623,SUSPECTED_CORPORATE_ACTION_OR_DATA_BREAK
NIFTYGS48YR,2018-01-15 00:00:00,-0.6118347164666804,SUSPECTED_CORPORATE_ACTION_OR_DATA_BREAK
NIFTYGS48YR,2018-01-15 09:15:00,1.574270948895343,SUSPECTED_CORPORATE_ACTION_OR_DATA_BREAK
NIFTYGS48YR,2018-01-16 00:00:00,-0.6133877621733999,SUSPECTED_CORPORATE_ACTION_OR_DATA_BREAK
NIFTYGS48YR,2018-01-16 09:15:00,1.546436333490175,SUSPECTED_CORPORATE_ACTION_OR_DATA_BREAK
NIFTYGS48YR,2018-01-17 00:00:00,-0.6049318081830181,SUSPECTED_CORPORATE_ACTION_OR_DATA_BREAK
NIFTYGS48YR,2018-01-17 09:15:00,1.583826100513369,SUSPECTED_CORPORATE_ACTION_OR_DATA_BREAK
NIFTYGS48YR,2018-01-18 00:00:00,-0.6137873074022195,SUSPECTED_CORPORATE_ACTION_OR_DATA_BREAK
NIFTYGS48YR,2018-01-18 09:15:00,1.5544576000714194,SUSPECTED_CORPORATE_ACTION_OR_DATA_BREAK
NIFTYGS48YR,2018-01-19 00:00:00,-0.6082391358955036,SUSPECTED_CORPORATE_ACTION_OR_DATA_BREAK
NIFTYGS48YR,2018-01-19 09:15:00,1.598380855737815,SUSPECTED_CORPORATE_ACTION_OR_DATA_BREAK
NIFTYGS48YR,2018-01-22 00:00:00,-0.6148059137823746,SUSPECTED_CORPORATE_ACTION_OR_DATA_BREAK
NIFTYGS48YR,2018-01-22 09:15:00,1.6121930567315834,SUSPECTED_CORPORATE_ACTION_OR_DATA_BREAK
NIFTYGS48YR,2018-01-23 00:00:00,-0.6163055531860445,SUSPECTED_CORPORATE_ACTION_OR_DATA_BREAK
NIFTYGS48YR,2018-01-23 09:15:00,1.6712686608641523,SUSPECTED_CORPORATE_ACTION_OR_DATA_BREAK
NIFTYGS48YR,2018-01-24 00:00:00,-0.6261724439265948,SUSPECTED_CORPORATE_ACTION_OR_DATA_BREAK
NIFTYGS48YR,2018-01-24 09:15:00,1.68154216921116,SUSPECTED_CORPORATE_ACTION_OR_DATA_BREAK
NIFTYGS48YR,2018-01-25 00:00:00,-0.6274082068951203,SUSPECTED_CORPORATE_ACTION_OR_DATA_BREAK
NIFTYGS48YR,2018-01-25 09:15:00,1.662037423890458,SUSPECTED_CORPORATE_ACTION_OR_DATA_BREAK
NIFTYGS48YR,2018-01-29 00:00:00,-0.6258692308497169,SUSPECTED_CORPORATE_ACTION_OR_DATA_BREAK
NIFTYGS48YR,2018-01-29 09:15:00,1.6666256488276359,SUSPECTED_CORPORATE_ACTION_OR_DATA_BREAK
NIFTYGS48YR,2018-01-30 00:00:00,-0.6246586261143157,SUSPECTED_CORPORATE_ACTION_OR_DATA_BREAK
NIFTYGS48YR,2018-01-30 09:15:00,1.6428100411301858,SUSPECTED_CORPORATE_ACTION_OR_DATA_BREAK
NIFTYGS48YR,2018-01-31 00:00:00,-0.6214985779685567,SUSPECTED_CORPORATE_ACTION_OR_DATA_BREAK
NIFTYGS48YR,2018-01-31 09:15:00,1.629595696065341,SUSPECTED_CORPORATE_ACTION_OR_DATA_BREAK
NIFTYGS48YR,2018-02-01 00:00:00,-0.6221417265957786,SUSPECTED_CORPORATE_ACTION_OR_DATA_BREAK
NIFTYGS48YR,2018-02-01 09:15:00,1.6411816300827637,SUSPECTED_CORPORATE_ACTION_OR_DATA_BREAK
NIFTYGS48YR,2018-02-02 00:00:00,-0.6210771687067589,SUSPECTED_CORPORATE_ACTION_OR_DATA_BREAK
NIFTYGS48YR,2018-02-02 09:15:00,1.5571491974674014,SUSPECTED_CORPORATE_ACTION_OR_DATA_BREAK
NIFTYGS48YR,2018-02-05 00:00:00,-0.6089548959729332,SUSPECTED_CORPORATE_ACTION_OR_DATA_BREAK
NIFTYGS48YR,2018-02-05 09:15:00,1.5390186075778685,SUSPECTED_CORPORATE_ACTION_OR_DATA_BREAK
NIFTYGS48YR,2018-02-06 00:00:00,-0.6055252530840294,SUSPECTED_CORPORATE_ACTION_OR_DATA_BREAK
NIFTYGS48YR,2018-02-06 09:15:00,1.5045295698170782,SUSPECTED_CORPORATE_ACTION_OR_DATA_BREAK
NIFTYGS48YR,2018-02-07 00:00:00,-0.5999865618490896,SUSPECTED_CORPORATE_ACTION_OR_DATA_BREAK
NIFTYGS48YR,2018-02-07 09:15:00,1.4930291934020898,SUSPECTED_CORPORATE_ACTION_OR_DATA_BREAK
NIFTYGS48YR,2018-02-08 00:00:00,-0.5975093203970714,SUSPECTED_CORPORATE_ACTION_OR_DATA_BREAK
NIFTYGS48YR,2018-02-08 09:15:00,1.509862565773688,SUSPECTED_CORPORATE_ACTION_OR_DATA_BREAK
NIFTYGS48YR,2018-02-09 00:00:00,-0.6021320586927523,SUSPECTED_CORPORATE_ACTION_OR_DATA_BREAK
NIFTYGS48YR,2018-02-09 09:15:00,1.4895368264593962,SUSPECTED_CORPORATE_ACTION_OR_DATA_BREAK
NIFTYGS48YR,2018-02-12 00:00:00,-0.5980360469553117,SUSPECTED_CORPORATE_ACTION_OR_DATA_BREAK
NIFTYGS48YR,2018-02-12 09:15:00,1.5119913784920178,SUSPECTED_CORPORATE_ACTION_OR_DATA_BREAK
NIFTYGS48YR,2018-02-14 00:00:00,-0.601475998355062,SUSPECTED_CORPORATE_ACTION_OR_DATA_BREAK
NIFTYGS48YR,2018-02-14 09:15:00,1.474648877187894,SUSPECTED_CORPORATE_ACTION_OR_DATA_BREAK
NIFTYGS48YR,2018-02-15 00:00:00,-0.5968444304196907,SUSPECTED_CORPORATE_ACTION_OR_DATA_BREAK
NIFTYGS48YR,2018-02-15 09:15:00,1.4829758922980587,SUSPECTED_CORPORATE_ACTION_OR_DATA_BREAK
NIFTYGS48YR,2018-02-16 00:00:00,-0.5970930952568592,SUSPECTED_CORPORATE_ACTION_OR_DATA_BREAK
NIFTYGS48YR,2018-02-16 09:15:00,1.4456652341326834,SUSPECTED_CORPORATE_ACTION_OR_DATA_BREAK
NIFTYGS48YR,2018-02-19 00:00:00,-0.5908619350121109,SUSPECTED_CORPORATE_ACTION_OR_DATA_BREAK
NIFTYGS48YR,2018-02-19 09:15:00,1.4093115215557925,SUSPECTED_CORPORATE_ACTION_OR_DATA_BREAK
NIFTYGS48YR,2018-02-20 00:00:00,-0.5864852334368771,SUSPECTED_CORPORATE_ACTION_OR_DATA_BREAK
NIFTYGS48YR,2018-02-20 09:15:00,1.4169198685966076,SUSPECTED_CORPORATE_ACTION_OR_DATA_BREAK
NIFTYGS48YR,2018-02-21 00:00:00,-0.5866979020492421,SUSPECTED_CORPORATE_ACTION_OR_DATA_BREAK
NIFTYGS48YR,2018-02-21 09:15:00,1.4153567279686174,SUSPECTED_CORPORATE_ACTION_OR_DATA_BREAK
NIFTYGS48YR,2018-02-22 00:00:00,-0.5866098190013709,SUSPECTED_CORPORATE_ACTION_OR_DATA_BREAK
NIFTYGS48YR,2018-02-22 09:15:00,1.4190783446399764,SUSPECTED_CORPORATE_ACTION_OR_DATA_BREAK
NIFTYGS48YR,2018-02-23 00:00:00,-0.5850627323420075,SUSPECTED_CORPORATE_ACTION_OR_DATA_BREAK
NIFTYGS48YR,2018-02-23 09:15:00,1.4623017095117836,SUSPECTED_CORPORATE_ACTION_OR_DATA_BREAK
NIFTYGS48YR,2018-02-26 00:00:00,-0.5937849638422704,SUSPECTED_CORPORATE_ACTION_OR_DATA_BREAK
NIFTYGS48YR,2018-02-26 09:15:00,1.4922325042406333,SUSPECTED_CORPORATE_ACTION_OR_DATA_BREAK
NIFTYGS48YR,2018-02-27 00:00:00,-0.598198501746465,SUSPECTED_CORPORATE_ACTION_OR_DATA_BREAK
NIFTYGS48YR,2018-02-27 09:15:00,1.4617891723875758,SUSPECTED_CORPORATE_ACTION_OR_DATA_BREAK
NIFTYGS48YR,2018-02-28 00:00:00,-0.594181966822223,SUSPECTED_CORPORATE_ACTION_OR_DATA_BREAK
NIFTYGS48YR,2018-02-28 09:15:00,1.4402923269764525,SUSPECTED_CORPORATE_ACTION_OR_DATA_BREAK
NIFTYGS48YR,2018-03-01 00:00:00,-0.5902359604668761,SUSPECTED_CORPORATE_ACTION_OR_DATA_BREAK
NIFTYGS48YR,2018-03-01 09:15:00,1.4217097384355375,SUSPECTED_CORPORATE_ACTION_OR_DATA_BREAK
NIFTYGS48YR,2018-03-05 00:00:00,-0.5871517868490681,SUSPECTED_CORPORATE_ACTION_OR_DATA_BREAK
NIFTYGS48YR,2018-03-05 09:15:00,1.3857034109863537,SUSPECTED_CORPORATE_ACTION_OR_DATA_BREAK
NIFTYGS48YR,2018-03-06 00:00:00,-0.5807613349756584,SUSPECTED_CORPORATE_ACTION_OR_DATA_BREAK
NIFTYGS48YR,2018-03-06 09:15:00,1.368655212938609,SUSPECTED_CORPORATE_ACTION_OR_DATA_BREAK
NIFTYGS48YR,2018-03-07 00:00:00,-0.5763641303705804,SUSPECTED_CORPORATE_ACTION_OR_DATA_BREAK
NIFTYGS48YR,2018-03-07 09:15:00,1.3133079763086566,SUSPECTED_CORPORATE_ACTION_OR_DATA_BREAK
NIFTYGS48YR,2018-03-08 00:00:00,-0.5674630535933847,SUSPECTED_CORPORATE_ACTION_OR_DATA_BREAK
NIFTYGS48YR,2018-03-08 09:15:00,1.3286346509709497,SUSPECTED_CORPORATE_ACTION_OR_DATA_BREAK
NIFTYGS48YR,2018-03-09 00:00:00,-0.570623646133777,SUSPECTED_CORPORATE_ACTION_OR_DATA_BREAK
NIFTYGS48YR,2018-03-09 09:15:00,1.2976581357623465,SUSPECTED_CORPORATE_ACTION_OR_DATA_BREAK
NIFTYGS48YR,2018-03-12 00:00:00,-0.5641288788606642,SUSPECTED_CORPORATE_ACTION_OR_DATA_BREAK
NIFTYGS48YR,2018-03-12 09:15:00,1.340539818427747,SUSPECTED_CORPORATE_ACTION_OR_DATA_BREAK
NIFTYGS48YR,2018-03-13 00:00:00,-0.5729716874561519,SUSPECTED_CORPORATE_ACTION_OR_DATA_BREAK
NIFTYGS48YR,2018-03-13 09:15:00,1.371922320797064,SUSPECTED_CORPORATE_ACTION_OR_DATA_BREAK
NIFTYGS48YR,2018-03-14 00:00:00,-0.5784526884245128,SUSPECTED_CORPORATE_ACTION_OR_DATA_BREAK
NIFTYGS48YR,2018-03-14 09:15:00,1.375304254833266,SUSPECTED_CORPORATE_ACTION_OR_DATA_BREAK
NIFTYGS48YR,2018-03-15 00:00:00,-0.578152442813427,SUSPECTED_CORPORATE_ACTION_OR_DATA_BREAK
NIFTYGS48YR,2018-03-15 09:15:00,1.3475116593199514,SUSPECTED_CORPORATE_ACTION_OR_DATA_BREAK
NIFTYGS48YR,2018-03-16 00:00:00,-0.5728543859441412,SUSPECTED_CORPORATE_ACTION_OR_DATA_BREAK
NIFTYGS48YR,2018-03-16 09:15:00,1.3038971118132934,SUSPECTED_CORPORATE_ACTION_OR_DATA_BREAK
NIFTYGS48YR,2018-03-19 00:00:00,-0.566397978825794,SUSPECTED_CORPORATE_ACTION_OR_DATA_BREAK
NIFTYGS48YR,2018-03-19 09:15:00,1.25926028689548,SUSPECTED_CORPORATE_ACTION_OR_DATA_BREAK
NIFTYGS48YR,2018-03-20 00:00:00,-0.5579839363348317,SUSPECTED_CORPORATE_ACTION_OR_DATA_BREAK
NIFTYGS48YR,2018-03-20 09:15:00,1.2606108091888109,SUSPECTED_CORPORATE_ACTION_OR_DATA_BREAK
NIFTYGS48YR,2018-03-21 00:00:00,-0.5569165345427283,SUSPECTED_CORPORATE_ACTION_OR_DATA_BREAK
NIFTYGS48YR,2018-03-21 09:15:00,1.2558015677963752,SUSPECTED_CORPORATE_ACTION_OR_DATA_BREAK
NIFTYGS48YR,2018-03-22 00:00:00,-0.5566346544028136,SUSPECTED_CORPORATE_ACTION_OR_DATA_BREAK
NIFTYGS48YR,2018-03-22 09:15:00,1.2395842000454853,SUSPECTED_CORPORATE_ACTION_OR_DATA_BREAK
NIFTYGS48YR,2018-03-23 00:00:00,-0.5535479876160991,SUSPECTED_CORPORATE_ACTION_OR_DATA_BREAK
NIFTYGS48YR,2018-03-23 09:15:00,1.1827688552328648,SUSPECTED_CORPORATE_ACTION_OR_DATA_BREAK
NIFTYGS48YR,2018-03-26 00:00:00,-0.5426465542438144,SUSPECTED_CORPORATE_ACTION_OR_DATA_BREAK
NIFTYGS48YR,2018-03-26 09:15:00,1.2447318114121857,SUSPECTED_CORPORATE_ACTION_OR_DATA_BREAK
NIFTYGS48YR,2018-03-27 00:00:00,-0.5506727567554186,SUSPECTED_CORPORATE_ACTION_OR_DATA_BREAK
NIFTYGS48YR,2018-03-27 09:15:00,1.2675331544526416,SUSPECTED_CORPORATE_ACTION_OR_DATA_BREAK
NIFTYGS48YR,2018-03-28 00:00:00,-0.5595169539915685,SUSPECTED_CORPORATE_ACTION_OR_DATA_BREAK
NIFTYGS48YR,2018-03-28 09:15:00,1.2384889923489792,SUSPECTED_CORPORATE_ACTION_OR_DATA_BREAK
NIFTYGS48YR,2018-04-02 00:00:00,-0.5529078363725973,SUSPECTED_CORPORATE_ACTION_OR_DATA_BREAK
NIFTYGS48YR,2018-04-02 09:15:00,1.2396792151242901,SUSPECTED_CORPORATE_ACTION_OR_DATA_BREAK
NIFTYGS48YR,2018-04-03 00:00:00,-0.5524443514747321,SUSPECTED_CORPORATE_ACTION_OR_DATA_BREAK
NIFTYGS48YR,2018-04-03 09:15:00,1.261165059220728,SUSPECTED_CORPORATE_ACTION_OR_DATA_BREAK
NIFTYGS48YR,2018-04-04 00:00:00,-0.5568722338407665,SUSPECTED_CORPORATE_ACTION_OR_DATA_BREAK
NIFTYGS48YR,2018-04-04 09:15:00,1.2131673828221463,SUSPECTED_CORPORATE_ACTION_OR_DATA_BREAK
NIFTYGS48YR,2018-04-05 00:00:00,-0.5452453569391753,SUSPECTED_CORPORATE_ACTION_OR_DATA_BREAK
NIFTYGS48YR,2018-04-05 09:15:00,1.2660825090786156,SUSPECTED_CORPORATE_ACTION_OR_DATA_BREAK
NIFTYGS48YR,2018-04-06 00:00:00,-0.5588108615358702,SUSPECTED_CORPORATE_ACTION_OR_DATA_BREAK
NIFTYGS48YR,2018-04-06 09:15:00,1.2697375597198892,SUSPECTED_CORPORATE_ACTION_OR_DATA_BREAK
NIFTYGS48YR,2018-04-09 00:00:00,-0.5602253886632866,SUSPECTED_CORPORATE_ACTION_OR_DATA_BREAK
NIFTYGS48YR,2018-04-09 09:15:00,1.288125406374132,SUSPECTED_CORPORATE_ACTION_OR_DATA_BREAK
NIFTYGS48YR,2018-04-10 00:00:00,-0.5656378723658289,SUSPECTED_CORPORATE_ACTION_OR_DATA_BREAK
NIFTYGS48YR,2018-04-10 09:15:00,1.3343870258383728,SUSPECTED_CORPORATE_ACTION_OR_DATA_BREAK
NIFTYGS48YR,2018-04-11 00:00:00,-0.5732493376508685,SUSPECTED_CORPORATE_ACTION_OR_DATA_BREAK
NIFTYGS48YR,2018-04-11 09:15:00,1.3309824567212445,SUSPECTED_CORPORATE_ACTION_OR_DATA_BREAK
NIFTYGS48YR,2018-04-12 00:00:00,-0.5713064785331265,SUSPECTED_CORPORATE_ACTION_OR_DATA_BREAK
NIFTYGS48YR,2018-04-12 09:15:00,1.3163774726913262,SUSPECTED_CORPORATE_ACTION_OR_DATA_BREAK
NIFTYGS48YR,2018-04-13 00:00:00,-0.5674903741849349,SUSPECTED_CORPORATE_ACTION_OR_DATA_BREAK
NIFTYGS48YR,2018-04-13 09:15:00,1.3111501868654019,SUSPECTED_CORPORATE_ACTION_OR_DATA_BREAK
NIFTYGS48YR,2018-04-16 00:00:00,-0.5675201240236122,SUSPECTED_CORPORATE_ACTION_OR_DATA_BREAK
NIFTYGS48YR,2018-04-16 09:15:00,1.317016676961087,SUSPECTED_CORPORATE_ACTION_OR_DATA_BREAK
NIFTYGS48YR,2018-04-17 00:00:00,-0.5686628266768219,SUSPECTED_CORPORATE_ACTION_OR_DATA_BREAK
NIFTYGS48YR,2018-04-17 09:15:00,1.3084945536413901,SUSPECTED_CORPORATE_ACTION_OR_DATA_BREAK
NIFTYGS48YR,2018-04-18 00:00:00,-0.5675487032389148,SUSPECTED_CORPORATE_ACTION_OR_DATA_BREAK
NIFTYGS48YR,2018-04-18 09:15:00,1.3038316124610314,SUSPECTED_CORPORATE_ACTION_OR_DATA_BREAK
NIFTYGS48YR,2018-04-19 00:00:00,-0.5674352207293666,SUSPECTED_CORPORATE_ACTION_OR_DATA_BREAK
NIFTYGS48YR,2018-04-19 09:15:00,1.3448497723150652,SUSPECTED_CORPORATE_ACTION_OR_DATA_BREAK
NIFTYGS48YR,2018-04-20 00:00:00,-0.5749716151007664,SUSPECTED_CORPORATE_ACTION_OR_DATA_BREAK
NIFTYGS48YR,2018-04-20 09:15:00,1.3270445501850463,SUSPECTED_CORPORATE_ACTION_OR_DATA_BREAK
NIFTYGS48YR,2018-04-23 00:00:00,-0.5708156456646778,SUSPECTED_CORPORATE_ACTION_OR_DATA_BREAK
NIFTYGS48YR,2018-04-23 09:15:00,1.3363256936201986,SUSPECTED_CORPORATE_ACTION_OR_DATA_BREAK
NIFTYGS48YR,2018-04-24 00:00:00,-0.5717079686121115,SUSPECTED_CORPORATE_ACTION_OR_DATA_BREAK
NIFTYGS48YR,2018-04-24 09:15:00,1.3264465111098738,SUSPECTED_CORPORATE_ACTION_OR_DATA_BREAK
NIFTYGS48YR,2018-04-25 00:00:00,-0.5707463615472999,SUSPECTED_CORPORATE_ACTION_OR_DATA_BREAK
NIFTYGS48YR,2018-04-25 09:15:00,1.3108044054091734,SUSPECTED_CORPORATE_ACTION_OR_DATA_BREAK
NIFTYGS48YR,2018-04-26 00:00:00,-0.5674843442692183,SUSPECTED_CORPORATE_ACTION_OR_DATA_BREAK
NIFTYGS48YR,2018-04-26 09:15:00,1.3140357533421114,SUSPECTED_CORPORATE_ACTION_OR_DATA_BREAK
NIFTYGS48YR,2018-04-27 00:00:00,-0.5678569706322032,SUSPECTED_CORPORATE_ACTION_OR_DATA_BREAK
NIFTYGS48YR,2018-04-27 09:15:00,1.3683373598843924,SUSPECTED_CORPORATE_ACTION_OR_DATA_BREAK
NIFTYGS48YR,2018-04-30 00:00:00,-0.5774942869931915,SUSPECTED_CORPORATE_ACTION_OR_DATA_BREAK
NIFTYGS48YR,2018-04-30 09:15:00,1.3778165617455014,SUSPECTED_CORPORATE_ACTION_OR_DATA_BREAK
NIFTYGS48YR,2018-05-02 00:00:00,-0.5792022324359816,SUSPECTED_CORPORATE_ACTION_OR_DATA_BREAK
NIFTYGS48YR,2018-05-02 09:15:00,1.335228064309398,SUSPECTED_CORPORATE_ACTION_OR_DATA_BREAK
NIFTYGS48YR,2018-05-03 00:00:00,-0.5715543676693433,SUSPECTED_CORPORATE_ACTION_OR_DATA_BREAK
NIFTYGS48YR,2018-05-03 09:15:00,1.3464113446735508,SUSPECTED_CORPORATE_ACTION_OR_DATA_BREAK
NIFTYGS48YR,2018-05-04 00:00:00,-0.5738956013957794,SUSPECTED_CORPORATE_ACTION_OR_DATA_BREAK
NIFTYGS48YR,2018-05-04 09:15:00,1.3157850756246345,SUSPECTED_CORPORATE_ACTION_OR_DATA_BREAK
NIFTYGS48YR,2018-05-07 00:00:00,-0.5668314509436004,SUSPECTED_CORPORATE_ACTION_OR_DATA_BREAK
NIFTYGS48YR,2018-05-07 09:15:00,1.337809469861051,SUSPECTED_CORPORATE_ACTION_OR_DATA_BREAK
NIFTYGS48YR,2018-05-08 00:00:00,-0.5714129608513874,SUSPECTED_CORPORATE_ACTION_OR_DATA_BREAK
NIFTYGS48YR,2018-05-08 09:15:00,1.3386801760356501,SUSPECTED_CORPORATE_ACTION_OR_DATA_BREAK
NIFTYGS48YR,2018-05-09 00:00:00,-0.5743375835426838,SUSPECTED_CORPORATE_ACTION_OR_DATA_BREAK
NIFTYGS48YR,2018-05-09 09:15:00,1.3515066479588427,SUSPECTED_CORPORATE_ACTION_OR_DATA_BREAK
NIFTYGS48YR,2018-05-10 00:00:00,-0.5748543827248189,SUSPECTED_CORPORATE_ACTION_OR_DATA_BREAK
NIFTYGS48YR,2018-05-10 09:15:00,1.339214506894785,SUSPECTED_CORPORATE_ACTION_OR_DATA_BREAK
NIFTYGS48YR,2018-05-11 00:00:00,-0.5726322556068759,SUSPECTED_CORPORATE_ACTION_OR_DATA_BREAK
NIFTYGS48YR,2018-05-11 09:15:00,1.3454761201762646,SUSPECTED_CORPORATE_ACTION_OR_DATA_BREAK
NIFTYGS48YR,2018-05-14 00:00:00,-0.5749441831741959,SUSPECTED_CORPORATE_ACTION_OR_DATA_BREAK
NIFTYGS48YR,2018-05-14 09:15:00,1.3452840626519222,SUSPECTED_CORPORATE_ACTION_OR_DATA_BREAK
NIFTYGS48YR,2018-05-15 00:00:00,-0.5744892245744034,SUSPECTED_CORPORATE_ACTION_OR_DATA_BREAK
NIFTYGS48YR,2018-05-15 09:15:00,1.339141828444081,SUSPECTED_CORPORATE_ACTION_OR_DATA_BREAK
NIFTYGS48YR,2018-05-16 00:00:00,-0.572511939101605,SUSPECTED_CORPORATE_ACTION_OR_DATA_BREAK
NIFTYGS48YR,2018-05-16 09:15:00,1.3222235288188555,SUSPECTED_CORPORATE_ACTION_OR_DATA_BREAK
NIFTYGS48YR,2018-05-17 00:00:00,-0.5684305711288747,SUSPECTED_CORPORATE_ACTION_OR_DATA_BREAK
NIFTYGS48YR,2018-05-17 09:15:00,1.293908612424151,SUSPECTED_CORPORATE_ACTION_OR_DATA_BREAK
NIFTYGS48YR,2018-05-18 00:00:00,-0.5629862379734503,SUSPECTED_CORPORATE_ACTION_OR_DATA_BREAK
NIFTYGS48YR,2018-05-18 09:15:00,1.2471797387078074,SUSPECTED_CORPORATE_ACTION_OR_DATA_BREAK
NIFTYGS48YR,2018-05-21 00:00:00,-0.5544322635051342,SUSPECTED_CORPORATE_ACTION_OR_DATA_BREAK
NIFTYGS48YR,2018-05-21 09:15:00,1.2162443499365412,SUSPECTED_CORPORATE_ACTION_OR_DATA_BREAK
NIFTYGS48YR,2018-05-22 00:00:00,-0.5492232534190664,SUSPECTED_CORPORATE_ACTION_OR_DATA_BREAK
NIFTYGS48YR,2018-05-22 09:15:00,1.2405415946954923,SUSPECTED_CORPORATE_ACTION_OR_DATA_BREAK
NIFTYGS48YR,2018-05-23 00:00:00,-0.5540250180298923,SUSPECTED_CORPORATE_ACTION_OR_DATA_BREAK
NIFTYGS48YR,2018-05-23 09:15:00,1.2189415103913994,SUSPECTED_CORPORATE_ACTION_OR_DATA_BREAK
NIFTYGS48YR,2018-05-24 00:00:00,-0.5500910975686373,SUSPECTED_CORPORATE_ACTION_OR_DATA_BREAK
NIFTYGS48YR,2018-05-24 09:15:00,1.2522761548343855,SUSPECTED_CORPORATE_ACTION_OR_DATA_BREAK
NIFTYGS48YR,2018-05-25 00:00:00,-0.5541521483042966,SUSPECTED_CORPORATE_ACTION_OR_DATA_BREAK
NIFTYGS48YR,2018-05-25 09:15:00,1.283579100774849,SUSPECTED_CORPORATE_ACTION_OR_DATA_BREAK
NIFTYGS48YR,2018-05-28 00:00:00,-0.5612603066729999,SUSPECTED_CORPORATE_ACTION_OR_DATA_BREAK
NIFTYGS48YR,2018-05-28 09:15:00,1.3256698386613217,SUSPECTED_CORPORATE_ACTION_OR_DATA_BREAK
NIFTYGS48YR,2018-05-29 00:00:00,-0.5704221821697562,SUSPECTED_CORPORATE_ACTION_OR_DATA_BREAK
NIFTYGS48YR,2018-05-29 09:15:00,1.3114733145130812,SUSPECTED_CORPORATE_ACTION_OR_DATA_BREAK
NIFTYGS48YR,2018-05-30 00:00:00,-0.5674620442606595,SUSPECTED_CORPORATE_ACTION_OR_DATA_BREAK
NIFTYGS48YR,2018-05-30 09:15:00,1.3044321668371204,SUSPECTED_CORPORATE_ACTION_OR_DATA_BREAK
NIFTYGS48YR,2018-05-31 00:00:00,-0.5668929919560053,SUSPECTED_CORPORATE_ACTION_OR_DATA_BREAK
NIFTYGS48YR,2018-05-31 09:15:00,1.3116548974181903,SUSPECTED_CORPORATE_ACTION_OR_DATA_BREAK
NIFTYGS48YR,2018-06-01 00:00:00,-0.5677491628321568,SUSPECTED_CORPORATE_ACTION_OR_DATA_BREAK
NIFTYGS48YR,2018-06-01 09:15:00,1.3001231726144362,SUSPECTED_CORPORATE_ACTION_OR_DATA_BREAK
NIFTYGS48YR,2018-06-04 00:00:00,-0.5654539066380742,SUSPECTED_CORPORATE_ACTION_OR_DATA_BREAK
NIFTYGS48YR,2018-06-04 09:15:00,1.281902584548471,SUSPECTED_CORPORATE_ACTION_OR_DATA_BREAK
NIFTYGS48YR,2018-06-05 00:00:00,-0.5608919298674323,SUSPECTED_CORPORATE_ACTION_OR_DATA_BREAK
NIFTYGS48YR,2018-06-05 09:15:00,1.2600086814250893,SUSPECTED_CORPORATE_ACTION_OR_DATA_BREAK
NIFTYGS48YR,2018-06-06 00:00:00,-0.5588682869173376,SUSPECTED_CORPORATE_ACTION_OR_DATA_BREAK
NIFTYGS48YR,2018-06-06 09:15:00,1.3047703574698013,SUSPECTED_CORPORATE_ACTION_OR_DATA_BREAK
NIFTYGS48YR,2018-06-07 00:00:00,-0.5674614611462963,SUSPECTED_CORPORATE_ACTION_OR_DATA_BREAK
NIFTYGS48YR,2018-06-07 09:15:00,1.3307464458293436,SUSPECTED_CORPORATE_ACTION_OR_DATA_BREAK
NIFTYGS48YR,2018-06-08 00:00:00,-0.5702249822824952,SUSPECTED_CORPORATE_ACTION_OR_DATA_BREAK
NIFTYGS48YR,2018-06-08 09:15:00,1.3434565334048836,SUSPECTED_CORPORATE_ACTION_OR_DATA_BREAK
NIFTYGS48YR,2018-06-11 00:00:00,-0.5732488938185027,SUSPECTED_CORPORATE_ACTION_OR_DATA_BREAK
NIFTYGS48YR,2018-06-11 09:15:00,1.3509158287173926,SUSPECTED_CORPORATE_ACTION_OR_DATA_BREAK
NIFTYGS48YR,2018-06-12 00:00:00,-0.5749072753209701,SUSPECTED_CORPORATE_ACTION_OR_DATA_BREAK
NIFTYGS48YR,2018-06-12 09:15:00,1.3637258520979452,SUSPECTED_CORPORATE_ACTION_OR_DATA_BREAK
NIFTYGS48YR,2018-06-13 00:00:00,-0.5755122805357058,SUSPECTED_CORPORATE_ACTION_OR_DATA_BREAK
NIFTYGS48YR,2018-06-13 09:15:00,1.3612434990551683,SUSPECTED_CORPORATE_ACTION_OR_DATA_BREAK
NIFTYGS48YR,2018-06-14 00:00:00,-0.5766595845136921,SUSPECTED_CORPORATE_ACTION_OR_DATA_BREAK
NIFTYGS48YR,2018-06-14 09:15:00,1.3531871943432945,SUSPECTED_CORPORATE_ACTION_OR_DATA_BREAK
NIFTYGS48YR,2018-06-15 00:00:00,-0.5741818526505367,SUSPECTED_CORPORATE_ACTION_OR_DATA_BREAK
NIFTYGS48YR,2018-06-15 09:15:00,1.3328380386329863,SUSPECTED_CORPORATE_ACTION_OR_DATA_BREAK
NIFTYGS48YR,2018-06-18 00:00:00,-0.5710536988000667,SUSPECTED_CORPORATE_ACTION_OR_DATA_BREAK
NIFTYGS48YR,2018-06-18 09:15:00,1.3182525999666312,SUSPECTED_CORPORATE_ACTION_OR_DATA_BREAK
NIFTYGS48YR,2018-06-19 00:00:00,-0.5683239573462557,SUSPECTED_CORPORATE_ACTION_OR_DATA_BREAK
NIFTYGS48YR,2018-06-19 09:15:00,1.283680296984584,SUSPECTED_CORPORATE_ACTION_OR_DATA_BREAK
NIFTYGS48YR,2018-06-20 00:00:00,-0.5614557223858079,SUSPECTED_CORPORATE_ACTION_OR_DATA_BREAK
NIFTYGS48YR,2018-06-20 09:15:00,1.2935891815704927,SUSPECTED_CORPORATE_ACTION_OR_DATA_BREAK
NIFTYGS48YR,2018-06-21 00:00:00,-0.5626472794135436,SUSPECTED_CORPORATE_ACTION_OR_DATA_BREAK
NIFTYGS48YR,2018-06-21 09:15:00,1.2664033500948713,SUSPECTED_CORPORATE_ACTION_OR_DATA_BREAK
NIFTYGS48YR,2018-06-22 00:00:00,-0.5594996338784477,SUSPECTED_CORPORATE_ACTION_OR_DATA_BREAK
NIFTYGS48YR,2018-06-22 09:15:00,1.2995683564854579,SUSPECTED_CORPORATE_ACTION_OR_DATA_BREAK
NIFTYGS48YR,2018-06-25 00:00:00,-0.56511650321679,SUSPECTED_CORPORATE_ACTION_OR_DATA_BREAK
NIFTYGS48YR,2018-06-25 09:15:00,1.2770263905895916,SUSPECTED_CORPORATE_ACTION_OR_DATA_BREAK
NIFTYGS48YR,2018-06-26 00:00:00,-0.5607893712283434,SUSPECTED_CORPORATE_ACTION_OR_DATA_BREAK
NIFTYGS48YR,2018-06-26 09:15:00,1.2776152644350631,SUSPECTED_CORPORATE_ACTION_OR_DATA_BREAK
NIFTYGS48YR,2018-06-27 00:00:00,-0.5615329417058903,SUSPECTED_CORPORATE_ACTION_OR_DATA_BREAK
NIFTYGS48YR,2018-06-27 09:15:00,1.252268995206817,SUSPECTED_CORPORATE_ACTION_OR_DATA_BREAK
NIFTYGS48YR,2018-06-28 00:00:00,-0.5573407884527752,SUSPECTED_CORPORATE_ACTION_OR_DATA_BREAK
NIFTYGS48YR,2018-06-28 09:15:00,1.2386805628975086,SUSPECTED_CORPORATE_ACTION_OR_DATA_BREAK
NIFTYGS48YR,2018-06-29 00:00:00,-0.5526794591370053,SUSPECTED_CORPORATE_ACTION_OR_DATA_BREAK
NIFTYGS48YR,2018-06-29 09:15:00,1.2695953680139582,SUSPECTED_CORPORATE_ACTION_OR_DATA_BREAK
NIFTYGS48YR,2018-07-02 00:00:00,-0.5592116538131962,SUSPECTED_CORPORATE_ACTION_OR_DATA_BREAK
NIFTYGS48YR,2018-07-02 09:15:00,1.2482226171961783,SUSPECTED_CORPORATE_ACTION_OR_DATA_BREAK
NIFTYGS48YR,2018-07-03 00:00:00,-0.5548533735207648,SUSPECTED_CORPORATE_ACTION_OR_DATA_BREAK
NIFTYGS48YR,2018-07-03 09:15:00,1.2528332463842116,SUSPECTED_CORPORATE_ACTION_OR_DATA_BREAK
NIFTYGS48YR,2018-07-04 00:00:00,-0.5557572920772567,SUSPECTED_CORPORATE_ACTION_OR_DATA_BREAK
NIFTYGS48YR,2018-07-04 09:15:00,1.2534894940857444,SUSPECTED_CORPORATE_ACTION_OR_DATA_BREAK
NIFTYGS48YR,2018-07-05 00:00:00,-0.5569155808201987,SUSPECTED_CORPORATE_ACTION_OR_DATA_BREAK
NIFTYGS48YR,2018-07-05 09:15:00,1.2428271518544438,SUSPECTED_CORPORATE_ACTION_OR_DATA_BREAK
NIFTYGS48YR,2018-07-06 00:00:00,-0.5537107198573658,SUSPECTED_CORPORATE_ACTION_OR_DATA_BREAK
NIFTYGS48YR,2018-07-06 09:15:00,1.2452212512137604,SUSPECTED_CORPORATE_ACTION_OR_DATA_BREAK
NIFTYGS48YR,2018-07-09 00:00:00,-0.5545305144015125,SUSPECTED_CORPORATE_ACTION_OR_DATA_BREAK
NIFTYGS48YR,2018-07-09 09:15:00,1.2776646676689394,SUSPECTED_CORPORATE_ACTION_OR_DATA_BREAK
NIFTYGS48YR,2018-07-10 00:00:00,-0.5608076674826153,SUSPECTED_CORPORATE_ACTION_OR_DATA_BREAK
NIFTYGS48YR,2018-07-10 09:15:00,1.2960952101022087,SUSPECTED_CORPORATE_ACTION_OR_DATA_BREAK
NIFTYGS48YR,2018-07-11 00:00:00,-0.5639586981462472,SUSPECTED_CORPORATE_ACTION_OR_DATA_BREAK
NIFTYGS48YR,2018-07-11 09:15:00,1.271785611415151,SUSPECTED_CORPORATE_ACTION_OR_DATA_BREAK
NIFTYGS48YR,2018-07-12 00:00:00,-0.5580328188623119,SUSPECTED_CORPORATE_ACTION_OR_DATA_BREAK
NIFTYGS48YR,2018-07-12 09:15:00,1.266859387412834,SUSPECTED_CORPORATE_ACTION_OR_DATA_BREAK
NIFTYGS48YR,2018-07-13 00:00:00,-0.559070333414456,SUSPECTED_CORPORATE_ACTION_OR_DATA_BREAK
NIFTYGS48YR,2018-07-13 09:15:00,1.24679596860546,SUSPECTED_CORPORATE_ACTION_OR_DATA_BREAK
NIFTYGS48YR,2018-07-16 00:00:00,-0.554786646031395,SUSPECTED_CORPORATE_ACTION_OR_DATA_BREAK
NIFTYGS48YR,2018-07-16 09:15:00,1.1955990354957433,SUSPECTED_CORPORATE_ACTION_OR_DATA_BREAK
NIFTYGS48YR,2018-07-17 00:00:00,-0.5434854177399696,SUSPECTED_CORPORATE_ACTION_OR_DATA_BREAK
NIFTYGS48YR,2018-07-17 09:15:00,1.2400277450537835,SUSPECTED_CORPORATE_ACTION_OR_DATA_BREAK
NIFTYGS48YR,2018-07-18 00:00:00,-0.5536580570642157,SUSPECTED_CORPORATE_ACTION_OR_DATA_BREAK
NIFTYGS48YR,2018-07-18 09:15:00,1.2219622180254488,SUSPECTED_CORPORATE_ACTION_OR_DATA_BREAK
NIFTYGS48YR,2018-07-19 00:00:00,-0.550232310341837,SUSPECTED_CORPORATE_ACTION_OR_DATA_BREAK
NIFTYGS48YR,2018-07-19 09:15:00,1.2258768305179992,SUSPECTED_CORPORATE_ACTION_OR_DATA_BREAK
NIFTYGS48YR,2018-07-20 00:00:00,-0.550464097423331,SUSPECTED_CORPORATE_ACTION_OR_DATA_BREAK
NIFTYGS48YR,2018-07-20 09:15:00,1.2263059074866338,SUSPECTED_CORPORATE_ACTION_OR_DATA_BREAK
NIFTYGS48YR,2018-07-23 00:00:00,-0.5509614552289562,SUSPECTED_CORPORATE_ACTION_OR_DATA_BREAK
NIFTYGS48YR,2018-07-23 09:51:00,1.2616241283969112,SUSPECTED_CORPORATE_ACTION_OR_DATA_BREAK
NIFTYGS48YR,2018-07-24 00:00:00,-0.5572700152207002,SUSPECTED_CORPORATE_ACTION_OR_DATA_BREAK
NIFTYGS48YR,2018-07-24 09:15:00,1.2895993311183962,SUSPECTED_CORPORATE_ACTION_OR_DATA_BREAK
NIFTYGS48YR,2018-07-25 00:00:00,-0.5632687872381319,SUSPECTED_CORPORATE_ACTION_OR_DATA_BREAK
NIFTYGS48YR,2018-07-25 09:15:00,1.289022746651264,SUSPECTED_CORPORATE_ACTION_OR_DATA_BREAK
NIFTYGS48YR,2018-07-26 00:00:00,-0.5626012352502945,SUSPECTED_CORPORATE_ACTION_OR_DATA_BREAK
NIFTYGS48YR,2018-07-26 09:15:00,1.3005285540037144,SUSPECTED_CORPORATE_ACTION_OR_DATA_BREAK
NIFTYGS48YR,2018-07-27 00:00:00,-0.5654725227484416,SUSPECTED_CORPORATE_ACTION_OR_DATA_BREAK
NIFTYGS48YR,2018-07-27 09:15:00,1.3289417998142254,SUSPECTED_CORPORATE_ACTION_OR_DATA_BREAK
NIFTYGS48YR,2018-07-30 00:00:00,-0.5704859226394166,SUSPECTED_CORPORATE_ACTION_OR_DATA_BREAK
NIFTYGS48YR,2018-07-30 09:15:00,1.373597512060572,SUSPECTED_CORPORATE_ACTION_OR_DATA_BREAK
NIFTYGS48YR,2018-07-31 00:00:00,-0.5782217180953262,SUSPECTED_CORPORATE_ACTION_OR_DATA_BREAK
NIFTYGS48YR,2018-07-31 09:15:00,1.355985598559856,SUSPECTED_CORPORATE_ACTION_OR_DATA_BREAK
NIFTYGS48YR,2018-08-01 00:00:00,-0.5741072052554337,SUSPECTED_CORPORATE_ACTION_OR_DATA_BREAK
NIFTYGS48YR,2018-08-01 09:15:00,1.3393391422304637,SUSPECTED_CORPORATE_ACTION_OR_DATA_BREAK
NIFTYGS48YR,2018-08-02 00:00:00,-0.5727065480435367,SUSPECTED_CORPORATE_ACTION_OR_DATA_BREAK
NIFTYGS48YR,2018-08-02 09:15:00,1.3366731054408554,SUSPECTED_CORPORATE_ACTION_OR_DATA_BREAK
NIFTYGS48YR,2018-08-03 00:00:00,-0.5725797386539272,SUSPECTED_CORPORATE_ACTION_OR_DATA_BREAK
NIFTYGS48YR,2018-08-03 09:15:00,1.3940783598240163,SUSPECTED_CORPORATE_ACTION_OR_DATA_BREAK
NIFTYGS48YR,2018-08-06 00:00:00,-0.5820006407909191,SUSPECTED_CORPORATE_ACTION_OR_DATA_BREAK
NIFTYGS48YR,2018-08-06 09:15:00,1.423774562138309,SUSPECTED_CORPORATE_ACTION_OR_DATA_BREAK
NIFTYGS48YR,2018-08-07 00:00:00,-0.5876056019878021,SUSPECTED_CORPORATE_ACTION_OR_DATA_BREAK
NIFTYGS48YR,2018-08-07 09:15:00,1.414127416236231,SUSPECTED_CORPORATE_ACTION_OR_DATA_BREAK
NIFTYGS48YR,2018-08-08 00:00:00,-0.5855152697735626,SUSPECTED_CORPORATE_ACTION_OR_DATA_BREAK
NIFTYGS48YR,2018-08-08 09:15:00,1.4219673746441863,SUSPECTED_CORPORATE_ACTION_OR_DATA_BREAK
NIFTYGS48YR,2018-08-09 00:00:00,-0.586341805196126,SUSPECTED_CORPORATE_ACTION_OR_DATA_BREAK
NIFTYGS48YR,2018-08-09 09:15:00,1.4410040377880136,SUSPECTED_CORPORATE_ACTION_OR_DATA_BREAK
NIFTYGS48YR,2018-08-10 00:00:00,-0.5902832648767222,SUSPECTED_CORPORATE_ACTION_OR_DATA_BREAK
NIFTYGS48YR,2018-08-10 09:15:00,1.4025229044541443,SUSPECTED_CORPORATE_ACTION_OR_DATA_BREAK
NIFTYGS48YR,2018-08-13 00:00:00,-0.5847009198094437,SUSPECTED_CORPORATE_ACTION_OR_DATA_BREAK
NIFTYGS48YR,2018-08-13 09:15:00,1.3669196316129528,SUSPECTED_CORPORATE_ACTION_OR_DATA_BREAK
NIFTYGS48YR,2018-08-14 00:00:00,-0.5774104746923291,SUSPECTED_CORPORATE_ACTION_OR_DATA_BREAK
NIFTYGS48YR,2018-08-14 09:15:00,1.4021633812685779,SUSPECTED_CORPORATE_ACTION_OR_DATA_BREAK
NIFTYGS48YR,2018-08-16 00:00:00,-0.5846337906202999,SUSPECTED_CORPORATE_ACTION_OR_DATA_BREAK
NIFTYGS48YR,2018-08-16 09:15:00,1.3995314668817307,SUSPECTED_CORPORATE_ACTION_OR_DATA_BREAK
NIFTYGS48YR,2018-08-17 00:00:00,-0.5831628045225383,SUSPECTED_CORPORATE_ACTION_OR_DATA_BREAK
NIFTYGS48YR,2018-08-17 09:15:00,1.4423783665185672,SUSPECTED_CORPORATE_ACTION_OR_DATA_BREAK
NIFTYGS48YR,2018-08-20 00:00:00,-0.589898263974667,SUSPECTED_CORPORATE_ACTION_OR_DATA_BREAK
NIFTYGS48YR,2018-08-20 09:15:00,1.4620768211340263,SUSPECTED_CORPORATE_ACTION_OR_DATA_BREAK
NIFTYGS48YR,2018-08-21 00:00:00,-0.5934295691630151,SUSPECTED_CORPORATE_ACTION_OR_DATA_BREAK
NIFTYGS48YR,2018-08-21 09:15:00,1.460391706329668,SUSPECTED_CORPORATE_ACTION_OR_DATA_BREAK
NIFTYGS48YR,2018-08-23 00:00:00,-0.594049829343947,SUSPECTED_CORPORATE_ACTION_OR_DATA_BREAK
NIFTYGS48YR,2018-08-23 09:15:00,1.4490880210330284,SUSPECTED_CORPORATE_ACTION_OR_DATA_BREAK
NIFTYGS48YR,2018-08-24 00:00:00,-0.5914566233533871,SUSPECTED_CORPORATE_ACTION_OR_DATA_BREAK
NIFTYGS48YR,2018-08-24 09:15:00,1.4425472978891127,SUSPECTED_CORPORATE_ACTION_OR_DATA_BREAK
NIFTYGS48YR,2018-08-27 00:00:00,-0.5905868641931038,SUSPECTED_CORPORATE_ACTION_OR_DATA_BREAK
NIFTYGS48YR,2018-08-27 09:15:00,1.4718624434785466,SUSPECTED_CORPORATE_ACTION_OR_DATA_BREAK
NIFTYGS48YR,2018-08-28 00:00:00,-0.5954489585755572,SUSPECTED_CORPORATE_ACTION_OR_DATA_BREAK
NIFTYGS48YR,2018-08-28 09:15:00,1.473627739184225,SUSPECTED_CORPORATE_ACTION_OR_DATA_BREAK
NIFTYGS48YR,2018-08-29 00:00:00,-0.5958571697298971,SUSPECTED_CORPORATE_ACTION_OR_DATA_BREAK
NIFTYGS48YR,2018-08-29 09:15:00,1.4717442968382088,SUSPECTED_CORPORATE_ACTION_OR_DATA_BREAK
NIFTYGS48YR,2018-08-30 00:00:00,-0.5957973791774207,SUSPECTED_CORPORATE_ACTION_OR_DATA_BREAK
NIFTYGS48YR,2018-08-30 09:15:00,1.4812141342058962,SUSPECTED_CORPORATE_ACTION_OR_DATA_BREAK
NIFTYGS48YR,2018-08-31 00:00:00,-0.5971548486856637,SUSPECTED_CORPORATE_ACTION_OR_DATA_BREAK
NIFTYGS48YR,2018-08-31 09:15:00,1.4786695034216528,SUSPECTED_CORPORATE_ACTION_OR_DATA_BREAK
NIFTYGS48YR,2018-09-03 00:00:00,-0.597011260314581,SUSPECTED_CORPORATE_ACTION_OR_DATA_BREAK
NIFTYGS48YR,2018-09-03 09:15:00,1.4650999379676444,SUSPECTED_CORPORATE_ACTION_OR_DATA_BREAK
NIFTYGS48YR,2018-09-04 00:00:00,-0.5952076606168578,SUSPECTED_CORPORATE_ACTION_OR_DATA_BREAK
NIFTYGS48YR,2018-09-04 09:15:00,1.4335981339260173,SUSPECTED_CORPORATE_ACTION_OR_DATA_BREAK
NIFTYGS48YR,2018-09-05 00:00:00,-0.588852970431323,SUSPECTED_CORPORATE_ACTION_OR_DATA_BREAK
NIFTYGS48YR,2018-09-05 09:15:00,1.4450034364261168,SUSPECTED_CORPORATE_ACTION_OR_DATA_BREAK
NIFTYGS48YR,2018-09-06 00:00:00,-0.5910161125290936,SUSPECTED_CORPORATE_ACTION_OR_DATA_BREAK
NIFTYGS48YR,2018-09-06 09:15:00,1.4559160714580277,SUSPECTED_CORPORATE_ACTION_OR_DATA_BREAK
NIFTYGS48YR,2018-09-07 00:00:00,-0.5922333792300545,SUSPECTED_CORPORATE_ACTION_OR_DATA_BREAK
NIFTYGS48YR,2018-09-07 09:15:00,1.4591091027886525,SUSPECTED_CORPORATE_ACTION_OR_DATA_BREAK
NIFTYGS48YR,2018-09-10 00:00:00,-0.5952308654103777,SUSPECTED_CORPORATE_ACTION_OR_DATA_BREAK
NIFTYGS48YR,2018-09-10 09:15:00,1.4325382816292307,SUSPECTED_CORPORATE_ACTION_OR_DATA_BREAK
NIFTYGS48YR,2018-09-11 00:00:00,-0.5893716410802966,SUSPECTED_CORPORATE_ACTION_OR_DATA_BREAK
NIFTYGS48YR,2018-09-11 09:15:00,1.3990380101942206,SUSPECTED_CORPORATE_ACTION_OR_DATA_BREAK
NIFTYGS48YR,2018-09-12 00:00:00,-0.5826690452897508,SUSPECTED_CORPORATE_ACTION_OR_DATA_BREAK
NIFTYGS48YR,2018-09-12 09:15:00,1.4066872955725076,SUSPECTED_CORPORATE_ACTION_OR_DATA_BREAK
NIFTYGS48YR,2018-09-14 00:00:00,-0.5837279123599111,SUSPECTED_CORPORATE_ACTION_OR_DATA_BREAK
NIFTYGS48YR,2018-09-14 09:15:00,1.4578818710359411,SUSPECTED_CORPORATE_ACTION_OR_DATA_BREAK
NIFTYGS48YR,2018-09-17 00:00:00,-0.5922227448872164,SUSPECTED_CORPORATE_ACTION_OR_DATA_BREAK
NIFTYGS48YR,2018-09-17 09:15:00,1.421529959789941,SUSPECTED_CORPORATE_ACTION_OR_DATA_BREAK
NIFTYGS48YR,2018-09-18 00:00:00,-0.5876050586967617,SUSPECTED_CORPORATE_ACTION_OR_DATA_BREAK
NIFTYGS48YR,2018-09-18 09:15:00,1.3701827343036626,SUSPECTED_CORPORATE_ACTION_OR_DATA_BREAK
NIFTYGS48YR,2018-09-19 00:00:00,-0.5768105178876035,SUSPECTED_CORPORATE_ACTION_OR_DATA_BREAK
NIFTYGS48YR,2018-09-19 09:15:00,1.3590865716824059,SUSPECTED_CORPORATE_ACTION_OR_DATA_BREAK
NIFTYGS48YR,2018-09-21 00:00:00,-0.5761257177394983,SUSPECTED_CORPORATE_ACTION_OR_DATA_BREAK
NIFTYGS48YR,2018-09-21 09:15:00,1.2733330408362487,SUSPECTED_CORPORATE_ACTION_OR_DATA_BREAK
NIFTYGS48YR,2018-09-24 00:00:00,-0.5605587252572283,SUSPECTED_CORPORATE_ACTION_OR_DATA_BREAK
NIFTYGS48YR,2018-09-24 09:15:00,1.2265103895034448,SUSPECTED_CORPORATE_ACTION_OR_DATA_BREAK
NIFTYGS48YR,2018-09-25 00:00:00,-0.5506546342185072,SUSPECTED_CORPORATE_ACTION_OR_DATA_BREAK
NIFTYGS48YR,2018-09-25 09:15:00,1.2462288947053626,SUSPECTED_CORPORATE_ACTION_OR_DATA_BREAK
NIFTYGS48YR,2018-09-26 00:00:00,-0.5537369764629723,SUSPECTED_CORPORATE_ACTION_OR_DATA_BREAK
NIFTYGS48YR,2018-09-26 09:15:00,1.2568973067659295,SUSPECTED_CORPORATE_ACTION_OR_DATA_BREAK
NIFTYGS48YR,2018-09-27 00:00:00,-0.5559509083412161,SUSPECTED_CORPORATE_ACTION_OR_DATA_BREAK
NIFTYGS48YR,2018-09-27 09:15:00,1.209398231345281,SUSPECTED_CORPORATE_ACTION_OR_DATA_BREAK
NIFTYGS48YR,2018-09-28 00:00:00,-0.5470320650695938,SUSPECTED_CORPORATE_ACTION_OR_DATA_BREAK
NIFTYGS48YR,2018-09-28 09:15:00,1.1468336053181676,SUSPECTED_CORPORATE_ACTION_OR_DATA_BREAK
NIFTYGS48YR,2018-10-01 00:00:00,-0.5331858800798281,SUSPECTED_CORPORATE_ACTION_OR_DATA_BREAK
NIFTYGS48YR,2018-10-01 09:15:00,1.1868651936891061,SUSPECTED_CORPORATE_ACTION_OR_DATA_BREAK
NIFTYGS48YR,2018-10-03 00:00:00,-0.5448586726435065,SUSPECTED_CORPORATE_ACTION_OR_DATA_BREAK
NIFTYGS48YR,2018-10-03 09:15:00,1.2110449655836555,SUSPECTED_CORPORATE_ACTION_OR_DATA_BREAK
NIFTYGS48YR,2018-10-04 00:00:00,-0.5484527153268415,SUSPECTED_CORPORATE_ACTION_OR_DATA_BREAK
NIFTYGS48YR,2018-10-04 09:15:00,1.1727097354056601,SUSPECTED_CORPORATE_ACTION_OR_DATA_BREAK
NIFTYGS48YR,2018-10-05 00:00:00,-0.5364459578761509,SUSPECTED_CORPORATE_ACTION_OR_DATA_BREAK
NIFTYGS48YR,2018-10-05 09:15:00,1.0663470746996344,SUSPECTED_CORPORATE_ACTION_OR_DATA_BREAK
NIFTYGS48YR,2018-10-08 00:00:00,-0.514500520085847,SUSPECTED_CORPORATE_ACTION_OR_DATA_BREAK
NIFTYGS48YR,2018-10-08 09:15:00,1.0543918076000995,SUSPECTED_CORPORATE_ACTION_OR_DATA_BREAK
NIFTYGS48YR,2018-10-09 00:00:00,-0.5152392016052382,SUSPECTED_CORPORATE_ACTION_OR_DATA_BREAK
NIFTYGS48YR,2018-10-09 09:15:00,1.0657596618883711,SUSPECTED_CORPORATE_ACTION_OR_DATA_BREAK
NIFTYGS48YR,2018-10-10 00:00:00,-0.5144058635872288,SUSPECTED_CORPORATE_ACTION_OR_DATA_BREAK
NIFTYGS48YR,2018-10-10 09:15:00,1.1249748888321816,SUSPECTED_CORPORATE_ACTION_OR_DATA_BREAK
NIFTYGS48YR,2018-10-11 00:00:00,-0.5281772190709797,SUSPECTED_CORPORATE_ACTION_OR_DATA_BREAK
NIFTYGS48YR,2018-10-11 09:15:00,1.0439776456444747,SUSPECTED_CORPORATE_ACTION_OR_DATA_BREAK
NIFTYGS48YR,2018-10-12 00:00:00,-0.510839989932308,SUSPECTED_CORPORATE_ACTION_OR_DATA_BREAK
NIFTYGS48YR,2018-10-12 09:15:00,1.0913064436633069,SUSPECTED_CORPORATE_ACTION_OR_DATA_BREAK
NIFTYGS48YR,2018-10-15 00:00:00,-0.5201595358955765,SUSPECTED_CORPORATE_ACTION_OR_DATA_BREAK
NIFTYGS48YR,2018-10-15 09:15:00,1.0968447073555128,SUSPECTED_CORPORATE_ACTION_OR_DATA_BREAK
NIFTYGS48YR,2018-10-16 00:00:00,-0.5221225498397662,SUSPECTED_CORPORATE_ACTION_OR_DATA_BREAK
NIFTYGS48YR,2018-10-16 09:15:00,1.1099847565081093,SUSPECTED_CORPORATE_ACTION_OR_DATA_BREAK
NIFTYGS48YR,2018-10-17 00:00:00,-0.5267087880528432,SUSPECTED_CORPORATE_ACTION_OR_DATA_BREAK
NIFTYGS48YR,2018-10-17 09:15:00,1.0325782092772386,SUSPECTED_CORPORATE_ACTION_OR_DATA_BREAK
NIFTYGS48YR,2018-10-19 00:00:00,-0.5080352404203375,SUSPECTED_CORPORATE_ACTION_OR_DATA_BREAK
NIFTYGS48YR,2018-10-19 09:15:00,1.008635755588159,SUSPECTED_CORPORATE_ACTION_OR_DATA_BREAK
NIFTYGS48YR,2018-10-22 00:00:00,-0.501572297487815,SUSPECTED_CORPORATE_ACTION_OR_DATA_BREAK
NIFTYGS48YR,2018-10-22 09:15:00,0.9970151987802185,SUSPECTED_CORPORATE_ACTION_OR_DATA_BREAK
NIFTYGS48YR,2018-10-23 00:00:00,-0.49869691900933466,SUSPECTED_CORPORATE_ACTION_OR_DATA_BREAK
NIFTYGS48YR,2018-10-23 09:15:00,0.9696953388621892,SUSPECTED_CORPORATE_ACTION_OR_DATA_BREAK
NIFTYGS48YR,2018-10-24 00:00:00,-0.49193841445921394,SUSPECTED_CORPORATE_ACTION_OR_DATA_BREAK
NIFTYGS48YR,2018-10-24 09:15:00,1.006394260761073,SUSPECTED_CORPORATE_ACTION_OR_DATA_BREAK
NIFTYGS48YR,2018-10-25 00:00:00,-0.5010118337644236,SUSPECTED_CORPORATE_ACTION_OR_DATA_BREAK
NIFTYGS48YR,2018-10-25 09:15:00,0.9579405366207396,SUSPECTED_CORPORATE_ACTION_OR_DATA_BREAK
NIFTYGS48YR,2018-10-26 00:00:00,-0.48907270233196165,SUSPECTED_CORPORATE_ACTION_OR_DATA_BREAK
NIFTYGS48YR,2018-10-26 09:15:00,0.9427813545397432,SUSPECTED_CORPORATE_ACTION_OR_DATA_BREAK
NIFTYGS48YR,2018-10-29 00:00:00,-0.4834609325336502,SUSPECTED_CORPORATE_ACTION_OR_DATA_BREAK
NIFTYGS48YR,2018-10-29 09:15:00,1.0159292414213783,SUSPECTED_CORPORATE_ACTION_OR_DATA_BREAK
NIFTYGS48YR,2018-10-30 00:00:00,-0.5043277461480272,SUSPECTED_CORPORATE_ACTION_OR_DATA_BREAK
NIFTYGS48YR,2018-10-30 09:15:00,1.0081714833437752,SUSPECTED_CORPORATE_ACTION_OR_DATA_BREAK
NIFTYGS48YR,2018-10-31 00:00:00,-0.5022398805397046,SUSPECTED_CORPORATE_ACTION_OR_DATA_BREAK
NIFTYGS48YR,2018-10-31 09:15:00,1.04060641774254,SUSPECTED_CORPORATE_ACTION_OR_DATA_BREAK
NIFTYGS48YR,2018-11-01 00:00:00,-0.5085503517799013,SUSPECTED_CORPORATE_ACTION_OR_DATA_BREAK
NIFTYGS48YR,2018-11-01 09:15:00,1.061211625882064,SUSPECTED_CORPORATE_ACTION_OR_DATA_BREAK
NIFTYGS48YR,2018-11-02 00:00:00,-0.5134982442045793,SUSPECTED_CORPORATE_ACTION_OR_DATA_BREAK
NIFTYGS48YR,2018-11-02 09:15:00,1.0952302316166285,SUSPECTED_CORPORATE_ACTION_OR_DATA_BREAK
NIFTYGS48YR,2018-11-05 00:00:00,-0.5228526028093816,SUSPECTED_CORPORATE_ACTION_OR_DATA_BREAK
NIFTYGS48YR,2018-11-05 09:15:00,1.0937636539957585,SUSPECTED_CORPORATE_ACTION_OR_DATA_BREAK
NIFTYGS48YR,2018-11-06 00:00:00,-0.5219229154207332,SUSPECTED_CORPORATE_ACTION_OR_DATA_BREAK
NIFTYGS48YR,2018-11-06 09:15:00,1.0879600549351105,SUSPECTED_CORPORATE_ACTION_OR_DATA_BREAK
NIFTYGS48YR,2018-11-07 00:00:00,-0.5209616561289007,SUSPECTED_CORPORATE_ACTION_OR_DATA_BREAK
NIFTYGS48YR,2018-11-07 17:30:00,1.0987982841754569,SUSPECTED_CORPORATE_ACTION_OR_DATA_BREAK
NIFTYGS48YR,2018-11-09 00:00:00,-0.5224109950299218,SUSPECTED_CORPORATE_ACTION_OR_DATA_BREAK
NIFTYGS48YR,2018-11-09 09:15:00,1.1103099680368689,SUSPECTED_CORPORATE_ACTION_OR_DATA_BREAK
NIFTYGS48YR,2018-11-12 00:00:00,-0.5264529764001409,SUSPECTED_CORPORATE_ACTION_OR_DATA_BREAK
NIFTYGS48YR,2018-11-12 09:15:00,1.067836953287712,SUSPECTED_CORPORATE_ACTION_OR_DATA_BREAK
NIFTYGS48YR,2018-11-13 00:00:00,-0.515344295991778,SUSPECTED_CORPORATE_ACTION_OR_DATA_BREAK
NIFTYGS48YR,2018-11-13 09:15:00,1.0571972347689633,SUSPECTED_CORPORATE_ACTION_OR_DATA_BREAK
NIFTYGS48YR,2018-11-14 00:00:00,-0.5129688567047636,SUSPECTED_CORPORATE_ACTION_OR_DATA_BREAK
NIFTYGS48YR,2018-11-14 09:15:00,1.0429916926821523,SUSPECTED_CORPORATE_ACTION_OR_DATA_BREAK
NIFTYGS48YR,2018-11-15 00:00:00,-0.5114929876587975,SUSPECTED_CORPORATE_ACTION_OR_DATA_BREAK
NIFTYGS48YR,2018-11-15 09:15:00,1.0514540200938418,SUSPECTED_CORPORATE_ACTION_OR_DATA_BREAK
NIFTYGS48YR,2018-11-16 00:00:00,-0.5136650858671353,SUSPECTED_CORPORATE_ACTION_OR_DATA_BREAK
NIFTYGS48YR,2018-11-16 09:15:00,1.05903921777022,SUSPECTED_CORPORATE_ACTION_OR_DATA_BREAK
NIFTYGS48YR,2018-11-19 00:00:00,-0.51329135158851,SUSPECTED_CORPORATE_ACTION_OR_DATA_BREAK
NIFTYGS48YR,2018-11-19 09:15:00,1.0719304292494103,SUSPECTED_CORPORATE_ACTION_OR_DATA_BREAK
NIFTYGS48YR,2018-11-20 00:00:00,-0.5172610592857052,SUSPECTED_CORPORATE_ACTION_OR_DATA_BREAK
NIFTYGS48YR,2018-11-20 09:15:00,1.0317246571202876,SUSPECTED_CORPORATE_ACTION_OR_DATA_BREAK
NIFTYGS48YR,2018-11-21 00:00:00,-0.5076090076455393,SUSPECTED_CORPORATE_ACTION_OR_DATA_BREAK
NIFTYGS48YR,2018-11-21 09:15:00,1.0490304665101564,SUSPECTED_CORPORATE_ACTION_OR_DATA_BREAK
NIFTYGS48YR,2018-11-22 00:00:00,-0.5107202896676581,SUSPECTED_CORPORATE_ACTION_OR_DATA_BREAK
NIFTYGS48YR,2018-11-22 09:15:00,1.0165450893329107,SUSPECTED_CORPORATE_ACTION_OR_DATA_BREAK
NIFTYGS48YR,2018-11-26 00:00:00,-0.5039031167265198,SUSPECTED_CORPORATE_ACTION_OR_DATA_BREAK
NIFTYGS48YR,2018-11-26 09:15:00,1.0073075622437333,SUSPECTED_CORPORATE_ACTION_OR_DATA_BREAK
NIFTYGS48YR,2018-11-27 00:00:00,-0.5018597243975309,SUSPECTED_CORPORATE_ACTION_OR_DATA_BREAK
NIFTYGS48YR,2018-11-27 09:15:00,0.9980078312839185,SUSPECTED_CORPORATE_ACTION_OR_DATA_BREAK
NIFTYGS48YR,2018-11-28 00:00:00,-0.49752053001150476,SUSPECTED_CORPORATE_ACTION_OR_DATA_BREAK
NIFTYGS48YR,2018-11-28 09:15:00,0.9499447339333646,SUSPECTED_CORPORATE_ACTION_OR_DATA_BREAK
NIFTYGS48YR,2018-11-29 00:00:00,-0.48655761600129566,SUSPECTED_CORPORATE_ACTION_OR_DATA_BREAK
NIFTYGS48YR,2018-11-29 09:15:00,0.9738716715295848,SUSPECTED_CORPORATE_ACTION_OR_DATA_BREAK
NIFTYGS48YR,2018-11-30 00:00:00,-0.49323496510946574,SUSPECTED_CORPORATE_ACTION_OR_DATA_BREAK
NIFTYGS48YR,2018-11-30 09:15:00,0.9793976980080936,SUSPECTED_CORPORATE_ACTION_OR_DATA_BREAK
NIFTYGS48YR,2018-12-03 00:00:00,-0.4948860920822049,SUSPECTED_CORPORATE_ACTION_OR_DATA_BREAK
NIFTYGS813YR,2015-11-16 09:00:07,0.7438930059635203,SUSPECTED_CORPORATE_ACTION_OR_DATA_BREAK
NIFTYGS813YR,2015-11-16 09:15:00,-0.4298755186721992,SUSPECTED_CORPORATE_ACTION_OR_DATA_BREAK
NIFTYGS813YR,2015-11-17 09:00:07,0.7675550870852783,SUSPECTED_CORPORATE_ACTION_OR_DATA_BREAK
NIFTYGS813YR,2015-11-17 16:05:32,-0.4304841686781201,SUSPECTED_CORPORATE_ACTION_OR_DATA_BREAK
NIFTYGS813YR,2015-11-18 09:00:06,0.7081598563984943,SUSPECTED_CORPORATE_ACTION_OR_DATA_BREAK
NIFTYGS813YR,2015-11-18 16:05:40,-0.4166618016229786,SUSPECTED_CORPORATE_ACTION_OR_DATA_BREAK
NIFTYGS813YR,2015-11-19 09:00:06,0.7631355084067253,SUSPECTED_CORPORATE_ACTION_OR_DATA_BREAK
NIFTYGS813YR,2015-11-19 16:04:54,-0.42896876640792403,SUSPECTED_CORPORATE_ACTION_OR_DATA_BREAK
NIFTYGS813YR,2015-11-20 09:00:05,0.7570576540755467,SUSPECTED_CORPORATE_ACTION_OR_DATA_BREAK
NIFTYGS813YR,2015-11-20 16:06:06,-0.42349796334012213,SUSPECTED_CORPORATE_ACTION_OR_DATA_BREAK
NIFTYGS813YR,2018-01-01 09:15:00,0.5756474036309815,SUSPECTED_CORPORATE_ACTION_OR_DATA_BREAK
NIFTYGS813YR,2018-01-02 09:15:00,0.5851051928093223,SUSPECTED_CORPORATE_ACTION_OR_DATA_BREAK
NIFTYGS813YR,2018-01-03 09:15:00,0.5754908002465007,SUSPECTED_CORPORATE_ACTION_OR_DATA_BREAK
NIFTYGS813YR,2018-01-04 09:15:00,0.6009335916857497,SUSPECTED_CORPORATE_ACTION_OR_DATA_BREAK
NIFTYGS813YR,2018-01-05 09:15:00,0.5890637412963222,SUSPECTED_CORPORATE_ACTION_OR_DATA_BREAK
NIFTYGS813YR,2018-01-08 09:15:00,0.6070131665260989,SUSPECTED_CORPORATE_ACTION_OR_DATA_BREAK
NIFTYGS813YR,2018-01-09 09:15:00,0.6270495893482995,SUSPECTED_CORPORATE_ACTION_OR_DATA_BREAK
NIFTYGS813YR,2018-01-10 09:15:00,0.640824511220548,SUSPECTED_CORPORATE_ACTION_OR_DATA_BREAK
NIFTYGS813YR,2018-01-11 09:15:00,0.6361069854067942,SUSPECTED_CORPORATE_ACTION_OR_DATA_BREAK
NIFTYGS813YR,2018-01-12 09:15:00,0.645912146410845,SUSPECTED_CORPORATE_ACTION_OR_DATA_BREAK
NIFTYGS813YR,2018-01-15 09:15:00,0.6263696085484804,SUSPECTED_CORPORATE_ACTION_OR_DATA_BREAK
NIFTYGS813YR,2018-01-16 09:15:00,0.6058240197738602,SUSPECTED_CORPORATE_ACTION_OR_DATA_BREAK
NIFTYGS813YR,2018-01-17 09:15:00,0.5933076311839665,SUSPECTED_CORPORATE_ACTION_OR_DATA_BREAK
NIFTYGS813YR,2018-01-18 09:15:00,0.5710632618350184,SUSPECTED_CORPORATE_ACTION_OR_DATA_BREAK
NIFTYGS813YR,2018-01-19 09:15:00,0.5840551623081194,SUSPECTED_CORPORATE_ACTION_OR_DATA_BREAK
NIFTYGS813YR,2018-01-22 09:15:00,0.5895989568275284,SUSPECTED_CORPORATE_ACTION_OR_DATA_BREAK
NIFTYGS813YR,2018-01-23 09:15:00,0.6166747061661,SUSPECTED_CORPORATE_ACTION_OR_DATA_BREAK
NIFTYGS813YR,2018-01-24 09:15:00,0.6356907991655962,SUSPECTED_CORPORATE_ACTION_OR_DATA_BREAK
NIFTYGS813YR,2018-01-25 09:15:00,0.6407707383881556,SUSPECTED_CORPORATE_ACTION_OR_DATA_BREAK
NIFTYGS813YR,2018-01-29 09:15:00,0.63835644129468,SUSPECTED_CORPORATE_ACTION_OR_DATA_BREAK
NIFTYGS813YR,2018-01-30 09:15:00,0.651689603083035,SUSPECTED_CORPORATE_ACTION_OR_DATA_BREAK
NIFTYGS813YR,2018-01-31 09:15:00,0.6402828534925871,SUSPECTED_CORPORATE_ACTION_OR_DATA_BREAK
NIFTYGS813YR,2018-02-01 09:15:00,0.6353581196838087,SUSPECTED_CORPORATE_ACTION_OR_DATA_BREAK
NIFTYGS813YR,2018-02-02 09:15:00,0.5858156368630321,SUSPECTED_CORPORATE_ACTION_OR_DATA_BREAK
NIFTYGS813YR,2018-02-05 09:15:00,0.5825623352685836,SUSPECTED_CORPORATE_ACTION_OR_DATA_BREAK
NIFTYGS813YR,2018-02-06 09:15:00,0.5509920527976908,SUSPECTED_CORPORATE_ACTION_OR_DATA_BREAK
NIFTYGS813YR,2018-02-07 09:15:00,0.5803311368953827,SUSPECTED_CORPORATE_ACTION_OR_DATA_BREAK
NIFTYGS813YR,2018-02-08 09:15:00,0.5619374119911829,SUSPECTED_CORPORATE_ACTION_OR_DATA_BREAK
NIFTYGS813YR,2018-02-09 09:15:00,0.5536521319733481,SUSPECTED_CORPORATE_ACTION_OR_DATA_BREAK
NIFTYGS813YR,2018-02-12 09:15:00,0.5685008539176073,SUSPECTED_CORPORATE_ACTION_OR_DATA_BREAK
NIFTYGS813YR,2018-02-14 09:15:00,0.5647002854424357,SUSPECTED_CORPORATE_ACTION_OR_DATA_BREAK
NIFTYGS813YR,2018-02-15 09:15:00,0.5716291715216157,SUSPECTED_CORPORATE_ACTION_OR_DATA_BREAK
NIFTYGS813YR,2018-02-16 09:15:00,0.5565583813992407,SUSPECTED_CORPORATE_ACTION_OR_DATA_BREAK
NIFTYGS813YR,2018-02-19 09:15:00,0.5427301670738482,SUSPECTED_CORPORATE_ACTION_OR_DATA_BREAK
NIFTYGS813YR,2018-02-20 09:15:00,0.5568035076128413,SUSPECTED_CORPORATE_ACTION_OR_DATA_BREAK
NIFTYGS813YR,2018-02-21 09:15:00,0.5643948289046647,SUSPECTED_CORPORATE_ACTION_OR_DATA_BREAK
NIFTYGS813YR,2018-02-22 09:15:00,0.5556648937775819,SUSPECTED_CORPORATE_ACTION_OR_DATA_BREAK
NIFTYGS813YR,2018-02-23 09:15:00,0.5647636623765411,SUSPECTED_CORPORATE_ACTION_OR_DATA_BREAK
NIFTYGS813YR,2018-02-26 09:15:00,0.5850009912827199,SUSPECTED_CORPORATE_ACTION_OR_DATA_BREAK
NIFTYGS813YR,2018-02-27 09:15:00,0.5669475515038835,SUSPECTED_CORPORATE_ACTION_OR_DATA_BREAK
NIFTYGS813YR,2018-02-28 09:15:00,0.5697499609126007,SUSPECTED_CORPORATE_ACTION_OR_DATA_BREAK
NIFTYGS813YR,2018-03-01 09:15:00,0.5795512185695999,SUSPECTED_CORPORATE_ACTION_OR_DATA_BREAK
NIFTYGS813YR,2018-03-05 09:15:00,0.5558201234068012,SUSPECTED_CORPORATE_ACTION_OR_DATA_BREAK
NIFTYGS813YR,2018-03-06 09:15:00,0.5419207638265982,SUSPECTED_CORPORATE_ACTION_OR_DATA_BREAK
NIFTYGS813YR,2018-03-07 09:15:00,0.5167675171625399,SUSPECTED_CORPORATE_ACTION_OR_DATA_BREAK
NIFTYGS813YR,2018-03-08 09:15:00,0.5018992074173771,SUSPECTED_CORPORATE_ACTION_OR_DATA_BREAK
NIFTYGS813YR,2018-03-09 09:15:00,0.5059689161358303,SUSPECTED_CORPORATE_ACTION_OR_DATA_BREAK
NIFTYGS813YR,2018-03-12 09:15:00,0.5217104711226166,SUSPECTED_CORPORATE_ACTION_OR_DATA_BREAK
NIFTYGS813YR,2018-03-13 09:15:00,0.534933528508351,SUSPECTED_CORPORATE_ACTION_OR_DATA_BREAK
NIFTYGS813YR,2018-03-14 09:15:00,0.5188513322888717,SUSPECTED_CORPORATE_ACTION_OR_DATA_BREAK
NIFTYGS813YR,2018-03-15 09:15:00,0.4982034429541,SUSPECTED_CORPORATE_ACTION_OR_DATA_BREAK
NIFTYGS813YR,2018-03-16 09:15:00,0.4494142073261158,SUSPECTED_CORPORATE_ACTION_OR_DATA_BREAK
NIFTYGS813YR,2018-03-19 09:15:00,0.4336855751333546,SUSPECTED_CORPORATE_ACTION_OR_DATA_BREAK
NIFTYGS813YR,2018-03-20 09:15:00,0.41855970504281625,SUSPECTED_CORPORATE_ACTION_OR_DATA_BREAK
NIFTYGS813YR,2018-03-21 09:15:00,0.4179866536844856,SUSPECTED_CORPORATE_ACTION_OR_DATA_BREAK
NIFTYGS813YR,2018-03-22 09:15:00,0.41305957988919495,SUSPECTED_CORPORATE_ACTION_OR_DATA_BREAK
NIFTYGS813YR,2018-03-23 09:15:00,0.411071373406366,SUSPECTED_CORPORATE_ACTION_OR_DATA_BREAK
NIFTYGS813YR,2018-03-26 09:15:00,0.41121656293058395,SUSPECTED_CORPORATE_ACTION_OR_DATA_BREAK
NIFTYGS813YR,2018-03-27 09:15:00,0.4007588498536421,SUSPECTED_CORPORATE_ACTION_OR_DATA_BREAK
NIFTYGS813YR,2018-03-28 09:15:00,0.41217876508045825,SUSPECTED_CORPORATE_ACTION_OR_DATA_BREAK
NIFTYGS813YR,2018-04-02 09:15:00,0.4056604323763202,SUSPECTED_CORPORATE_ACTION_OR_DATA_BREAK
NIFTYGS813YR,2018-04-03 09:15:00,0.40773963410737424,SUSPECTED_CORPORATE_ACTION_OR_DATA_BREAK
NIFTYGS813YR,2018-04-09 09:15:00,0.4033490451879085,SUSPECTED_CORPORATE_ACTION_OR_DATA_BREAK
NIFTYGS813YR,2018-04-10 09:15:00,0.4246130048963166,SUSPECTED_CORPORATE_ACTION_OR_DATA_BREAK
NIFTYGS813YR,2018-04-11 09:15:00,0.4287564004472957,SUSPECTED_CORPORATE_ACTION_OR_DATA_BREAK
NIFTYGS813YR,2018-04-12 09:15:00,0.4185114782862993,SUSPECTED_CORPORATE_ACTION_OR_DATA_BREAK
NIFTYGS813YR,2018-04-13 09:15:00,0.41263625965780437,SUSPECTED_CORPORATE_ACTION_OR_DATA_BREAK
NIFTYGS813YR,2018-04-16 09:15:00,0.4164840444855915,SUSPECTED_CORPORATE_ACTION_OR_DATA_BREAK
NIFTYGS813YR,2018-04-17 09:15:00,0.4244980815038193,SUSPECTED_CORPORATE_ACTION_OR_DATA_BREAK
NIFTYGS813YR,2018-04-18 09:15:00,0.4258905197517431,SUSPECTED_CORPORATE_ACTION_OR_DATA_BREAK
NIFTYGS813YR,2018-04-19 09:15:00,0.43102702254150604,SUSPECTED_CORPORATE_ACTION_OR_DATA_BREAK
NIFTYGS813YR,2018-04-20 09:15:00,0.4361907362447539,SUSPECTED_CORPORATE_ACTION_OR_DATA_BREAK
NIFTYGS813YR,2018-04-23 09:15:00,0.4386676097694351,SUSPECTED_CORPORATE_ACTION_OR_DATA_BREAK
NIFTYGS813YR,2018-04-24 09:15:00,0.43971354628283743,SUSPECTED_CORPORATE_ACTION_OR_DATA_BREAK
NIFTYGS813YR,2018-04-25 09:15:00,0.4245907762356751,SUSPECTED_CORPORATE_ACTION_OR_DATA_BREAK
NIFTYGS813YR,2018-04-26 09:15:00,0.4235342304747094,SUSPECTED_CORPORATE_ACTION_OR_DATA_BREAK
NIFTYGS813YR,2018-04-27 09:15:00,0.43358307991692313,SUSPECTED_CORPORATE_ACTION_OR_DATA_BREAK
NIFTYGS813YR,2018-04-30 09:15:00,0.42744995420646337,SUSPECTED_CORPORATE_ACTION_OR_DATA_BREAK
NIFTYGS813YR,2018-05-02 09:15:00,0.4114359950881814,SUSPECTED_CORPORATE_ACTION_OR_DATA_BREAK
NIFTYGS813YR,2018-05-03 09:15:00,0.4132311324952389,SUSPECTED_CORPORATE_ACTION_OR_DATA_BREAK
NIFTYGS813YR,2018-05-04 09:15:00,0.40729212983548235,SUSPECTED_CORPORATE_ACTION_OR_DATA_BREAK
NIFTYGS813YR,2018-05-07 09:15:00,0.41599223049530587,SUSPECTED_CORPORATE_ACTION_OR_DATA_BREAK
NIFTYGS813YR,2018-05-08 09:15:00,0.417178923613968,SUSPECTED_CORPORATE_ACTION_OR_DATA_BREAK
NIFTYGS813YR,2018-05-09 09:15:00,0.4231155185644295,SUSPECTED_CORPORATE_ACTION_OR_DATA_BREAK
NIFTYGS813YR,2018-05-10 09:15:00,0.43366142081806847,SUSPECTED_CORPORATE_ACTION_OR_DATA_BREAK
NIFTYGS813YR,2018-05-11 09:15:00,0.44020628933796746,SUSPECTED_CORPORATE_ACTION_OR_DATA_BREAK
NIFTYGS813YR,2018-05-14 09:15:00,0.43576983077187714,SUSPECTED_CORPORATE_ACTION_OR_DATA_BREAK
NIFTYGS813YR,2018-05-15 09:15:00,0.4338912684549303,SUSPECTED_CORPORATE_ACTION_OR_DATA_BREAK
NIFTYGS813YR,2018-05-16 09:15:00,0.4222082622872356,SUSPECTED_CORPORATE_ACTION_OR_DATA_BREAK
NIFTYGS813YR,2018-05-17 09:15:00,0.4330856350950971,SUSPECTED_CORPORATE_ACTION_OR_DATA_BREAK
NIFTYGS813YR,2018-05-18 09:15:00,0.4037040122832283,SUSPECTED_CORPORATE_ACTION_OR_DATA_BREAK
NIFTYGS813YR,2018-05-21 09:15:00,0.40617188429948814,SUSPECTED_CORPORATE_ACTION_OR_DATA_BREAK
NIFTYGS813YR,2018-05-22 09:15:00,0.40545798529306776,SUSPECTED_CORPORATE_ACTION_OR_DATA_BREAK
NIFTYGS813YR,2018-05-28 09:15:00,0.4077812766708848,SUSPECTED_CORPORATE_ACTION_OR_DATA_BREAK
NIFTYGS813YR,2018-05-29 09:15:00,0.4186559572253241,SUSPECTED_CORPORATE_ACTION_OR_DATA_BREAK
NIFTYGS813YR,2018-05-30 09:15:00,0.41566425614328106,SUSPECTED_CORPORATE_ACTION_OR_DATA_BREAK
NIFTYGS813YR,2018-05-31 09:15:00,0.43649614293918115,SUSPECTED_CORPORATE_ACTION_OR_DATA_BREAK
NIFTYGS813YR,2018-06-01 09:15:00,0.4150395371720548,SUSPECTED_CORPORATE_ACTION_OR_DATA_BREAK
NIFTYGS813YR,2018-06-04 09:15:00,0.40644939191956353,SUSPECTED_CORPORATE_ACTION_OR_DATA_BREAK
NIFTYGS813YR,2018-06-06 09:15:00,0.4084054608726688,SUSPECTED_CORPORATE_ACTION_OR_DATA_BREAK
NIFTYGS813YR,2018-06-07 09:15:00,0.4270964507600399,SUSPECTED_CORPORATE_ACTION_OR_DATA_BREAK
NIFTYGS813YR,2018-06-08 09:15:00,0.42912459416793247,SUSPECTED_CORPORATE_ACTION_OR_DATA_BREAK
NIFTYGS813YR,2018-06-11 09:15:00,0.4242525432016315,SUSPECTED_CORPORATE_ACTION_OR_DATA_BREAK
NIFTYGS813YR,2018-06-12 09:15:00,0.4231014677728142,SUSPECTED_CORPORATE_ACTION_OR_DATA_BREAK
NIFTYGS813YR,2018-06-13 09:15:00,0.4162633337693691,SUSPECTED_CORPORATE_ACTION_OR_DATA_BREAK
NIFTYGS813YR,2018-06-14 09:15:00,0.4007808733640048,SUSPECTED_CORPORATE_ACTION_OR_DATA_BREAK
NIFTYGSCOMPSITE,2015-11-16 09:00:07,41.163696369636966,SUSPECTED_CORPORATE_ACTION_OR_DATA_BREAK
NIFTYGSCOMPSITE,2018-01-01 00:00:00,-0.9107032339804707,SUSPECTED_CORPORATE_ACTION_OR_DATA_BREAK
NIFTYMIDLIQ15,2015-11-09 07:16:46,5.892935073850562,SUSPECTED_CORPORATE_ACTION_OR_DATA_BREAK
NIFTYMIDLIQ15,2015-11-10 00:00:00,-0.8583223026481266,SUSPECTED_CORPORATE_ACTION_OR_DATA_BREAK
NIFTYMIDLIQ15,2015-11-10 07:47:15,5.926056502200336,SUSPECTED_CORPORATE_ACTION_OR_DATA_BREAK
NIFTYMIDLIQ15,2015-11-11 00:00:00,-0.8540320951981483,SUSPECTED_CORPORATE_ACTION_OR_DATA_BREAK
NIFTYMIDLIQ15,2015-11-11 16:09:08,5.850821085343919,SUSPECTED_CORPORATE_ACTION_OR_DATA_BREAK
NIFTYMIDLIQ15,2015-11-13 00:00:00,-0.8559756841398469,SUSPECTED_CORPORATE_ACTION_OR_DATA_BREAK
NIFTYMIDLIQ15,2015-11-13 07:13:49,5.857503825758924,SUSPECTED_CORPORATE_ACTION_OR_DATA_BREAK
NIFTYMIDLIQ15,2015-11-16 00:00:00,-0.8527866147003721,SUSPECTED_CORPORATE_ACTION_OR_DATA_BREAK
NIFTYMIDLIQ15,2015-11-16 09:00:07,-0.9412861695527103,SUSPECTED_CORPORATE_ACTION_OR_DATA_BREAK
NIFTYMIDLIQ15,2015-11-16 09:15:00,114.06094265986191,SUSPECTED_CORPORATE_ACTION_OR_DATA_BREAK
NIFTYMIDLIQ15,2015-11-17 00:00:00,-0.8519766847219178,SUSPECTED_CORPORATE_ACTION_OR_DATA_BREAK
NIFTYMIDLIQ15,2015-11-17 09:00:07,-0.9412683360184444,SUSPECTED_CORPORATE_ACTION_OR_DATA_BREAK
NIFTYMIDLIQ15,2015-11-17 16:05:31,114.70168067226892,SUSPECTED_CORPORATE_ACTION_OR_DATA_BREAK
NIFTYMIDLIQ15,2015-11-18 00:00:00,-0.8547367438096276,SUSPECTED_CORPORATE_ACTION_OR_DATA_BREAK
NIFTYMIDLIQ15,2015-11-18 09:00:06,-0.9414123882174795,SUSPECTED_CORPORATE_ACTION_OR_DATA_BREAK
NIFTYMIDLIQ15,2015-11-18 16:05:38,115.93233770192013,SUSPECTED_CORPORATE_ACTION_OR_DATA_BREAK
NIFTYMIDLIQ15,2015-11-19 00:00:00,-0.8522323441633759,SUSPECTED_CORPORATE_ACTION_OR_DATA_BREAK
NIFTYMIDLIQ15,2015-11-19 09:00:06,-0.9420727512620873,SUSPECTED_CORPORATE_ACTION_OR_DATA_BREAK
NIFTYMIDLIQ15,2015-11-19 16:04:53,117.13611449451889,SUSPECTED_CORPORATE_ACTION_OR_DATA_BREAK
NIFTYMIDLIQ15,2015-11-20 00:00:00,-0.8519828126167972,SUSPECTED_CORPORATE_ACTION_OR_DATA_BREAK
NIFTYMIDLIQ15,2015-11-20 09:00:05,-0.942933864580685,SUSPECTED_CORPORATE_ACTION_OR_DATA_BREAK
NIFTYMIDLIQ15,2015-11-20 16:06:04,118.22337503814465,SUSPECTED_CORPORATE_ACTION_OR_DATA_BREAK
NIFTYMIDLIQ15,2015-11-23 00:00:00,-0.8537437131266077,SUSPECTED_CORPORATE_ACTION_OR_DATA_BREAK
NIFTYMIDLIQ15,2015-11-23 09:15:00,5.852170747756451,SUSPECTED_CORPORATE_ACTION_OR_DATA_BREAK
NIFTYMIDLIQ15,2015-11-24 00:00:00,-0.8543780520196964,SUSPECTED_CORPORATE_ACTION_OR_DATA_BREAK
NIFTYMIDLIQ15,2015-11-24 09:15:00,5.877865353383354,SUSPECTED_CORPORATE_ACTION_OR_DATA_BREAK
NIFTYMIDLIQ15,2015-11-26 00:00:00,-0.8534157150944263,SUSPECTED_CORPORATE_ACTION_OR_DATA_BREAK
NIFTYMIDLIQ15,2015-11-26 09:15:00,5.828919946698397,SUSPECTED_CORPORATE_ACTION_OR_DATA_BREAK
NIFTYMIDLIQ15,2015-11-27 00:00:00,-0.8528955178255276,SUSPECTED_CORPORATE_ACTION_OR_DATA_BREAK
NIFTYMIDLIQ15,2015-11-27 09:15:00,5.816661067491419,SUSPECTED_CORPORATE_ACTION_OR_DATA_BREAK
NIFTYMIDLIQ15,2015-11-30 00:00:00,-0.8516447811319509,SUSPECTED_CORPORATE_ACTION_OR_DATA_BREAK
NIFTYMIDLIQ15,2015-11-30 09:15:00,5.718232006356339,SUSPECTED_CORPORATE_ACTION_OR_DATA_BREAK
NIFTYMIDLIQ15,2015-12-01 00:00:00,-0.8509856397865084,SUSPECTED_CORPORATE_ACTION_OR_DATA_BREAK
NIFTYMIDLIQ15,2015-12-01 09:15:00,5.7800196362168474,SUSPECTED_CORPORATE_ACTION_OR_DATA_BREAK
NIFTYMIDLIQ15,2015-12-02 00:00:00,-0.8533120744330609,SUSPECTED_CORPORATE_ACTION_OR_DATA_BREAK
NIFTYMIDLIQ15,2015-12-02 09:15:00,5.825104996852675,SUSPECTED_CORPORATE_ACTION_OR_DATA_BREAK
NIFTYMIDLIQ15,2015-12-03 00:00:00,-0.8541680211065837,SUSPECTED_CORPORATE_ACTION_OR_DATA_BREAK
NIFTYMIDLIQ15,2015-12-03 09:15:00,5.807407330610101,SUSPECTED_CORPORATE_ACTION_OR_DATA_BREAK
NIFTYMIDLIQ15,2015-12-04 00:00:00,-0.8546348496424773,SUSPECTED_CORPORATE_ACTION_OR_DATA_BREAK
NIFTYMIDLIQ15,2015-12-04 09:15:00,5.8240314869334115,SUSPECTED_CORPORATE_ACTION_OR_DATA_BREAK
NIFTYMIDLIQ15,2015-12-07 00:00:00,-0.8529119754350052,SUSPECTED_CORPORATE_ACTION_OR_DATA_BREAK
NIFTYMIDLIQ15,2015-12-07 09:15:00,5.8029122159980515,SUSPECTED_CORPORATE_ACTION_OR_DATA_BREAK
NIFTYMIDLIQ15,2015-12-08 00:00:00,-0.8560871510951424,SUSPECTED_CORPORATE_ACTION_OR_DATA_BREAK
NIFTYMIDLIQ15,2015-12-08 09:15:00,5.882174410587742,SUSPECTED_CORPORATE_ACTION_OR_DATA_BREAK
NIFTYMIDLIQ15,2015-12-09 00:00:00,-0.8572625121351704,SUSPECTED_CORPORATE_ACTION_OR_DATA_BREAK
NIFTYMIDLIQ15,2015-12-09 09:15:00,5.877075690811609,SUSPECTED_CORPORATE_ACTION_OR_DATA_BREAK
NIFTYMIDLIQ15,2015-12-10 00:00:00,-0.8541769248574375,SUSPECTED_CORPORATE_ACTION_OR_DATA_BREAK
NIFTYMIDLIQ15,2015-12-10 09:15:00,5.91193659405912,SUSPECTED_CORPORATE_ACTION_OR_DATA_BREAK
NIFTYMIDLIQ15,2015-12-11 00:00:00,-0.855772126463028,SUSPECTED_CORPORATE_ACTION_OR_DATA_BREAK
NIFTYMIDLIQ15,2015-12-11 09:15:00,5.876874975120957,SUSPECTED_CORPORATE_ACTION_OR_DATA_BREAK
NIFTYMIDLIQ15,2015-12-14 00:00:00,-0.8540267900133398,SUSPECTED_CORPORATE_ACTION_OR_DATA_BREAK
NIFTYMIDLIQ15,2015-12-14 09:15:00,5.884836949076778,SUSPECTED_CORPORATE_ACTION_OR_DATA_BREAK
NIFTYMIDLIQ15,2015-12-15 00:00:00,-0.8545249863862941,SUSPECTED_CORPORATE_ACTION_OR_DATA_BREAK
NIFTYMIDLIQ15,2015-12-15 09:15:00,5.9204093091558265,SUSPECTED_CORPORATE_ACTION_OR_DATA_BREAK
NIFTYMIDLIQ15,2015-12-16 00:00:00,-0.8543702297520446,SUSPECTED_CORPORATE_ACTION_OR_DATA_BREAK
NIFTYMIDLIQ15,2015-12-16 09:15:00,5.893745134032843,SUSPECTED_CORPORATE_ACTION_OR_DATA_BREAK
NIFTYMIDLIQ15,2015-12-17 00:00:00,-0.8521590020152412,SUSPECTED_CORPORATE_ACTION_OR_DATA_BREAK
NIFTYMIDLIQ15,2015-12-17 09:15:00,5.864189700605516,SUSPECTED_CORPORATE_ACTION_OR_DATA_BREAK
NIFTYMIDLIQ15,2015-12-18 00:00:00,-0.8540310126986153,SUSPECTED_CORPORATE_ACTION_OR_DATA_BREAK
NIFTYMIDLIQ15,2015-12-18 09:15:00,5.852553902110619,SUSPECTED_CORPORATE_ACTION_OR_DATA_BREAK
NIFTYMIDLIQ15,2015-12-21 00:00:00,-0.8524751388828637,SUSPECTED_CORPORATE_ACTION_OR_DATA_BREAK
NIFTYMIDLIQ15,2015-12-21 09:15:00,5.823803527319777,SUSPECTED_CORPORATE_ACTION_OR_DATA_BREAK
NIFTYMIDLIQ15,2015-12-22 00:00:00,-0.8541127263970393,SUSPECTED_CORPORATE_ACTION_OR_DATA_BREAK
NIFTYMIDLIQ15,2015-12-22 09:15:00,5.834990391264912,SUSPECTED_CORPORATE_ACTION_OR_DATA_BREAK
NIFTYMIDLIQ15,2015-12-23 00:00:00,-0.853326418653366,SUSPECTED_CORPORATE_ACTION_OR_DATA_BREAK
NIFTYMIDLIQ15,2015-12-23 09:15:00,5.852940564749273,SUSPECTED_CORPORATE_ACTION_OR_DATA_BREAK
NIFTYMIDLIQ15,2015-12-24 00:00:00,-0.8536037836060598,SUSPECTED_CORPORATE_ACTION_OR_DATA_BREAK
NIFTYMIDLIQ15,2015-12-24 09:15:00,5.8361850334118826,SUSPECTED_CORPORATE_ACTION_OR_DATA_BREAK
NIFTYMIDLIQ15,2015-12-28 00:00:00,-0.8539394444823517,SUSPECTED_CORPORATE_ACTION_OR_DATA_BREAK
NIFTYMIDLIQ15,2015-12-28 09:15:00,5.868950768730341,SUSPECTED_CORPORATE_ACTION_OR_DATA_BREAK
NIFTYMIDLIQ15,2015-12-29 00:00:00,-0.8540601810570223,SUSPECTED_CORPORATE_ACTION_OR_DATA_BREAK
NIFTYMIDLIQ15,2015-12-29 09:15:00,5.873679632161053,SUSPECTED_CORPORATE_ACTION_OR_DATA_BREAK
NIFTYMIDLIQ15,2015-12-30 00:00:00,-0.8545029504080351,SUSPECTED_CORPORATE_ACTION_OR_DATA_BREAK
NIFTYMIDLIQ15,2015-12-30 09:15:00,5.851419123915767,SUSPECTED_CORPORATE_ACTION_OR_DATA_BREAK
NIFTYMIDLIQ15,2015-12-31 00:00:00,-0.8536045340050378,SUSPECTED_CORPORATE_ACTION_OR_DATA_BREAK
NIFTYMIDLIQ15,2015-12-31 09:15:00,5.874533285156318,SUSPECTED_CORPORATE_ACTION_OR_DATA_BREAK
NIFTYMIDLIQ15,2016-01-01 00:00:00,-0.8527950823570046,SUSPECTED_CORPORATE_ACTION_OR_DATA_BREAK
NIFTYMIDLIQ15,2016-01-01 09:15:00,5.858677466742839,SUSPECTED_CORPORATE_ACTION_OR_DATA_BREAK
NIFTYMIDLIQ15,2016-01-04 00:00:00,-0.8565845870859146,SUSPECTED_CORPORATE_ACTION_OR_DATA_BREAK
NIFTYMIDLIQ15,2016-01-04 09:15:00,5.899253615247129,SUSPECTED_CORPORATE_ACTION_OR_DATA_BREAK
NIFTYMIDLIQ15,2016-01-05 00:00:00,-0.854313180687333,SUSPECTED_CORPORATE_ACTION_OR_DATA_BREAK
NIFTYMIDLIQ15,2016-01-05 09:15:00,5.902526268723452,SUSPECTED_CORPORATE_ACTION_OR_DATA_BREAK
NIFTYMIDLIQ15,2016-01-06 00:00:00,-0.8559033322952352,SUSPECTED_CORPORATE_ACTION_OR_DATA_BREAK
NIFTYMIDLIQ15,2016-01-06 09:15:00,5.919020416067279,SUSPECTED_CORPORATE_ACTION_OR_DATA_BREAK
NIFTYMIDLIQ15,2016-01-07 00:00:00,-0.8613578093529315,SUSPECTED_CORPORATE_ACTION_OR_DATA_BREAK
NIFTYMIDLIQ15,2016-01-07 09:15:00,5.996323065553973,SUSPECTED_CORPORATE_ACTION_OR_DATA_BREAK
NIFTYMIDLIQ15,2016-01-08 00:00:00,-0.8546502371426437,SUSPECTED_CORPORATE_ACTION_OR_DATA_BREAK
NIFTYMIDLIQ15,2016-01-08 09:15:00,5.947521597181112,SUSPECTED_CORPORATE_ACTION_OR_DATA_BREAK
NIFTYMIDLIQ15,2016-01-11 00:00:00,-0.8574169270999425,SUSPECTED_CORPORATE_ACTION_OR_DATA_BREAK
NIFTYMIDLIQ15,2016-01-11 09:15:00,5.935103508740539,SUSPECTED_CORPORATE_ACTION_OR_DATA_BREAK
NIFTYMIDLIQ15,2016-01-12 00:00:00,-0.857509881422925,SUSPECTED_CORPORATE_ACTION_OR_DATA_BREAK
NIFTYMIDLIQ15,2016-01-12 09:15:00,5.976041398840456,SUSPECTED_CORPORATE_ACTION_OR_DATA_BREAK
NIFTYMIDLIQ15,2016-01-13 00:00:00,-0.8573379672287731,SUSPECTED_CORPORATE_ACTION_OR_DATA_BREAK
NIFTYMIDLIQ15,2016-01-13 09:15:00,5.985321408038659,SUSPECTED_CORPORATE_ACTION_OR_DATA_BREAK
NIFTYMIDLIQ15,2016-01-14 00:00:00,-0.8578626049632239,SUSPECTED_CORPORATE_ACTION_OR_DATA_BREAK
NIFTYMIDLIQ15,2016-01-14 09:15:00,5.97457341386185,SUSPECTED_CORPORATE_ACTION_OR_DATA_BREAK
NIFTYMIDLIQ15,2016-01-15 00:00:00,-0.8617263321615671,SUSPECTED_CORPORATE_ACTION_OR_DATA_BREAK
NIFTYMIDLIQ15,2016-01-15 09:15:00,6.043682310469315,SUSPECTED_CORPORATE_ACTION_OR_DATA_BREAK
NIFTYMIDLIQ15,2016-01-18 00:00:00,-0.8647645457757972,SUSPECTED_CORPORATE_ACTION_OR_DATA_BREAK
NIFTYMIDLIQ15,2016-01-18 09:15:00,6.201364370773741,SUSPECTED_CORPORATE_ACTION_OR_DATA_BREAK
NIFTYMIDLIQ15,2016-01-19 00:00:00,-0.8593901824245345,SUSPECTED_CORPORATE_ACTION_OR_DATA_BREAK
NIFTYMIDLIQ15,2016-01-19 09:15:00,6.2024355938680715,SUSPECTED_CORPORATE_ACTION_OR_DATA_BREAK
NIFTYMIDLIQ15,2016-01-20 00:00:00,-0.864005273191238,SUSPECTED_CORPORATE_ACTION_OR_DATA_BREAK
NIFTYMIDLIQ15,2016-01-20 09:15:00,6.215221186256607,SUSPECTED_CORPORATE_ACTION_OR_DATA_BREAK
NIFTYMIDLIQ15,2016-01-21 00:00:00,-0.8639634742906838,SUSPECTED_CORPORATE_ACTION_OR_DATA_BREAK
NIFTYMIDLIQ15,2016-01-21 09:15:00,6.259786987292181,SUSPECTED_CORPORATE_ACTION_OR_DATA_BREAK
NIFTYMIDLIQ15,2016-01-22 00:00:00,-0.8585242908066641,SUSPECTED_CORPORATE_ACTION_OR_DATA_BREAK
NIFTYMIDLIQ15,2016-01-22 09:15:00,6.2246760190239065,SUSPECTED_CORPORATE_ACTION_OR_DATA_BREAK
NIFTYMIDLIQ15,2016-01-25 00:00:00,-0.8613165372072666,SUSPECTED_CORPORATE_ACTION_OR_DATA_BREAK
NIFTYMIDLIQ15,2016-01-25 09:15:00,6.217474583763076,SUSPECTED_CORPORATE_ACTION_OR_DATA_BREAK
NIFTYMIDLIQ15,2016-01-27 00:00:00,-0.8610887502793189,SUSPECTED_CORPORATE_ACTION_OR_DATA_BREAK
NIFTYMIDLIQ15,2016-01-27 09:15:00,6.203468258602131,SUSPECTED_CORPORATE_ACTION_OR_DATA_BREAK
NIFTYMIDLIQ15,2016-01-28 00:00:00,-0.8608989804864331,SUSPECTED_CORPORATE_ACTION_OR_DATA_BREAK
NIFTYMIDLIQ15,2016-01-28 09:15:00,6.159012981865029,SUSPECTED_CORPORATE_ACTION_OR_DATA_BREAK
NIFTYMIDLIQ15,2016-01-29 00:00:00,-0.8576244158490399,SUSPECTED_CORPORATE_ACTION_OR_DATA_BREAK
NIFTYMIDLIQ15,2016-01-29 09:15:00,6.155357476199365,SUSPECTED_CORPORATE_ACTION_OR_DATA_BREAK
NIFTYMIDLIQ15,2016-02-01 00:00:00,-0.8600510897331377,SUSPECTED_CORPORATE_ACTION_OR_DATA_BREAK
NIFTYMIDLIQ15,2016-02-01 09:15:00,6.171543193574946,SUSPECTED_CORPORATE_ACTION_OR_DATA_BREAK
NIFTYMIDLIQ15,2016-02-02 00:00:00,-0.8633575488122862,SUSPECTED_CORPORATE_ACTION_OR_DATA_BREAK
NIFTYMIDLIQ15,2016-02-02 09:15:00,6.172705151272559,SUSPECTED_CORPORATE_ACTION_OR_DATA_BREAK
NIFTYMIDLIQ15,2016-02-03 00:00:00,-0.8640226315847634,SUSPECTED_CORPORATE_ACTION_OR_DATA_BREAK
NIFTYMIDLIQ15,2016-02-03 09:15:00,6.257029662738724,SUSPECTED_CORPORATE_ACTION_OR_DATA_BREAK
NIFTYMIDLIQ15,2016-02-04 00:00:00,-0.8629825499522664,SUSPECTED_CORPORATE_ACTION_OR_DATA_BREAK
NIFTYMIDLIQ15,2016-02-04 09:15:00,6.297768351538779,SUSPECTED_CORPORATE_ACTION_OR_DATA_BREAK
NIFTYMIDLIQ15,2016-02-05 00:00:00,-0.859605278262306,SUSPECTED_CORPORATE_ACTION_OR_DATA_BREAK
NIFTYMIDLIQ15,2016-02-05 09:15:00,6.286862982063584,SUSPECTED_CORPORATE_ACTION_OR_DATA_BREAK
NIFTYMIDLIQ15,2016-02-08 00:00:00,-0.8611908886644717,SUSPECTED_CORPORATE_ACTION_OR_DATA_BREAK
NIFTYMIDLIQ15,2016-02-08 09:15:00,6.184264071483214,SUSPECTED_CORPORATE_ACTION_OR_DATA_BREAK
NIFTYMIDLIQ15,2016-02-09 00:00:00,-0.8641972869206302,SUSPECTED_CORPORATE_ACTION_OR_DATA_BREAK
NIFTYMIDLIQ15,2016-02-09 09:15:00,6.204299554201139,SUSPECTED_CORPORATE_ACTION_OR_DATA_BREAK
NIFTYMIDLIQ15,2016-02-10 00:00:00,-0.8650638571216188,SUSPECTED_CORPORATE_ACTION_OR_DATA_BREAK
NIFTYMIDLIQ15,2016-02-10 09:15:00,6.311317420787201,SUSPECTED_CORPORATE_ACTION_OR_DATA_BREAK
NIFTYMIDLIQ15,2016-02-11 00:00:00,-0.8703464237378735,SUSPECTED_CORPORATE_ACTION_OR_DATA_BREAK
NIFTYMIDLIQ15,2016-02-11 09:15:00,6.468585664097964,SUSPECTED_CORPORATE_ACTION_OR_DATA_BREAK
NIFTYMIDLIQ15,2016-02-12 00:00:00,-0.8679075312198116,SUSPECTED_CORPORATE_ACTION_OR_DATA_BREAK
NIFTYMIDLIQ15,2016-02-12 09:15:00,6.572010331965519,SUSPECTED_CORPORATE_ACTION_OR_DATA_BREAK
NIFTYMIDLIQ15,2016-02-15 00:00:00,-0.8618026708627021,SUSPECTED_CORPORATE_ACTION_OR_DATA_BREAK
NIFTYMIDLIQ15,2016-02-15 09:15:00,6.480382535251957,SUSPECTED_CORPORATE_ACTION_OR_DATA_BREAK
NIFTYMIDLIQ15,2016-02-16 00:00:00,-0.8706198067824911,SUSPECTED_CORPORATE_ACTION_OR_DATA_BREAK
NIFTYMIDLIQ15,2016-02-16 09:15:00,6.533241732916009,SUSPECTED_CORPORATE_ACTION_OR_DATA_BREAK
NIFTYMIDLIQ15,2016-02-17 00:00:00,-0.8658238543657638,SUSPECTED_CORPORATE_ACTION_OR_DATA_BREAK
NIFTYMIDLIQ15,2016-02-17 09:15:00,6.481900658829046,SUSPECTED_CORPORATE_ACTION_OR_DATA_BREAK
NIFTYMIDLIQ15,2016-02-18 00:00:00,-0.8664062318605029,SUSPECTED_CORPORATE_ACTION_OR_DATA_BREAK
NIFTYMIDLIQ15,2016-02-18 09:15:00,6.527243102324571,SUSPECTED_CORPORATE_ACTION_OR_DATA_BREAK
NIFTYMIDLIQ15,2016-02-19 00:00:00,-0.8666453089509032,SUSPECTED_CORPORATE_ACTION_OR_DATA_BREAK
NIFTYMIDLIQ15,2016-02-19 09:15:00,6.503473680109773,SUSPECTED_CORPORATE_ACTION_OR_DATA_BREAK
NIFTYMIDLIQ15,2016-02-22 00:00:00,-0.8661595927255945,SUSPECTED_CORPORATE_ACTION_OR_DATA_BREAK
NIFTYMIDLIQ15,2016-02-22 09:15:00,6.525613230521229,SUSPECTED_CORPORATE_ACTION_OR_DATA_BREAK
NIFTYMIDLIQ15,2016-02-23 00:00:00,-0.8701204460455553,SUSPECTED_CORPORATE_ACTION_OR_DATA_BREAK
NIFTYMIDLIQ15,2016-02-23 09:15:00,6.610651273751935,SUSPECTED_CORPORATE_ACTION_OR_DATA_BREAK
NIFTYMIDLIQ15,2016-02-24 00:00:00,-0.8690107916274353,SUSPECTED_CORPORATE_ACTION_OR_DATA_BREAK
NIFTYMIDLIQ15,2016-02-24 09:15:00,6.5357962763910455,SUSPECTED_CORPORATE_ACTION_OR_DATA_BREAK
NIFTYMIDLIQ15,2016-02-25 00:00:00,-0.8683466138381393,SUSPECTED_CORPORATE_ACTION_OR_DATA_BREAK
NIFTYMIDLIQ15,2016-02-25 09:15:00,6.558228705949493,SUSPECTED_CORPORATE_ACTION_OR_DATA_BREAK
NIFTYMIDLIQ15,2016-02-26 00:00:00,-0.8671358289779498,SUSPECTED_CORPORATE_ACTION_OR_DATA_BREAK
NIFTYMIDLIQ15,2016-02-26 09:15:00,6.580849250113216,SUSPECTED_CORPORATE_ACTION_OR_DATA_BREAK
NIFTYMIDLIQ15,2016-02-29 00:00:00,-0.8680095931688204,SUSPECTED_CORPORATE_ACTION_OR_DATA_BREAK
NIFTYMIDLIQ15,2016-02-29 09:15:00,6.59560986648563,SUSPECTED_CORPORATE_ACTION_OR_DATA_BREAK
NIFTYMIDLIQ15,2016-03-01 00:00:00,-0.8639689452423305,SUSPECTED_CORPORATE_ACTION_OR_DATA_BREAK
NIFTYMIDLIQ15,2016-03-01 09:15:00,6.587928368977068,SUSPECTED_CORPORATE_ACTION_OR_DATA_BREAK
NIFTYMIDLIQ15,2016-03-02 00:00:00,-0.864141941508553,SUSPECTED_CORPORATE_ACTION_OR_DATA_BREAK
NIFTYMIDLIQ15,2016-03-02 09:15:00,6.457394470341718,SUSPECTED_CORPORATE_ACTION_OR_DATA_BREAK
NIFTYMIDLIQ15,2016-03-03 00:00:00,-0.8654820392647564,SUSPECTED_CORPORATE_ACTION_OR_DATA_BREAK
NIFTYMIDLIQ15,2016-03-03 09:15:00,6.487624995847314,SUSPECTED_CORPORATE_ACTION_OR_DATA_BREAK
NIFTYMIDLIQ15,2016-03-04 00:00:00,-0.8632595336868025,SUSPECTED_CORPORATE_ACTION_OR_DATA_BREAK
NIFTYMIDLIQ15,2016-03-04 09:15:00,6.374124938147425,SUSPECTED_CORPORATE_ACTION_OR_DATA_BREAK
NIFTYMIDLIQ15,2016-03-08 00:00:00,-0.8655088773018282,SUSPECTED_CORPORATE_ACTION_OR_DATA_BREAK
NIFTYMIDLIQ15,2016-03-08 09:15:00,6.4466610229796215,SUSPECTED_CORPORATE_ACTION_OR_DATA_BREAK
NIFTYMIDLIQ15,2016-03-09 00:00:00,-0.8644704577220168,SUSPECTED_CORPORATE_ACTION_OR_DATA_BREAK
NIFTYMIDLIQ15,2016-03-09 09:15:00,6.3965580818620555,SUSPECTED_CORPORATE_ACTION_OR_DATA_BREAK
NIFTYMIDLIQ15,2016-03-10 00:00:00,-0.8661743355995902,SUSPECTED_CORPORATE_ACTION_OR_DATA_BREAK
NIFTYMIDLIQ15,2016-03-10 09:15:00,6.441664346886308,SUSPECTED_CORPORATE_ACTION_OR_DATA_BREAK
NIFTYMIDLIQ15,2016-03-11 00:00:00,-0.8650878524826441,SUSPECTED_CORPORATE_ACTION_OR_DATA_BREAK
NIFTYMIDLIQ15,2016-03-11 09:15:00,6.434208916761129,SUSPECTED_CORPORATE_ACTION_OR_DATA_BREAK
NIFTYMIDLIQ15,2016-03-14 00:00:00,-0.8645932174571223,SUSPECTED_CORPORATE_ACTION_OR_DATA_BREAK
NIFTYMIDLIQ15,2016-03-14 09:15:00,6.407210126582278,SUSPECTED_CORPORATE_ACTION_OR_DATA_BREAK
NIFTYMIDLIQ15,2016-03-15 00:00:00,-0.865458492717325,SUSPECTED_CORPORATE_ACTION_OR_DATA_BREAK
NIFTYMIDLIQ15,2016-03-15 09:15:00,6.361317725480632,SUSPECTED_CORPORATE_ACTION_OR_DATA_BREAK
NIFTYMIDLIQ15,2016-03-16 00:00:00,-0.8642127320061509,SUSPECTED_CORPORATE_ACTION_OR_DATA_BREAK
NIFTYMIDLIQ15,2016-03-16 09:15:00,6.335142828097998,SUSPECTED_CORPORATE_ACTION_OR_DATA_BREAK
NIFTYMIDLIQ15,2016-03-17 00:00:00,-0.8624864529254752,SUSPECTED_CORPORATE_ACTION_OR_DATA_BREAK
NIFTYMIDLIQ15,2016-03-17 09:15:00,6.329819398532613,SUSPECTED_CORPORATE_ACTION_OR_DATA_BREAK
NIFTYMIDLIQ15,2016-03-18 00:00:00,-0.8625810195051795,SUSPECTED_CORPORATE_ACTION_OR_DATA_BREAK
NIFTYMIDLIQ15,2016-03-18 09:15:00,6.318058112543025,SUSPECTED_CORPORATE_ACTION_OR_DATA_BREAK
NIFTYMIDLIQ15,2016-03-21 00:00:00,-0.8605598061788688,SUSPECTED_CORPORATE_ACTION_OR_DATA_BREAK
NIFTYMIDLIQ15,2016-03-21 09:15:00,6.275351518835918,SUSPECTED_CORPORATE_ACTION_OR_DATA_BREAK
NIFTYMIDLIQ15,2016-03-22 00:00:00,-0.8621264070384267,SUSPECTED_CORPORATE_ACTION_OR_DATA_BREAK
NIFTYMIDLIQ15,2016-03-22 09:15:00,6.281055718475073,SUSPECTED_CORPORATE_ACTION_OR_DATA_BREAK
NIFTYMIDLIQ15,2016-03-23 00:00:00,-0.8635272510512155,SUSPECTED_CORPORATE_ACTION_OR_DATA_BREAK
NIFTYMIDLIQ15,2016-03-23 09:15:00,6.33813402589226,SUSPECTED_CORPORATE_ACTION_OR_DATA_BREAK
NIFTYMIDLIQ15,2016-03-28 00:00:00,-0.8655058879045924,SUSPECTED_CORPORATE_ACTION_OR_DATA_BREAK
NIFTYMIDLIQ15,2016-03-28 09:15:00,6.32684103504645,SUSPECTED_CORPORATE_ACTION_OR_DATA_BREAK
NIFTYMIDLIQ15,2016-03-29 00:00:00,-0.8643698864579394,SUSPECTED_CORPORATE_ACTION_OR_DATA_BREAK
NIFTYMIDLIQ15,2016-03-29 09:15:00,6.370245546461241,SUSPECTED_CORPORATE_ACTION_OR_DATA_BREAK
NIFTYMIDLIQ15,2016-03-30 00:00:00,-0.8610530441599163,SUSPECTED_CORPORATE_ACTION_OR_DATA_BREAK
NIFTYMIDLIQ15,2016-03-30 09:15:00,6.310433317661809,SUSPECTED_CORPORATE_ACTION_OR_DATA_BREAK
NIFTYMIDLIQ15,2016-03-31 00:00:00,-0.8616796585053446,SUSPECTED_CORPORATE_ACTION_OR_DATA_BREAK
NIFTYMIDLIQ15,2016-03-31 09:15:00,6.267352205010577,SUSPECTED_CORPORATE_ACTION_OR_DATA_BREAK
NIFTYMIDLIQ15,2016-04-01 00:00:00,-0.8610222535001013,SUSPECTED_CORPORATE_ACTION_OR_DATA_BREAK
NIFTYMIDLIQ15,2016-04-01 09:15:00,6.197199578018605,SUSPECTED_CORPORATE_ACTION_OR_DATA_BREAK
NIFTYMIDLIQ15,2016-04-04 00:00:00,-0.8613289057794502,SUSPECTED_CORPORATE_ACTION_OR_DATA_BREAK
NIFTYMIDLIQ15,2016-04-04 09:15:00,6.2301808467703195,SUSPECTED_CORPORATE_ACTION_OR_DATA_BREAK
NIFTYMIDLIQ15,2016-04-05 00:00:00,-0.8657497979840939,SUSPECTED_CORPORATE_ACTION_OR_DATA_BREAK
NIFTYMIDLIQ15,2016-04-05 09:15:00,6.337742050449451,SUSPECTED_CORPORATE_ACTION_OR_DATA_BREAK
NIFTYMIDLIQ15,2016-04-06 00:00:00,-0.8632757690232056,SUSPECTED_CORPORATE_ACTION_OR_DATA_BREAK
NIFTYMIDLIQ15,2016-04-06 09:15:00,6.3587329780935455,SUSPECTED_CORPORATE_ACTION_OR_DATA_BREAK
NIFTYMIDLIQ15,2016-04-07 00:00:00,-0.8649893930007214,SUSPECTED_CORPORATE_ACTION_OR_DATA_BREAK
NIFTYMIDLIQ15,2016-04-07 09:15:00,6.3752607218768,SUSPECTED_CORPORATE_ACTION_OR_DATA_BREAK
NIFTYMIDLIQ15,2016-04-08 00:00:00,-0.8629899967140525,SUSPECTED_CORPORATE_ACTION_OR_DATA_BREAK
NIFTYMIDLIQ15,2016-04-08 09:15:00,6.335085553423709,SUSPECTED_CORPORATE_ACTION_OR_DATA_BREAK
NIFTYMIDLIQ15,2016-04-11 00:00:00,-0.8615382966121454,SUSPECTED_CORPORATE_ACTION_OR_DATA_BREAK
NIFTYMIDLIQ15,2016-04-11 09:15:00,6.285584877612564,SUSPECTED_CORPORATE_ACTION_OR_DATA_BREAK
NIFTYMIDLIQ15,2016-04-12 00:00:00,-0.8611162031981849,SUSPECTED_CORPORATE_ACTION_OR_DATA_BREAK
NIFTYMIDLIQ15,2016-04-12 09:15:00,6.252046828372484,SUSPECTED_CORPORATE_ACTION_OR_DATA_BREAK
NIFTYMIDLIQ15,2016-04-13 00:00:00,-0.8600979140508773,SUSPECTED_CORPORATE_ACTION_OR_DATA_BREAK
NIFTYMIDLIQ15,2016-04-13 09:15:00,6.229005618613069,SUSPECTED_CORPORATE_ACTION_OR_DATA_BREAK
NIFTYMIDLIQ15,2016-04-18 00:00:00,-0.8603069283173193,SUSPECTED_CORPORATE_ACTION_OR_DATA_BREAK
NIFTYMIDLIQ15,2016-04-18 09:15:00,6.232692307692308,SUSPECTED_CORPORATE_ACTION_OR_DATA_BREAK
NIFTYMIDLIQ15,2016-04-20 00:00:00,-0.860603072411541,SUSPECTED_CORPORATE_ACTION_OR_DATA_BREAK
NIFTYMIDLIQ15,2016-04-20 09:15:00,6.18337037037037,SUSPECTED_CORPORATE_ACTION_OR_DATA_BREAK
NIFTYMIDLIQ15,2016-04-21 00:00:00,-0.8620141169676877,SUSPECTED_CORPORATE_ACTION_OR_DATA_BREAK
NIFTYMIDLIQ15,2016-04-21 09:15:00,6.244558617468472,SUSPECTED_CORPORATE_ACTION_OR_DATA_BREAK
NIFTYMIDLIQ15,2016-04-22 00:00:00,-0.8601807795958892,SUSPECTED_CORPORATE_ACTION_OR_DATA_BREAK
NIFTYMIDLIQ15,2016-04-22 09:15:00,6.16297471272848,SUSPECTED_CORPORATE_ACTION_OR_DATA_BREAK
NIFTYMIDLIQ15,2016-04-25 00:00:00,-0.8600867762742851,SUSPECTED_CORPORATE_ACTION_OR_DATA_BREAK
NIFTYMIDLIQ15,2016-04-25 09:15:00,6.10227105418139,SUSPECTED_CORPORATE_ACTION_OR_DATA_BREAK
NIFTYMIDLIQ15,2016-04-26 00:00:00,-0.8568963149343498,SUSPECTED_CORPORATE_ACTION_OR_DATA_BREAK
NIFTYMIDLIQ15,2016-04-26 09:15:00,6.030439112720688,SUSPECTED_CORPORATE_ACTION_OR_DATA_BREAK
NIFTYMIDLIQ15,2016-04-27 00:00:00,-0.8575475974614687,SUSPECTED_CORPORATE_ACTION_OR_DATA_BREAK
NIFTYMIDLIQ15,2016-04-27 09:15:00,6.04088016200188,SUSPECTED_CORPORATE_ACTION_OR_DATA_BREAK
NIFTYMIDLIQ15,2016-04-28 00:00:00,-0.86066093673363,SUSPECTED_CORPORATE_ACTION_OR_DATA_BREAK
NIFTYMIDLIQ15,2016-04-28 09:15:00,6.091797054975028,SUSPECTED_CORPORATE_ACTION_OR_DATA_BREAK
NIFTYMIDLIQ15,2016-04-29 00:00:00,-0.8594493877466165,SUSPECTED_CORPORATE_ACTION_OR_DATA_BREAK
NIFTYMIDLIQ15,2016-04-29 09:15:00,6.145493205140058,SUSPECTED_CORPORATE_ACTION_OR_DATA_BREAK
NIFTYMIDLIQ15,2016-05-02 00:00:00,-0.8597877163202783,SUSPECTED_CORPORATE_ACTION_OR_DATA_BREAK
NIFTYMIDLIQ15,2016-05-02 09:15:00,6.24535405170982,SUSPECTED_CORPORATE_ACTION_OR_DATA_BREAK
NIFTYMIDLIQ15,2016-05-03 00:00:00,-0.8642066815417062,SUSPECTED_CORPORATE_ACTION_OR_DATA_BREAK
NIFTYMIDLIQ15,2016-05-03 09:15:00,6.290341942865718,SUSPECTED_CORPORATE_ACTION_OR_DATA_BREAK
NIFTYMIDLIQ15,2016-05-04 00:00:00,-0.8648545038207219,SUSPECTED_CORPORATE_ACTION_OR_DATA_BREAK
NIFTYMIDLIQ15,2016-05-04 09:15:00,6.2825594456184435,SUSPECTED_CORPORATE_ACTION_OR_DATA_BREAK
NIFTYMIDLIQ15,2016-05-05 00:00:00,-0.862298741801318,SUSPECTED_CORPORATE_ACTION_OR_DATA_BREAK
NIFTYMIDLIQ15,2016-05-05 09:15:00,6.272577123872805,SUSPECTED_CORPORATE_ACTION_OR_DATA_BREAK
NIFTYMIDLIQ15,2016-05-06 00:00:00,-0.8608421673632085,SUSPECTED_CORPORATE_ACTION_OR_DATA_BREAK
NIFTYMIDLIQ15,2016-05-06 09:15:00,6.224427394998968,SUSPECTED_CORPORATE_ACTION_OR_DATA_BREAK
NIFTYMIDLIQ15,2016-05-09 00:00:00,-0.8596748605005622,SUSPECTED_CORPORATE_ACTION_OR_DATA_BREAK
NIFTYMIDLIQ15,2016-05-09 09:15:00,6.181633143977943,SUSPECTED_CORPORATE_ACTION_OR_DATA_BREAK
NIFTYMIDLIQ15,2016-05-10 00:00:00,-0.8609646060337476,SUSPECTED_CORPORATE_ACTION_OR_DATA_BREAK
NIFTYMIDLIQ15,2016-05-10 09:15:00,6.195137318854009,SUSPECTED_CORPORATE_ACTION_OR_DATA_BREAK
NIFTYMIDLIQ15,2016-05-11 00:00:00,-0.8615426616941051,SUSPECTED_CORPORATE_ACTION_OR_DATA_BREAK
NIFTYMIDLIQ15,2016-05-11 09:15:00,6.228728747349231,SUSPECTED_CORPORATE_ACTION_OR_DATA_BREAK
NIFTYMIDLIQ15,2016-05-12 00:00:00,-0.8608550650794387,SUSPECTED_CORPORATE_ACTION_OR_DATA_BREAK
NIFTYMIDLIQ15,2016-05-12 09:15:00,6.260393549341619,SUSPECTED_CORPORATE_ACTION_OR_DATA_BREAK
NIFTYMIDLIQ15,2016-05-13 00:00:00,-0.861993866280847,SUSPECTED_CORPORATE_ACTION_OR_DATA_BREAK
NIFTYMIDLIQ15,2016-05-13 09:15:00,6.179146901936175,SUSPECTED_CORPORATE_ACTION_OR_DATA_BREAK
NIFTYMIDLIQ15,2016-05-16 00:00:00,-0.86129900580781,SUSPECTED_CORPORATE_ACTION_OR_DATA_BREAK
NIFTYMIDLIQ15,2016-05-16 09:15:00,6.204489425197872,SUSPECTED_CORPORATE_ACTION_OR_DATA_BREAK
NIFTYMIDLIQ15,2016-05-17 00:00:00,-0.859401813854763,SUSPECTED_CORPORATE_ACTION_OR_DATA_BREAK
NIFTYMIDLIQ15,2016-05-17 09:15:00,6.116804216150932,SUSPECTED_CORPORATE_ACTION_OR_DATA_BREAK
NIFTYMIDLIQ15,2016-05-18 00:00:00,-0.8585515489365203,SUSPECTED_CORPORATE_ACTION_OR_DATA_BREAK
NIFTYMIDLIQ15,2016-05-18 09:15:00,6.071331188307792,SUSPECTED_CORPORATE_ACTION_OR_DATA_BREAK
NIFTYMIDLIQ15,2016-05-19 00:00:00,-0.8621340305037777,SUSPECTED_CORPORATE_ACTION_OR_DATA_BREAK
NIFTYMIDLIQ15,2016-05-19 09:15:00,6.168692895767294,SUSPECTED_CORPORATE_ACTION_OR_DATA_BREAK
NIFTYMIDLIQ15,2016-05-20 00:00:00,-0.8592456373534622,SUSPECTED_CORPORATE_ACTION_OR_DATA_BREAK
NIFTYMIDLIQ15,2016-05-20 09:15:00,6.058506116716562,SUSPECTED_CORPORATE_ACTION_OR_DATA_BREAK
NIFTYMIDLIQ15,2016-05-23 00:00:00,-0.8594474871977464,SUSPECTED_CORPORATE_ACTION_OR_DATA_BREAK
NIFTYMIDLIQ15,2016-05-23 09:15:00,6.098461423834892,SUSPECTED_CORPORATE_ACTION_OR_DATA_BREAK
NIFTYMIDLIQ15,2016-05-24 00:00:00,-0.8593894323620791,SUSPECTED_CORPORATE_ACTION_OR_DATA_BREAK
NIFTYMIDLIQ15,2016-05-24 09:15:00,6.0948026499953345,SUSPECTED_CORPORATE_ACTION_OR_DATA_BREAK
NIFTYMIDLIQ15,2016-05-25 00:00:00,-0.8559032024725455,SUSPECTED_CORPORATE_ACTION_OR_DATA_BREAK
NIFTYMIDLIQ15,2016-05-25 09:15:00,6.015589062100691,SUSPECTED_CORPORATE_ACTION_OR_DATA_BREAK
NIFTYMIDLIQ15,2016-05-26 00:00:00,-0.8556129139693178,SUSPECTED_CORPORATE_ACTION_OR_DATA_BREAK
NIFTYMIDLIQ15,2016-05-26 09:15:00,6.002504865566208,SUSPECTED_CORPORATE_ACTION_OR_DATA_BREAK
NIFTYMIDLIQ15,2016-05-27 00:00:00,-0.8558094409688535,SUSPECTED_CORPORATE_ACTION_OR_DATA_BREAK
NIFTYMIDLIQ15,2016-05-27 09:15:00,6.037711940032126,SUSPECTED_CORPORATE_ACTION_OR_DATA_BREAK
NIFTYMIDLIQ15,2016-05-30 00:00:00,-0.8573403022395346,SUSPECTED_CORPORATE_ACTION_OR_DATA_BREAK
NIFTYMIDLIQ15,2016-05-30 09:15:00,6.040139367867174,SUSPECTED_CORPORATE_ACTION_OR_DATA_BREAK
NIFTYMIDLIQ15,2016-05-31 00:00:00,-0.8586744639376218,SUSPECTED_CORPORATE_ACTION_OR_DATA_BREAK
NIFTYMIDLIQ15,2016-05-31 09:15:00,6.044970519921386,SUSPECTED_CORPORATE_ACTION_OR_DATA_BREAK
NIFTYMIDLIQ15,2016-06-01 00:00:00,-0.859779309015564,SUSPECTED_CORPORATE_ACTION_OR_DATA_BREAK
NIFTYMIDLIQ15,2016-06-01 09:15:00,6.135756918068367,SUSPECTED_CORPORATE_ACTION_OR_DATA_BREAK
NIFTYMIDLIQ15,2016-06-02 00:00:00,-0.8583880811890423,SUSPECTED_CORPORATE_ACTION_OR_DATA_BREAK
NIFTYMIDLIQ15,2016-06-02 09:15:00,6.108571530847846,SUSPECTED_CORPORATE_ACTION_OR_DATA_BREAK
NIFTYMIDLIQ15,2016-06-03 00:00:00,-0.8607146184312234,SUSPECTED_CORPORATE_ACTION_OR_DATA_BREAK
NIFTYMIDLIQ15,2016-06-03 09:15:00,6.181745873931199,SUSPECTED_CORPORATE_ACTION_OR_DATA_BREAK
NIFTYMIDLIQ15,2016-06-06 00:00:00,-0.8602873992856549,SUSPECTED_CORPORATE_ACTION_OR_DATA_BREAK
NIFTYMIDLIQ15,2016-06-06 09:15:00,6.117987244622202,SUSPECTED_CORPORATE_ACTION_OR_DATA_BREAK
NIFTYMIDLIQ15,2016-06-07 00:00:00,-0.8584199589461669,SUSPECTED_CORPORATE_ACTION_OR_DATA_BREAK
NIFTYMIDLIQ15,2016-06-07 09:15:00,6.094713695764878,SUSPECTED_CORPORATE_ACTION_OR_DATA_BREAK
NIFTYMIDLIQ15,2016-06-08 00:00:00,-0.8572886455322698,SUSPECTED_CORPORATE_ACTION_OR_DATA_BREAK
NIFTYMIDLIQ15,2016-06-08 09:15:00,6.04290557242743,SUSPECTED_CORPORATE_ACTION_OR_DATA_BREAK
NIFTYMIDLIQ15,2016-06-09 00:00:00,-0.8593869866276242,SUSPECTED_CORPORATE_ACTION_OR_DATA_BREAK
NIFTYMIDLIQ15,2016-06-09 09:15:00,6.090571958351162,SUSPECTED_CORPORATE_ACTION_OR_DATA_BREAK
NIFTYMIDLIQ15,2016-06-10 00:00:00,-0.8599910484390086,SUSPECTED_CORPORATE_ACTION_OR_DATA_BREAK
NIFTYMIDLIQ15,2016-06-10 09:15:00,6.104577863184928,SUSPECTED_CORPORATE_ACTION_OR_DATA_BREAK
NIFTYMIDLIQ15,2016-06-13 00:00:00,-0.8599206248894057,SUSPECTED_CORPORATE_ACTION_OR_DATA_BREAK
NIFTYMIDLIQ15,2016-06-13 09:15:00,6.088082434041939,SUSPECTED_CORPORATE_ACTION_OR_DATA_BREAK
NIFTYMIDLIQ15,2016-06-14 00:00:00,-0.8573116179836499,SUSPECTED_CORPORATE_ACTION_OR_DATA_BREAK
NIFTYMIDLIQ15,2016-06-14 09:15:00,6.023695244892497,SUSPECTED_CORPORATE_ACTION_OR_DATA_BREAK
NIFTYMIDLIQ15,2016-06-15 00:00:00,-0.8566518393569809,SUSPECTED_CORPORATE_ACTION_OR_DATA_BREAK
NIFTYMIDLIQ15,2016-06-15 09:15:00,6.025448358970723,SUSPECTED_CORPORATE_ACTION_OR_DATA_BREAK
NIFTYMIDLIQ15,2016-06-16 00:00:00,-0.858757617952133,SUSPECTED_CORPORATE_ACTION_OR_DATA_BREAK
NIFTYMIDLIQ15,2016-06-16 09:15:00,6.072812673012698,SUSPECTED_CORPORATE_ACTION_OR_DATA_BREAK
NIFTYMIDLIQ15,2016-06-17 00:00:00,-0.8587827123334714,SUSPECTED_CORPORATE_ACTION_OR_DATA_BREAK
NIFTYMIDLIQ15,2016-06-17 09:15:00,6.081107177341487,SUSPECTED_CORPORATE_ACTION_OR_DATA_BREAK
NIFTYMIDLIQ15,2016-06-20 00:00:00,-0.8573019408208717,SUSPECTED_CORPORATE_ACTION_OR_DATA_BREAK
NIFTYMIDLIQ15,2016-06-20 09:15:00,6.045424784555219,SUSPECTED_CORPORATE_ACTION_OR_DATA_BREAK
NIFTYMIDLIQ15,2016-06-21 00:00:00,-0.8578780541713551,SUSPECTED_CORPORATE_ACTION_OR_DATA_BREAK
NIFTYMIDLIQ15,2016-06-21 09:15:00,6.051939559954052,SUSPECTED_CORPORATE_ACTION_OR_DATA_BREAK
NIFTYMIDLIQ15,2016-06-22 00:00:00,-0.8593804036748749,SUSPECTED_CORPORATE_ACTION_OR_DATA_BREAK
NIFTYMIDLIQ15,2016-06-22 09:15:00,6.1127922725976624,SUSPECTED_CORPORATE_ACTION_OR_DATA_BREAK
NIFTYMIDLIQ15,2016-06-23 00:00:00,-0.8591727154966138,SUSPECTED_CORPORATE_ACTION_OR_DATA_BREAK
NIFTYMIDLIQ15,2016-06-23 09:15:00,6.109828132227875,SUSPECTED_CORPORATE_ACTION_OR_DATA_BREAK
NIFTYMIDLIQ15,2016-06-24 00:00:00,-0.861724409744379,SUSPECTED_CORPORATE_ACTION_OR_DATA_BREAK
NIFTYMIDLIQ15,2016-06-24 09:15:00,6.132743362831859,SUSPECTED_CORPORATE_ACTION_OR_DATA_BREAK
NIFTYMIDLIQ15,2016-06-27 00:00:00,-0.8584618429265174,SUSPECTED_CORPORATE_ACTION_OR_DATA_BREAK
NIFTYMIDLIQ15,2016-06-27 09:15:00,6.134157927758358,SUSPECTED_CORPORATE_ACTION_OR_DATA_BREAK
NIFTYMIDLIQ15,2016-06-28 00:00:00,-0.8593267483962722,SUSPECTED_CORPORATE_ACTION_OR_DATA_BREAK
NIFTYMIDLIQ15,2016-06-28 09:15:00,6.163811735286237,SUSPECTED_CORPORATE_ACTION_OR_DATA_BREAK
NIFTYMIDLIQ15,2016-06-29 00:00:00,-0.8588661217854419,SUSPECTED_CORPORATE_ACTION_OR_DATA_BREAK
NIFTYMIDLIQ15,2016-06-29 09:15:00,6.157144371422516,SUSPECTED_CORPORATE_ACTION_OR_DATA_BREAK
NIFTYMIDLIQ15,2016-06-30 00:00:00,-0.8578876045052983,SUSPECTED_CORPORATE_ACTION_OR_DATA_BREAK
NIFTYMIDLIQ15,2016-06-30 09:15:00,6.133100585343825,SUSPECTED_CORPORATE_ACTION_OR_DATA_BREAK
NIFTYMIDLIQ15,2016-07-01 00:00:00,-0.8572736525808793,SUSPECTED_CORPORATE_ACTION_OR_DATA_BREAK
NIFTYMIDLIQ15,2016-07-01 09:15:00,6.1079434947282225,SUSPECTED_CORPORATE_ACTION_OR_DATA_BREAK
NIFTYMIDLIQ15,2016-07-04 00:00:00,-0.8578025802580258,SUSPECTED_CORPORATE_ACTION_OR_DATA_BREAK
NIFTYMIDLIQ15,2016-07-04 09:15:00,6.087875360802119,SUSPECTED_CORPORATE_ACTION_OR_DATA_BREAK
NIFTYMIDLIQ15,2016-07-05 00:00:00,-0.8585948793423306,SUSPECTED_CORPORATE_ACTION_OR_DATA_BREAK
NIFTYMIDLIQ15,2016-07-05 09:15:00,6.0651935934789565,SUSPECTED_CORPORATE_ACTION_OR_DATA_BREAK
NIFTYMIDLIQ15,2016-07-07 00:00:00,-0.8598317084217302,SUSPECTED_CORPORATE_ACTION_OR_DATA_BREAK
NIFTYMIDLIQ15,2016-07-07 09:15:00,6.125727016087888,SUSPECTED_CORPORATE_ACTION_OR_DATA_BREAK
NIFTYMIDLIQ15,2016-07-08 00:00:00,-0.8601336015866083,SUSPECTED_CORPORATE_ACTION_OR_DATA_BREAK
NIFTYMIDLIQ15,2016-07-08 09:15:00,6.166368057332992,SUSPECTED_CORPORATE_ACTION_OR_DATA_BREAK
NIFTYMIDLIQ15,2016-07-11 00:00:00,-0.8587997190375847,SUSPECTED_CORPORATE_ACTION_OR_DATA_BREAK
NIFTYMIDLIQ15,2016-07-11 09:15:00,6.198829719065125,SUSPECTED_CORPORATE_ACTION_OR_DATA_BREAK
NIFTYMIDLIQ15,2016-07-12 00:00:00,-0.86059427741535,SUSPECTED_CORPORATE_ACTION_OR_DATA_BREAK
NIFTYMIDLIQ15,2016-07-12 09:15:00,6.230789911447919,SUSPECTED_CORPORATE_ACTION_OR_DATA_BREAK
NIFTYMIDLIQ15,2016-07-13 00:00:00,-0.8620859534399502,SUSPECTED_CORPORATE_ACTION_OR_DATA_BREAK
NIFTYMIDLIQ15,2016-07-13 09:15:00,6.220833052503875,SUSPECTED_CORPORATE_ACTION_OR_DATA_BREAK
NIFTYMIDLIQ15,2016-07-14 00:00:00,-0.8614744879148368,SUSPECTED_CORPORATE_ACTION_OR_DATA_BREAK
NIFTYMIDLIQ15,2016-07-14 09:15:00,6.2503874401994475,SUSPECTED_CORPORATE_ACTION_OR_DATA_BREAK
NIFTYMIDLIQ15,2016-07-15 00:00:00,-0.8628407200542736,SUSPECTED_CORPORATE_ACTION_OR_DATA_BREAK
NIFTYMIDLIQ15,2016-07-15 09:15:00,6.310713983230287,SUSPECTED_CORPORATE_ACTION_OR_DATA_BREAK
NIFTYMIDLIQ15,2016-07-18 00:00:00,-0.8643521135898126,SUSPECTED_CORPORATE_ACTION_OR_DATA_BREAK
NIFTYMIDLIQ15,2016-07-18 09:15:00,6.320767286143755,SUSPECTED_CORPORATE_ACTION_OR_DATA_BREAK
NIFTYMIDLIQ15,2016-07-19 00:00:00,-0.8633392986721482,SUSPECTED_CORPORATE_ACTION_OR_DATA_BREAK
NIFTYMIDLIQ15,2016-07-19 09:15:00,6.342831776817878,SUSPECTED_CORPORATE_ACTION_OR_DATA_BREAK
NIFTYMIDLIQ15,2016-07-20 00:00:00,-0.862029357533651,SUSPECTED_CORPORATE_ACTION_OR_DATA_BREAK
NIFTYMIDLIQ15,2016-07-20 09:15:00,6.305183861943442,SUSPECTED_CORPORATE_ACTION_OR_DATA_BREAK
NIFTYMIDLIQ15,2016-07-21 00:00:00,-0.8647742084318588,SUSPECTED_CORPORATE_ACTION_OR_DATA_BREAK
NIFTYMIDLIQ15,2016-07-21 09:15:00,6.404029547742122,SUSPECTED_CORPORATE_ACTION_OR_DATA_BREAK
NIFTYMIDLIQ15,2016-07-22 00:00:00,-0.8640421011884738,SUSPECTED_CORPORATE_ACTION_OR_DATA_BREAK
NIFTYMIDLIQ15,2016-07-22 09:15:00,6.450208453377622,SUSPECTED_CORPORATE_ACTION_OR_DATA_BREAK
NIFTYMIDLIQ15,2016-07-25 00:00:00,-0.863719185545271,SUSPECTED_CORPORATE_ACTION_OR_DATA_BREAK
NIFTYMIDLIQ15,2016-07-25 09:15:00,6.417643131363712,SUSPECTED_CORPORATE_ACTION_OR_DATA_BREAK
NIFTYMIDLIQ15,2016-07-26 00:00:00,-0.8663586796312257,SUSPECTED_CORPORATE_ACTION_OR_DATA_BREAK
NIFTYMIDLIQ15,2016-07-26 09:15:00,6.475357389415549,SUSPECTED_CORPORATE_ACTION_OR_DATA_BREAK
NIFTYMIDLIQ15,2016-07-27 00:00:00,-0.86541398433171,SUSPECTED_CORPORATE_ACTION_OR_DATA_BREAK
NIFTYMIDLIQ15,2016-07-27 09:15:00,6.475832635983263,SUSPECTED_CORPORATE_ACTION_OR_DATA_BREAK
NIFTYMIDLIQ15,2016-07-28 00:00:00,-0.865987136233688,SUSPECTED_CORPORATE_ACTION_OR_DATA_BREAK
NIFTYMIDLIQ15,2016-07-28 09:15:00,6.49045288251115,SUSPECTED_CORPORATE_ACTION_OR_DATA_BREAK
NIFTYMIDLIQ15,2016-07-29 00:00:00,-0.8650470799712747,SUSPECTED_CORPORATE_ACTION_OR_DATA_BREAK
NIFTYMIDLIQ15,2016-07-29 09:15:00,6.422584323511428,SUSPECTED_CORPORATE_ACTION_OR_DATA_BREAK
NIFTYMIDLIQ15,2016-08-01 00:00:00,-0.8636240170277949,SUSPECTED_CORPORATE_ACTION_OR_DATA_BREAK
NIFTYMIDLIQ15,2016-08-01 09:15:00,6.353729613243433,SUSPECTED_CORPORATE_ACTION_OR_DATA_BREAK
NIFTYMIDLIQ15,2016-08-02 00:00:00,-0.8641433449220537,SUSPECTED_CORPORATE_ACTION_OR_DATA_BREAK
NIFTYMIDLIQ15,2016-08-02 09:15:00,6.310352152953672,SUSPECTED_CORPORATE_ACTION_OR_DATA_BREAK
NIFTYMIDLIQ15,2016-08-03 00:00:00,-0.8659817550636293,SUSPECTED_CORPORATE_ACTION_OR_DATA_BREAK
NIFTYMIDLIQ15,2016-08-03 09:15:00,6.329819528305034,SUSPECTED_CORPORATE_ACTION_OR_DATA_BREAK
NIFTYMIDLIQ15,2016-08-04 00:00:00,-0.862085051382176,SUSPECTED_CORPORATE_ACTION_OR_DATA_BREAK
NIFTYMIDLIQ15,2016-08-04 09:15:00,6.295378421634465,SUSPECTED_CORPORATE_ACTION_OR_DATA_BREAK
NIFTYMIDLIQ15,2016-08-05 00:00:00,-0.8612939923238894,SUSPECTED_CORPORATE_ACTION_OR_DATA_BREAK
NIFTYMIDLIQ15,2016-08-05 09:15:00,6.347078869702751,SUSPECTED_CORPORATE_ACTION_OR_DATA_BREAK
NIFTYMIDLIQ15,2016-08-08 00:00:00,-0.8643442250032735,SUSPECTED_CORPORATE_ACTION_OR_DATA_BREAK
NIFTYMIDLIQ15,2016-08-08 09:15:00,6.4484253578732105,SUSPECTED_CORPORATE_ACTION_OR_DATA_BREAK
NIFTYMIDLIQ15,2016-08-09 00:00:00,-0.8654557035702911,SUSPECTED_CORPORATE_ACTION_OR_DATA_BREAK
NIFTYMIDLIQ15,2016-08-09 09:15:00,6.386492751730442,SUSPECTED_CORPORATE_ACTION_OR_DATA_BREAK
NIFTYMIDLIQ15,2016-08-10 00:00:00,-0.8665272826526575,SUSPECTED_CORPORATE_ACTION_OR_DATA_BREAK
NIFTYMIDLIQ15,2016-08-10 09:15:00,6.3673334216452515,SUSPECTED_CORPORATE_ACTION_OR_DATA_BREAK
NIFTYMIDLIQ15,2016-08-11 00:00:00,-0.864465711306099,SUSPECTED_CORPORATE_ACTION_OR_DATA_BREAK
NIFTYMIDLIQ15,2016-08-11 09:15:00,6.398255476510289,SUSPECTED_CORPORATE_ACTION_OR_DATA_BREAK
NIFTYMIDLIQ15,2016-08-12 00:00:00,-0.8639386556147551,SUSPECTED_CORPORATE_ACTION_OR_DATA_BREAK
NIFTYMIDLIQ15,2016-08-12 09:15:00,6.417844552074067,SUSPECTED_CORPORATE_ACTION_OR_DATA_BREAK
NIFTYMIDLIQ15,2016-08-16 00:00:00,-0.8644170934400526,SUSPECTED_CORPORATE_ACTION_OR_DATA_BREAK
NIFTYMIDLIQ15,2016-08-16 09:15:00,6.411695331695332,SUSPECTED_CORPORATE_ACTION_OR_DATA_BREAK
NIFTYMIDLIQ15,2016-08-17 00:00:00,-0.8635885467773446,SUSPECTED_CORPORATE_ACTION_OR_DATA_BREAK
NIFTYMIDLIQ15,2016-08-17 09:15:00,6.380386883546109,SUSPECTED_CORPORATE_ACTION_OR_DATA_BREAK
NIFTYMIDLIQ15,2016-08-18 00:00:00,-0.8637725635335103,SUSPECTED_CORPORATE_ACTION_OR_DATA_BREAK
NIFTYMIDLIQ15,2016-08-18 09:15:00,6.370105385284734,SUSPECTED_CORPORATE_ACTION_OR_DATA_BREAK
NIFTYMIDLIQ15,2016-08-19 00:00:00,-0.8626572564247202,SUSPECTED_CORPORATE_ACTION_OR_DATA_BREAK
NIFTYMIDLIQ15,2016-08-19 09:15:00,6.299043252622698,SUSPECTED_CORPORATE_ACTION_OR_DATA_BREAK
NIFTYMIDLIQ15,2016-08-22 00:00:00,-0.8646249541988729,SUSPECTED_CORPORATE_ACTION_OR_DATA_BREAK
NIFTYMIDLIQ15,2016-08-22 09:15:00,6.343128725632351,SUSPECTED_CORPORATE_ACTION_OR_DATA_BREAK
NIFTYMIDLIQ15,2016-08-23 00:00:00,-0.8638709224464005,SUSPECTED_CORPORATE_ACTION_OR_DATA_BREAK
NIFTYMIDLIQ15,2016-08-23 09:15:00,6.303000999258614,SUSPECTED_CORPORATE_ACTION_OR_DATA_BREAK
NIFTYMIDLIQ15,2016-08-24 00:00:00,-0.8619422583763313,SUSPECTED_CORPORATE_ACTION_OR_DATA_BREAK
NIFTYMIDLIQ15,2016-08-24 09:15:00,6.308246878846492,SUSPECTED_CORPORATE_ACTION_OR_DATA_BREAK
NIFTYMIDLIQ15,2016-08-25 00:00:00,-0.8630960973966604,SUSPECTED_CORPORATE_ACTION_OR_DATA_BREAK
NIFTYMIDLIQ15,2016-08-25 09:15:00,6.264035788464611,SUSPECTED_CORPORATE_ACTION_OR_DATA_BREAK
NIFTYMIDLIQ15,2016-08-26 00:00:00,-0.8625092377533784,SUSPECTED_CORPORATE_ACTION_OR_DATA_BREAK
NIFTYMIDLIQ15,2016-08-26 09:15:00,6.293900273551855,SUSPECTED_CORPORATE_ACTION_OR_DATA_BREAK
NIFTYMIDLIQ15,2016-08-29 00:00:00,-0.8612915040936596,SUSPECTED_CORPORATE_ACTION_OR_DATA_BREAK
NIFTYMIDLIQ15,2016-08-29 09:15:00,6.215878186072987,SUSPECTED_CORPORATE_ACTION_OR_DATA_BREAK
NIFTYMIDLIQ15,2016-08-30 00:00:00,-0.8588573519647823,SUSPECTED_CORPORATE_ACTION_OR_DATA_BREAK
NIFTYMIDLIQ15,2016-08-30 09:15:00,6.133406818605229,SUSPECTED_CORPORATE_ACTION_OR_DATA_BREAK
NIFTYMIDLIQ15,2016-08-31 00:00:00,-0.8599973448072482,SUSPECTED_CORPORATE_ACTION_OR_DATA_BREAK
NIFTYMIDLIQ15,2016-08-31 09:15:00,6.152608506404676,SUSPECTED_CORPORATE_ACTION_OR_DATA_BREAK
NIFTYMIDLIQ15,2016-09-01 00:00:00,-0.8612579953185413,SUSPECTED_CORPORATE_ACTION_OR_DATA_BREAK
NIFTYMIDLIQ15,2016-09-01 09:15:00,6.19357112646271,SUSPECTED_CORPORATE_ACTION_OR_DATA_BREAK
NIFTYMIDLIQ15,2016-09-02 00:00:00,-0.8596847670812864,SUSPECTED_CORPORATE_ACTION_OR_DATA_BREAK
NIFTYMIDLIQ15,2016-09-02 09:15:00,6.148614883215643,SUSPECTED_CORPORATE_ACTION_OR_DATA_BREAK
NIFTYMIDLIQ15,2016-09-06 00:00:00,-0.8584041978112158,SUSPECTED_CORPORATE_ACTION_OR_DATA_BREAK
NIFTYMIDLIQ15,2016-09-06 09:15:00,6.177133482567232,SUSPECTED_CORPORATE_ACTION_OR_DATA_BREAK
NIFTYMIDLIQ15,2016-09-07 00:00:00,-0.8596709726622332,SUSPECTED_CORPORATE_ACTION_OR_DATA_BREAK
NIFTYMIDLIQ15,2016-09-07 09:15:00,6.1432659958288305,SUSPECTED_CORPORATE_ACTION_OR_DATA_BREAK
NIFTYMIDLIQ15,2016-09-08 00:00:00,-0.858769824863501,SUSPECTED_CORPORATE_ACTION_OR_DATA_BREAK
NIFTYMIDLIQ15,2016-09-08 09:15:00,6.107861777576581,SUSPECTED_CORPORATE_ACTION_OR_DATA_BREAK
NIFTYMIDLIQ15,2016-09-09 00:00:00,-0.8605738815127442,SUSPECTED_CORPORATE_ACTION_OR_DATA_BREAK
NIFTYMIDLIQ15,2016-09-09 09:15:00,6.107453368861819,SUSPECTED_CORPORATE_ACTION_OR_DATA_BREAK
NIFTYMIDLIQ15,2016-09-12 00:00:00,-0.8644999164492204,SUSPECTED_CORPORATE_ACTION_OR_DATA_BREAK
NIFTYMIDLIQ15,2016-09-12 09:15:00,6.16994735094626,SUSPECTED_CORPORATE_ACTION_OR_DATA_BREAK
NIFTYMIDLIQ15,2016-09-14 00:00:00,-0.8577306766161255,SUSPECTED_CORPORATE_ACTION_OR_DATA_BREAK
NIFTYMIDLIQ15,2016-09-14 09:15:00,6.103149508664249,SUSPECTED_CORPORATE_ACTION_OR_DATA_BREAK
NIFTYMIDLIQ15,2016-09-15 00:00:00,-0.858604218808984,SUSPECTED_CORPORATE_ACTION_OR_DATA_BREAK
NIFTYMIDLIQ15,2016-09-15 09:15:00,6.040016049630395,SUSPECTED_CORPORATE_ACTION_OR_DATA_BREAK
NIFTYMIDLIQ15,2016-09-16 00:00:00,-0.857770733867326,SUSPECTED_CORPORATE_ACTION_OR_DATA_BREAK
NIFTYMIDLIQ15,2016-09-16 09:15:00,6.048595163602176,SUSPECTED_CORPORATE_ACTION_OR_DATA_BREAK
NIFTYMIDLIQ15,2016-09-19 00:00:00,-0.8571306747366257,SUSPECTED_CORPORATE_ACTION_OR_DATA_BREAK
NIFTYMIDLIQ15,2016-09-19 09:15:00,6.019835014309984,SUSPECTED_CORPORATE_ACTION_OR_DATA_BREAK
NIFTYMIDLIQ15,2016-09-20 00:00:00,-0.8584840048052081,SUSPECTED_CORPORATE_ACTION_OR_DATA_BREAK
NIFTYMIDLIQ15,2016-09-20 09:15:00,6.06718636860836,SUSPECTED_CORPORATE_ACTION_OR_DATA_BREAK
NIFTYMIDLIQ15,2016-09-21 00:00:00,-0.8590655819185393,SUSPECTED_CORPORATE_ACTION_OR_DATA_BREAK
NIFTYMIDLIQ15,2016-09-21 09:15:00,6.091044083526682,SUSPECTED_CORPORATE_ACTION_OR_DATA_BREAK
NIFTYMIDLIQ15,2016-09-22 00:00:00,-0.8558359291155144,SUSPECTED_CORPORATE_ACTION_OR_DATA_BREAK
NIFTYMIDLIQ15,2016-09-22 09:15:00,6.026993493720684,SUSPECTED_CORPORATE_ACTION_OR_DATA_BREAK
NIFTYMIDLIQ15,2016-09-23 00:00:00,-0.858574461579539,SUSPECTED_CORPORATE_ACTION_OR_DATA_BREAK
NIFTYMIDLIQ15,2016-09-23 09:15:00,6.078852009744215,SUSPECTED_CORPORATE_ACTION_OR_DATA_BREAK
NIFTYMIDLIQ15,2016-09-26 00:00:00,-0.8592783139293542,SUSPECTED_CORPORATE_ACTION_OR_DATA_BREAK
NIFTYMIDLIQ15,2016-09-26 09:15:00,6.081235575526923,SUSPECTED_CORPORATE_ACTION_OR_DATA_BREAK
NIFTYMIDLIQ15,2016-09-27 00:00:00,-0.8592371315594081,SUSPECTED_CORPORATE_ACTION_OR_DATA_BREAK
NIFTYMIDLIQ15,2016-09-27 09:15:00,6.096372055937192,SUSPECTED_CORPORATE_ACTION_OR_DATA_BREAK
NIFTYMIDLIQ15,2016-09-28 00:00:00,-0.8570906898705047,SUSPECTED_CORPORATE_ACTION_OR_DATA_BREAK
NIFTYMIDLIQ15,2016-09-28 09:15:00,6.045405062142792,SUSPECTED_CORPORATE_ACTION_OR_DATA_BREAK
NIFTYMIDLIQ15,2016-09-29 00:00:00,-0.8635831997407553,SUSPECTED_CORPORATE_ACTION_OR_DATA_BREAK
NIFTYMIDLIQ15,2016-09-29 09:15:00,6.07327816757386,SUSPECTED_CORPORATE_ACTION_OR_DATA_BREAK
NIFTYMIDLIQ15,2016-09-30 00:00:00,-0.8546172323295227,SUSPECTED_CORPORATE_ACTION_OR_DATA_BREAK
NIFTYMIDLIQ15,2016-09-30 09:15:00,6.009041259351049,SUSPECTED_CORPORATE_ACTION_OR_DATA_BREAK
NIFTYMIDLIQ15,2016-10-03 00:00:00,-0.8522175659158373,SUSPECTED_CORPORATE_ACTION_OR_DATA_BREAK
NIFTYMIDLIQ15,2016-10-03 09:15:00,5.949902522597035,SUSPECTED_CORPORATE_ACTION_OR_DATA_BREAK
NIFTYMIDLIQ15,2016-10-04 00:00:00,-0.8537563434516877,SUSPECTED_CORPORATE_ACTION_OR_DATA_BREAK
NIFTYMIDLIQ15,2016-10-04 09:15:00,5.883255590915036,SUSPECTED_CORPORATE_ACTION_OR_DATA_BREAK
NIFTYMIDLIQ15,2016-10-05 00:00:00,-0.8539915766807056,SUSPECTED_CORPORATE_ACTION_OR_DATA_BREAK
NIFTYMIDLIQ15,2016-10-05 09:15:00,5.85990862034065,SUSPECTED_CORPORATE_ACTION_OR_DATA_BREAK
NIFTYMIDLIQ15,2016-10-06 00:00:00,-0.8551781555290918,SUSPECTED_CORPORATE_ACTION_OR_DATA_BREAK
NIFTYMIDLIQ15,2016-10-06 09:15:00,5.899345073497308,SUSPECTED_CORPORATE_ACTION_OR_DATA_BREAK
NIFTYMIDLIQ15,2016-10-07 00:00:00,-0.8545018078109246,SUSPECTED_CORPORATE_ACTION_OR_DATA_BREAK
NIFTYMIDLIQ15,2016-10-07 09:15:00,5.856163191927393,SUSPECTED_CORPORATE_ACTION_OR_DATA_BREAK
NIFTYMIDLIQ15,2016-10-10 00:00:00,-0.8543826668386562,SUSPECTED_CORPORATE_ACTION_OR_DATA_BREAK
NIFTYMIDLIQ15,2016-10-10 09:15:00,5.853896198193489,SUSPECTED_CORPORATE_ACTION_OR_DATA_BREAK
NIFTYMIDLIQ15,2016-10-13 00:00:00,-0.8562799143171326,SUSPECTED_CORPORATE_ACTION_OR_DATA_BREAK
NIFTYMIDLIQ15,2016-10-13 09:15:00,5.849156740181625,SUSPECTED_CORPORATE_ACTION_OR_DATA_BREAK
NIFTYMIDLIQ15,2016-10-14 00:00:00,-0.8518614181905844,SUSPECTED_CORPORATE_ACTION_OR_DATA_BREAK
NIFTYMIDLIQ15,2016-10-14 09:15:00,5.77958270370801,SUSPECTED_CORPORATE_ACTION_OR_DATA_BREAK
NIFTYMIDLIQ15,2016-10-17 00:00:00,-0.8551558300721391,SUSPECTED_CORPORATE_ACTION_OR_DATA_BREAK
NIFTYMIDLIQ15,2016-10-17 09:15:00,5.862926136363637,SUSPECTED_CORPORATE_ACTION_OR_DATA_BREAK
NIFTYMIDLIQ15,2016-10-18 00:00:00,-0.8517002138742282,SUSPECTED_CORPORATE_ACTION_OR_DATA_BREAK
NIFTYMIDLIQ15,2016-10-18 09:15:00,5.862121101984444,SUSPECTED_CORPORATE_ACTION_OR_DATA_BREAK
NIFTYMIDLIQ15,2016-10-19 00:00:00,-0.8554355724760652,SUSPECTED_CORPORATE_ACTION_OR_DATA_BREAK
NIFTYMIDLIQ15,2016-10-19 09:15:00,5.93781874670262,SUSPECTED_CORPORATE_ACTION_OR_DATA_BREAK
NIFTYMIDLIQ15,2016-10-20 00:00:00,-0.8552097657627971,SUSPECTED_CORPORATE_ACTION_OR_DATA_BREAK
NIFTYMIDLIQ15,2016-10-20 09:15:00,5.9149609745422715,SUSPECTED_CORPORATE_ACTION_OR_DATA_BREAK
NIFTYMIDLIQ15,2016-10-21 00:00:00,-0.8545273489090395,SUSPECTED_CORPORATE_ACTION_OR_DATA_BREAK
NIFTYMIDLIQ15,2016-10-21 09:15:00,5.886355725722242,SUSPECTED_CORPORATE_ACTION_OR_DATA_BREAK
NIFTYMIDLIQ15,2016-10-24 00:00:00,-0.8553707868954653,SUSPECTED_CORPORATE_ACTION_OR_DATA_BREAK
NIFTYMIDLIQ15,2016-10-24 09:15:00,5.8956373591169875,SUSPECTED_CORPORATE_ACTION_OR_DATA_BREAK
NIFTYMIDLIQ15,2016-10-25 00:00:00,-0.8551581561436888,SUSPECTED_CORPORATE_ACTION_OR_DATA_BREAK
NIFTYMIDLIQ15,2016-10-25 09:15:00,5.9109782767167225,SUSPECTED_CORPORATE_ACTION_OR_DATA_BREAK
NIFTYMIDLIQ15,2016-10-26 00:00:00,-0.8572371863028032,SUSPECTED_CORPORATE_ACTION_OR_DATA_BREAK
NIFTYMIDLIQ15,2016-10-26 09:15:00,5.934508592791808,SUSPECTED_CORPORATE_ACTION_OR_DATA_BREAK
NIFTYMIDLIQ15,2016-10-27 00:00:00,-0.8560792193982685,SUSPECTED_CORPORATE_ACTION_OR_DATA_BREAK
NIFTYMIDLIQ15,2016-10-27 09:15:00,5.86948281733517,SUSPECTED_CORPORATE_ACTION_OR_DATA_BREAK
NIFTYMIDLIQ15,2016-10-28 00:00:00,-0.8526633876342256,SUSPECTED_CORPORATE_ACTION_OR_DATA_BREAK
NIFTYMIDLIQ15,2016-10-28 09:15:00,5.880496796278416,SUSPECTED_CORPORATE_ACTION_OR_DATA_BREAK
NIFTYMIDLIQ15,2016-10-30 00:00:00,-0.8546042518449537,SUSPECTED_CORPORATE_ACTION_OR_DATA_BREAK
NIFTYMIDLIQ15,2016-10-30 18:30:00,5.900913943116181,SUSPECTED_CORPORATE_ACTION_OR_DATA_BREAK
NIFTYMIDLIQ15,2016-11-01 00:00:00,-0.8563312771895177,SUSPECTED_CORPORATE_ACTION_OR_DATA_BREAK
NIFTYMIDLIQ15,2016-11-01 09:15:00,5.976091445427729,SUSPECTED_CORPORATE_ACTION_OR_DATA_BREAK
NIFTYMIDLIQ15,2016-11-02 00:00:00,-0.8601016112766107,SUSPECTED_CORPORATE_ACTION_OR_DATA_BREAK
NIFTYMIDLIQ15,2016-11-02 09:15:00,6.020024482763833,SUSPECTED_CORPORATE_ACTION_OR_DATA_BREAK
NIFTYMIDLIQ15,2016-11-03 00:00:00,-0.8590056575990079,SUSPECTED_CORPORATE_ACTION_OR_DATA_BREAK
NIFTYMIDLIQ15,2016-11-03 09:15:00,5.996411830271937,SUSPECTED_CORPORATE_ACTION_OR_DATA_BREAK
NIFTYMIDLIQ15,2016-11-04 00:00:00,-0.8597473680534944,SUSPECTED_CORPORATE_ACTION_OR_DATA_BREAK
NIFTYMIDLIQ15,2016-11-04 09:15:00,6.039974481063081,SUSPECTED_CORPORATE_ACTION_OR_DATA_BREAK
NIFTYMIDLIQ15,2016-11-07 00:00:00,-0.8568400485377881,SUSPECTED_CORPORATE_ACTION_OR_DATA_BREAK
NIFTYMIDLIQ15,2016-11-07 09:15:00,6.033055426895167,SUSPECTED_CORPORATE_ACTION_OR_DATA_BREAK
NIFTYMIDLIQ15,2016-11-08 00:00:00,-0.8578340442253107,SUSPECTED_CORPORATE_ACTION_OR_DATA_BREAK
NIFTYMIDLIQ15,2016-11-08 09:15:00,6.058661848952301,SUSPECTED_CORPORATE_ACTION_OR_DATA_BREAK
NIFTYMIDLIQ15,2016-11-09 00:00:00,-0.8610842524818103,SUSPECTED_CORPORATE_ACTION_OR_DATA_BREAK
NIFTYMIDLIQ15,2016-11-09 09:15:00,6.064596390664861,SUSPECTED_CORPORATE_ACTION_OR_DATA_BREAK
NIFTYMIDLIQ15,2016-11-10 00:00:00,-0.8536276013338802,SUSPECTED_CORPORATE_ACTION_OR_DATA_BREAK
NIFTYMIDLIQ15,2016-11-10 09:15:00,5.94185639229422,SUSPECTED_CORPORATE_ACTION_OR_DATA_BREAK
NIFTYMIDLIQ15,2016-11-11 00:00:00,-0.8628171912328311,SUSPECTED_CORPORATE_ACTION_OR_DATA_BREAK
NIFTYMIDLIQ15,2016-11-11 09:15:00,6.046983192874163,SUSPECTED_CORPORATE_ACTION_OR_DATA_BREAK
NIFTYMIDLIQ15,2016-11-15 00:00:00,-0.8623206987557555,SUSPECTED_CORPORATE_ACTION_OR_DATA_BREAK
NIFTYMIDLIQ15,2016-11-15 09:15:00,5.944553411020092,SUSPECTED_CORPORATE_ACTION_OR_DATA_BREAK
NIFTYMIDLIQ15,2016-11-16 00:00:00,-0.8562467217141786,SUSPECTED_CORPORATE_ACTION_OR_DATA_BREAK
NIFTYMIDLIQ15,2016-11-16 09:15:00,6.0099722625809004,SUSPECTED_CORPORATE_ACTION_OR_DATA_BREAK
NIFTYMIDLIQ15,2016-11-17 00:00:00,-0.8581091902586085,SUSPECTED_CORPORATE_ACTION_OR_DATA_BREAK
NIFTYMIDLIQ15,2016-11-17 09:15:00,6.048519354624527,SUSPECTED_CORPORATE_ACTION_OR_DATA_BREAK
NIFTYMIDLIQ15,2016-11-18 00:00:00,-0.8568380546874816,SUSPECTED_CORPORATE_ACTION_OR_DATA_BREAK
NIFTYMIDLIQ15,2016-11-18 09:15:00,6.018160582981032,SUSPECTED_CORPORATE_ACTION_OR_DATA_BREAK
NIFTYMIDLIQ15,2016-11-21 00:00:00,-0.8618698156060951,SUSPECTED_CORPORATE_ACTION_OR_DATA_BREAK
NIFTYMIDLIQ15,2016-11-21 09:15:00,6.05620036652413,SUSPECTED_CORPORATE_ACTION_OR_DATA_BREAK
NIFTYMIDLIQ15,2016-11-22 00:00:00,-0.8556209659577333,SUSPECTED_CORPORATE_ACTION_OR_DATA_BREAK
NIFTYMIDLIQ15,2016-11-22 09:15:00,6.036060495019821,SUSPECTED_CORPORATE_ACTION_OR_DATA_BREAK
NIFTYMIDLIQ15,2016-11-23 00:00:00,-0.8557515902005298,SUSPECTED_CORPORATE_ACTION_OR_DATA_BREAK
NIFTYMIDLIQ15,2016-11-23 09:15:00,6.029670960859933,SUSPECTED_CORPORATE_ACTION_OR_DATA_BREAK
NIFTYMIDLIQ15,2016-11-24 00:00:00,-0.8585372344771719,SUSPECTED_CORPORATE_ACTION_OR_DATA_BREAK
NIFTYMIDLIQ15,2016-11-24 09:15:00,6.064657733183708,SUSPECTED_CORPORATE_ACTION_OR_DATA_BREAK
NIFTYMIDLIQ15,2016-11-25 00:00:00,-0.8564273867644654,SUSPECTED_CORPORATE_ACTION_OR_DATA_BREAK
NIFTYMIDLIQ15,2016-11-25 09:15:00,6.076827958738733,SUSPECTED_CORPORATE_ACTION_OR_DATA_BREAK
NIFTYMIDLIQ15,2016-11-28 00:00:00,-0.85847763911752,SUSPECTED_CORPORATE_ACTION_OR_DATA_BREAK
NIFTYMIDLIQ15,2016-11-28 09:15:00,6.118022613555136,SUSPECTED_CORPORATE_ACTION_OR_DATA_BREAK
NIFTYMIDLIQ15,2016-11-29 00:00:00,-0.8581444550697581,SUSPECTED_CORPORATE_ACTION_OR_DATA_BREAK
NIFTYMIDLIQ15,2016-11-29 09:15:00,6.056375191054622,SUSPECTED_CORPORATE_ACTION_OR_DATA_BREAK
NIFTYMIDLIQ15,2016-11-30 00:00:00,-0.855529892450563,SUSPECTED_CORPORATE_ACTION_OR_DATA_BREAK
NIFTYMIDLIQ15,2016-11-30 09:15:00,6.002398876315831,SUSPECTED_CORPORATE_ACTION_OR_DATA_BREAK
NIFTYMIDLIQ15,2016-12-01 00:00:00,-0.8598445321427203,SUSPECTED_CORPORATE_ACTION_OR_DATA_BREAK
NIFTYMIDLIQ15,2016-12-01 09:15:00,6.067233782523398,SUSPECTED_CORPORATE_ACTION_OR_DATA_BREAK
NIFTYMIDLIQ15,2016-12-02 00:00:00,-0.86125288122635,SUSPECTED_CORPORATE_ACTION_OR_DATA_BREAK
NIFTYMIDLIQ15,2016-12-02 09:15:00,6.1119274480541845,SUSPECTED_CORPORATE_ACTION_OR_DATA_BREAK
NIFTYMIDLIQ15,2016-12-05 00:00:00,-0.8580813717532467,SUSPECTED_CORPORATE_ACTION_OR_DATA_BREAK
NIFTYMIDLIQ15,2016-12-05 09:15:00,6.110601998537655,SUSPECTED_CORPORATE_ACTION_OR_DATA_BREAK
NIFTYMIDLIQ15,2016-12-06 00:00:00,-0.85904730566562,SUSPECTED_CORPORATE_ACTION_OR_DATA_BREAK
NIFTYMIDLIQ15,2016-12-06 09:15:00,6.112816937941767,SUSPECTED_CORPORATE_ACTION_OR_DATA_BREAK
NIFTYMIDLIQ15,2016-12-07 00:00:00,-0.85956371211655,SUSPECTED_CORPORATE_ACTION_OR_DATA_BREAK
NIFTYMIDLIQ15,2016-12-07 09:15:00,6.11378538042067,SUSPECTED_CORPORATE_ACTION_OR_DATA_BREAK
NIFTYMIDLIQ15,2016-12-08 00:00:00,-0.856813354535354,SUSPECTED_CORPORATE_ACTION_OR_DATA_BREAK
NIFTYMIDLIQ15,2016-12-08 09:15:00,6.108568879258151,SUSPECTED_CORPORATE_ACTION_OR_DATA_BREAK
NIFTYMIDLIQ15,2016-12-09 00:00:00,-0.85791934515004,SUSPECTED_CORPORATE_ACTION_OR_DATA_BREAK
NIFTYMIDLIQ15,2016-12-09 09:15:00,6.0162804272034585,SUSPECTED_CORPORATE_ACTION_OR_DATA_BREAK
NIFTYMIDLIQ15,2016-12-12 00:00:00,-0.8603860552438983,SUSPECTED_CORPORATE_ACTION_OR_DATA_BREAK
NIFTYMIDLIQ15,2016-12-12 09:15:00,6.074902567075725,SUSPECTED_CORPORATE_ACTION_OR_DATA_BREAK
NIFTYMIDLIQ15,2016-12-13 00:00:00,-0.8587827702141317,SUSPECTED_CORPORATE_ACTION_OR_DATA_BREAK
NIFTYMIDLIQ15,2016-12-13 09:15:00,6.048905509526419,SUSPECTED_CORPORATE_ACTION_OR_DATA_BREAK
NIFTYMIDLIQ15,2016-12-14 00:00:00,-0.858618797164418,SUSPECTED_CORPORATE_ACTION_OR_DATA_BREAK
NIFTYMIDLIQ15,2016-12-14 09:15:00,6.008912108174554,SUSPECTED_CORPORATE_ACTION_OR_DATA_BREAK
NIFTYMIDLIQ15,2016-12-15 00:00:00,-0.8568283514064241,SUSPECTED_CORPORATE_ACTION_OR_DATA_BREAK
NIFTYMIDLIQ15,2016-12-15 09:15:00,5.972985606292612,SUSPECTED_CORPORATE_ACTION_OR_DATA_BREAK
NIFTYMIDLIQ15,2016-12-16 00:00:00,-0.8581080924895577,SUSPECTED_CORPORATE_ACTION_OR_DATA_BREAK
NIFTYMIDLIQ15,2016-12-16 09:15:00,6.035514140492637,SUSPECTED_CORPORATE_ACTION_OR_DATA_BREAK
NIFTYMIDLIQ15,2016-12-19 00:00:00,-0.857769040540165,SUSPECTED_CORPORATE_ACTION_OR_DATA_BREAK
NIFTYMIDLIQ15,2016-12-19 09:15:00,5.984257224257225,SUSPECTED_CORPORATE_ACTION_OR_DATA_BREAK
NIFTYMIDLIQ15,2016-12-20 00:00:00,-0.8596739454742103,SUSPECTED_CORPORATE_ACTION_OR_DATA_BREAK
NIFTYMIDLIQ15,2016-12-20 09:15:00,6.0673909071277885,SUSPECTED_CORPORATE_ACTION_OR_DATA_BREAK
NIFTYMIDLIQ15,2016-12-21 00:00:00,-0.8584862644077995,SUSPECTED_CORPORATE_ACTION_OR_DATA_BREAK
NIFTYMIDLIQ15,2016-12-21 09:15:00,6.062382700260759,SUSPECTED_CORPORATE_ACTION_OR_DATA_BREAK
NIFTYMIDLIQ15,2016-12-22 00:00:00,-0.8600133107880881,SUSPECTED_CORPORATE_ACTION_OR_DATA_BREAK
NIFTYMIDLIQ15,2016-12-22 09:15:00,6.019722805543889,SUSPECTED_CORPORATE_ACTION_OR_DATA_BREAK
NIFTYMIDLIQ15,2016-12-23 00:00:00,-0.8578553496598054,SUSPECTED_CORPORATE_ACTION_OR_DATA_BREAK
NIFTYMIDLIQ15,2016-12-23 09:15:00,6.00340095967674,SUSPECTED_CORPORATE_ACTION_OR_DATA_BREAK
NIFTYMIDLIQ15,2016-12-26 00:00:00,-0.8621405063382431,SUSPECTED_CORPORATE_ACTION_OR_DATA_BREAK
NIFTYMIDLIQ15,2016-12-26 09:15:00,6.123968959804691,SUSPECTED_CORPORATE_ACTION_OR_DATA_BREAK
NIFTYMIDLIQ15,2016-12-27 00:00:00,-0.8572274823510981,SUSPECTED_CORPORATE_ACTION_OR_DATA_BREAK
NIFTYMIDLIQ15,2016-12-27 09:15:00,6.136354284538627,SUSPECTED_CORPORATE_ACTION_OR_DATA_BREAK
NIFTYMIDLIQ15,2016-12-28 00:00:00,-0.8594159549293068,SUSPECTED_CORPORATE_ACTION_OR_DATA_BREAK
NIFTYMIDLIQ15,2016-12-28 09:15:00,6.144114430241301,SUSPECTED_CORPORATE_ACTION_OR_DATA_BREAK
NIFTYMIDLIQ15,2016-12-29 00:00:00,-0.8575057709098303,SUSPECTED_CORPORATE_ACTION_OR_DATA_BREAK
NIFTYMIDLIQ15,2016-12-29 09:15:00,6.101596467961524,SUSPECTED_CORPORATE_ACTION_OR_DATA_BREAK
NIFTYMIDLIQ15,2016-12-30 00:00:00,-0.8580117484368905,SUSPECTED_CORPORATE_ACTION_OR_DATA_BREAK
NIFTYMIDLIQ15,2016-12-30 09:15:00,6.12206572769953,SUSPECTED_CORPORATE_ACTION_OR_DATA_BREAK
NIFTYMIDLIQ15,2017-01-02 00:00:00,-0.8582635567586269,SUSPECTED_CORPORATE_ACTION_OR_DATA_BREAK
NIFTYMIDLIQ15,2017-01-02 09:15:00,6.1182010093346975,SUSPECTED_CORPORATE_ACTION_OR_DATA_BREAK
NIFTYMIDLIQ15,2017-01-03 00:00:00,-0.8583705008051343,SUSPECTED_CORPORATE_ACTION_OR_DATA_BREAK
NIFTYMIDLIQ15,2017-01-03 09:15:00,6.117343934040047,SUSPECTED_CORPORATE_ACTION_OR_DATA_BREAK
NIFTYMIDLIQ15,2017-01-04 00:00:00,-0.8592637029988347,SUSPECTED_CORPORATE_ACTION_OR_DATA_BREAK
NIFTYMIDLIQ15,2017-01-04 09:15:00,6.096145680222113,SUSPECTED_CORPORATE_ACTION_OR_DATA_BREAK
NIFTYMIDLIQ15,2017-01-05 00:00:00,-0.8563419310144834,SUSPECTED_CORPORATE_ACTION_OR_DATA_BREAK
NIFTYMIDLIQ15,2017-01-05 09:15:00,6.073038658100899,SUSPECTED_CORPORATE_ACTION_OR_DATA_BREAK
NIFTYMIDLIQ15,2017-01-06 00:00:00,-0.8587245068993322,SUSPECTED_CORPORATE_ACTION_OR_DATA_BREAK
NIFTYMIDLIQ15,2017-01-06 09:15:00,6.0622875649329835,SUSPECTED_CORPORATE_ACTION_OR_DATA_BREAK
NIFTYMIDLIQ15,2017-01-09 00:00:00,-0.8576218702396654,SUSPECTED_CORPORATE_ACTION_OR_DATA_BREAK
NIFTYMIDLIQ15,2017-01-09 09:15:00,6.027074430767268,SUSPECTED_CORPORATE_ACTION_OR_DATA_BREAK
NIFTYMIDLIQ15,2017-01-10 00:00:00,-0.8575843525220667,SUSPECTED_CORPORATE_ACTION_OR_DATA_BREAK
NIFTYMIDLIQ15,2017-01-10 09:15:00,6.0933974890064375,SUSPECTED_CORPORATE_ACTION_OR_DATA_BREAK
NIFTYMIDLIQ15,2017-01-11 00:00:00,-0.8573459715639811,SUSPECTED_CORPORATE_ACTION_OR_DATA_BREAK
NIFTYMIDLIQ15,2017-01-11 09:56:00,6.099006471319928,SUSPECTED_CORPORATE_ACTION_OR_DATA_BREAK
NIFTYMIDLIQ15,2017-01-12 00:00:00,-0.8584520865447529,SUSPECTED_CORPORATE_ACTION_OR_DATA_BREAK
NIFTYMIDLIQ15,2017-01-12 09:15:00,6.089644149861328,SUSPECTED_CORPORATE_ACTION_OR_DATA_BREAK
NIFTYMIDLIQ15,2017-01-13 00:00:00,-0.8585204241757173,SUSPECTED_CORPORATE_ACTION_OR_DATA_BREAK
NIFTYMIDLIQ15,2017-01-13 09:15:00,6.075953321981473,SUSPECTED_CORPORATE_ACTION_OR_DATA_BREAK
NIFTYMIDLIQ15,2017-01-16 00:00:00,-0.8581839616913896,SUSPECTED_CORPORATE_ACTION_OR_DATA_BREAK
NIFTYMIDLIQ15,2017-01-16 09:15:00,6.0956784357681055,SUSPECTED_CORPORATE_ACTION_OR_DATA_BREAK
NIFTYMIDLIQ15,2017-01-17 00:00:00,-0.8591042523223007,SUSPECTED_CORPORATE_ACTION_OR_DATA_BREAK
NIFTYMIDLIQ15,2017-01-17 09:15:00,6.094160697601993,SUSPECTED_CORPORATE_ACTION_OR_DATA_BREAK
NIFTYMIDLIQ15,2017-01-18 00:00:00,-0.8591882560301325,SUSPECTED_CORPORATE_ACTION_OR_DATA_BREAK
NIFTYMIDLIQ15,2017-01-18 09:15:00,6.145248784137673,SUSPECTED_CORPORATE_ACTION_OR_DATA_BREAK
NIFTYMIDLIQ15,2017-01-19 00:00:00,-0.8587422717296926,SUSPECTED_CORPORATE_ACTION_OR_DATA_BREAK
NIFTYMIDLIQ15,2017-01-19 09:15:00,6.099289575289576,SUSPECTED_CORPORATE_ACTION_OR_DATA_BREAK
NIFTYMIDLIQ15,2017-01-20 00:00:00,-0.8618231418011264,SUSPECTED_CORPORATE_ACTION_OR_DATA_BREAK
NIFTYMIDLIQ15,2017-01-20 09:15:00,6.130705165546232,SUSPECTED_CORPORATE_ACTION_OR_DATA_BREAK
NIFTYMIDLIQ15,2017-01-23 00:00:00,-0.8587347462360986,SUSPECTED_CORPORATE_ACTION_OR_DATA_BREAK
NIFTYMIDLIQ15,2017-01-23 09:15:00,6.140539526741896,SUSPECTED_CORPORATE_ACTION_OR_DATA_BREAK
NIFTYMIDLIQ15,2017-01-24 00:00:00,-0.858534012161115,SUSPECTED_CORPORATE_ACTION_OR_DATA_BREAK
NIFTYMIDLIQ15,2017-01-24 09:15:00,6.144357970633287,SUSPECTED_CORPORATE_ACTION_OR_DATA_BREAK
NIFTYMIDLIQ15,2017-01-25 00:00:00,-0.8583964811899156,SUSPECTED_CORPORATE_ACTION_OR_DATA_BREAK
NIFTYMIDLIQ15,2017-01-25 09:15:00,6.156259080828936,SUSPECTED_CORPORATE_ACTION_OR_DATA_BREAK
NIFTYMIDLIQ15,2017-01-27 00:00:00,-0.8586123031681171,SUSPECTED_CORPORATE_ACTION_OR_DATA_BREAK
NIFTYMIDLIQ15,2017-01-27 09:15:00,6.110449385552549,SUSPECTED_CORPORATE_ACTION_OR_DATA_BREAK
NIFTYMIDLIQ15,2017-01-30 00:00:00,-0.8601633482566123,SUSPECTED_CORPORATE_ACTION_OR_DATA_BREAK
NIFTYMIDLIQ15,2017-01-30 09:15:00,6.191045910611128,SUSPECTED_CORPORATE_ACTION_OR_DATA_BREAK
NIFTYMIDLIQ15,2017-01-31 00:00:00,-0.8638069285685595,SUSPECTED_CORPORATE_ACTION_OR_DATA_BREAK
NIFTYMIDLIQ15,2017-01-31 09:15:00,6.227015196436055,SUSPECTED_CORPORATE_ACTION_OR_DATA_BREAK
NIFTYMIDLIQ15,2017-02-01 00:00:00,-0.8578393680222344,SUSPECTED_CORPORATE_ACTION_OR_DATA_BREAK
NIFTYMIDLIQ15,2017-02-01 09:15:00,6.178612437299813,SUSPECTED_CORPORATE_ACTION_OR_DATA_BREAK
NIFTYMIDLIQ15,2017-02-02 00:00:00,-0.8601753595797431,SUSPECTED_CORPORATE_ACTION_OR_DATA_BREAK
NIFTYMIDLIQ15,2017-02-02 09:15:00,6.199891625022577,SUSPECTED_CORPORATE_ACTION_OR_DATA_BREAK
NIFTYMIDLIQ15,2017-02-03 00:00:00,-0.8571556993887091,SUSPECTED_CORPORATE_ACTION_OR_DATA_BREAK
NIFTYMIDLIQ15,2017-02-03 09:15:00,6.00840077860875,SUSPECTED_CORPORATE_ACTION_OR_DATA_BREAK
NIFTYMIDLIQ15,2017-02-06 00:00:00,-0.856048598450914,SUSPECTED_CORPORATE_ACTION_OR_DATA_BREAK
NIFTYMIDLIQ15,2017-02-06 09:15:00,6.022978834520476,SUSPECTED_CORPORATE_ACTION_OR_DATA_BREAK
NIFTYMIDLIQ15,2017-02-07 00:00:00,-0.8589054253638082,SUSPECTED_CORPORATE_ACTION_OR_DATA_BREAK
NIFTYMIDLIQ15,2017-02-07 09:15:00,6.065367610458817,SUSPECTED_CORPORATE_ACTION_OR_DATA_BREAK
NIFTYMIDLIQ15,2017-02-08 00:00:00,-0.8577476083024076,SUSPECTED_CORPORATE_ACTION_OR_DATA_BREAK
NIFTYMIDLIQ15,2017-02-08 09:15:00,6.06438268368001,SUSPECTED_CORPORATE_ACTION_OR_DATA_BREAK
NIFTYMIDLIQ15,2017-02-09 00:00:00,-0.8570901308084391,SUSPECTED_CORPORATE_ACTION_OR_DATA_BREAK
NIFTYMIDLIQ15,2017-02-09 09:15:00,5.999899003015481,SUSPECTED_CORPORATE_ACTION_OR_DATA_BREAK
NIFTYMIDLIQ15,2017-02-10 00:00:00,-0.857633421002729,SUSPECTED_CORPORATE_ACTION_OR_DATA_BREAK
NIFTYMIDLIQ15,2017-02-10 09:15:00,6.007919501954539,SUSPECTED_CORPORATE_ACTION_OR_DATA_BREAK
NIFTYMIDLIQ15,2017-02-13 00:00:00,-0.8588640951001679,SUSPECTED_CORPORATE_ACTION_OR_DATA_BREAK
NIFTYMIDLIQ15,2017-02-13 09:15:00,6.08608651101515,SUSPECTED_CORPORATE_ACTION_OR_DATA_BREAK
NIFTYMIDLIQ15,2017-02-14 00:00:00,-0.8582441962791736,SUSPECTED_CORPORATE_ACTION_OR_DATA_BREAK
NIFTYMIDLIQ15,2017-02-14 09:15:00,5.9875112937541894,SUSPECTED_CORPORATE_ACTION_OR_DATA_BREAK
NIFTYMIDLIQ15,2017-02-15 00:00:00,-0.8595945334381654,SUSPECTED_CORPORATE_ACTION_OR_DATA_BREAK
NIFTYMIDLIQ15,2017-02-15 09:15:00,6.032737211098568,SUSPECTED_CORPORATE_ACTION_OR_DATA_BREAK
NIFTYMIDLIQ15,2017-02-16 00:00:00,-0.8554592457420924,SUSPECTED_CORPORATE_ACTION_OR_DATA_BREAK
NIFTYMIDLIQ15,2017-02-16 09:15:00,6.038430066047109,SUSPECTED_CORPORATE_ACTION_OR_DATA_BREAK
NIFTYMIDLIQ15,2017-02-17 00:00:00,-0.8570633737611121,SUSPECTED_CORPORATE_ACTION_OR_DATA_BREAK
NIFTYMIDLIQ15,2017-02-17 09:15:00,6.044531590413943,SUSPECTED_CORPORATE_ACTION_OR_DATA_BREAK
NIFTYMIDLIQ15,2017-02-20 00:00:00,-0.85759851221403,SUSPECTED_CORPORATE_ACTION_OR_DATA_BREAK
NIFTYMIDLIQ15,2017-02-20 09:15:00,6.06715218555895,SUSPECTED_CORPORATE_ACTION_OR_DATA_BREAK
NIFTYMIDLIQ15,2017-02-21 00:00:00,-0.856777304976163,SUSPECTED_CORPORATE_ACTION_OR_DATA_BREAK
NIFTYMIDLIQ15,2017-02-21 09:15:00,6.041840704926474,SUSPECTED_CORPORATE_ACTION_OR_DATA_BREAK
NIFTYMIDLIQ15,2017-02-22 00:00:00,-0.8589443833907869,SUSPECTED_CORPORATE_ACTION_OR_DATA_BREAK
NIFTYMIDLIQ15,2017-02-22 09:15:00,6.045867596019528,SUSPECTED_CORPORATE_ACTION_OR_DATA_BREAK
NIFTYMIDLIQ15,2017-02-23 00:00:00,-0.8579624656111908,SUSPECTED_CORPORATE_ACTION_OR_DATA_BREAK
NIFTYMIDLIQ15,2017-02-23 09:15:00,6.015627473270689,SUSPECTED_CORPORATE_ACTION_OR_DATA_BREAK
NIFTYMIDLIQ15,2017-02-27 00:00:00,-0.8571698148037995,SUSPECTED_CORPORATE_ACTION_OR_DATA_BREAK
NIFTYMIDLIQ15,2017-02-27 09:15:00,5.993480290084009,SUSPECTED_CORPORATE_ACTION_OR_DATA_BREAK
NIFTYMIDLIQ15,2017-02-28 00:00:00,-0.8565353363819865,SUSPECTED_CORPORATE_ACTION_OR_DATA_BREAK
NIFTYMIDLIQ15,2017-02-28 09:15:00,5.991769959637018,SUSPECTED_CORPORATE_ACTION_OR_DATA_BREAK
NIFTYMIDLIQ15,2017-03-01 00:00:00,-0.8565202349294864,SUSPECTED_CORPORATE_ACTION_OR_DATA_BREAK
NIFTYMIDLIQ15,2017-03-01 09:15:00,5.978840885743637,SUSPECTED_CORPORATE_ACTION_OR_DATA_BREAK
NIFTYMIDLIQ15,2017-03-02 00:00:00,-0.8587746073153928,SUSPECTED_CORPORATE_ACTION_OR_DATA_BREAK
NIFTYMIDLIQ15,2017-03-02 09:15:00,5.9784012275977885,SUSPECTED_CORPORATE_ACTION_OR_DATA_BREAK
NIFTYMIDLIQ15,2017-03-03 00:00:00,-0.8553647516668257,SUSPECTED_CORPORATE_ACTION_OR_DATA_BREAK
NIFTYMIDLIQ15,2017-03-03 09:15:00,5.9106451335303065,SUSPECTED_CORPORATE_ACTION_OR_DATA_BREAK
NIFTYMIDLIQ15,2017-03-06 00:00:00,-0.8533925250713954,SUSPECTED_CORPORATE_ACTION_OR_DATA_BREAK
NIFTYMIDLIQ15,2017-03-06 09:15:00,5.859765851724967,SUSPECTED_CORPORATE_ACTION_OR_DATA_BREAK
NIFTYMIDLIQ15,2017-03-07 00:00:00,-0.8549075772803348,SUSPECTED_CORPORATE_ACTION_OR_DATA_BREAK
NIFTYMIDLIQ15,2017-03-07 09:15:00,5.885175018134752,SUSPECTED_CORPORATE_ACTION_OR_DATA_BREAK
NIFTYMIDLIQ15,2017-03-08 00:00:00,-0.8564109767887687,SUSPECTED_CORPORATE_ACTION_OR_DATA_BREAK
NIFTYMIDLIQ15,2017-03-08 09:15:00,5.941388041664268,SUSPECTED_CORPORATE_ACTION_OR_DATA_BREAK
NIFTYMIDLIQ15,2017-03-09 00:00:00,-0.8558080923226151,SUSPECTED_CORPORATE_ACTION_OR_DATA_BREAK
NIFTYMIDLIQ15,2017-03-09 09:15:00,5.9253557567917206,SUSPECTED_CORPORATE_ACTION_OR_DATA_BREAK
NIFTYMIDLIQ15,2017-03-10 00:00:00,-0.8564125554953642,SUSPECTED_CORPORATE_ACTION_OR_DATA_BREAK
NIFTYMIDLIQ15,2017-03-10 09:15:00,5.950664932061289,SUSPECTED_CORPORATE_ACTION_OR_DATA_BREAK
NIFTYMIDLIQ15,2017-03-14 00:00:00,-0.8539888987557372,SUSPECTED_CORPORATE_ACTION_OR_DATA_BREAK
NIFTYMIDLIQ15,2017-03-14 09:15:00,5.958053810765002,SUSPECTED_CORPORATE_ACTION_OR_DATA_BREAK
NIFTYMIDLIQ15,2017-03-15 00:00:00,-0.8547586782882105,SUSPECTED_CORPORATE_ACTION_OR_DATA_BREAK
NIFTYMIDLIQ15,2017-03-15 09:15:00,5.9290798133976015,SUSPECTED_CORPORATE_ACTION_OR_DATA_BREAK
NIFTYMIDLIQ15,2017-03-16 00:00:00,-0.8537036321365881,SUSPECTED_CORPORATE_ACTION_OR_DATA_BREAK
NIFTYMIDLIQ15,2017-03-16 09:15:00,5.93080291970803,SUSPECTED_CORPORATE_ACTION_OR_DATA_BREAK
NIFTYMIDLIQ15,2017-03-17 00:00:00,-0.8548780536732344,SUSPECTED_CORPORATE_ACTION_OR_DATA_BREAK
NIFTYMIDLIQ15,2017-03-17 09:15:00,5.8879642812711666,SUSPECTED_CORPORATE_ACTION_OR_DATA_BREAK
NIFTYMIDLIQ15,2017-03-20 00:00:00,-0.8538840367974055,SUSPECTED_CORPORATE_ACTION_OR_DATA_BREAK
NIFTYMIDLIQ15,2017-03-20 09:15:00,5.844936752324576,SUSPECTED_CORPORATE_ACTION_OR_DATA_BREAK
NIFTYMIDLIQ15,2017-03-21 00:00:00,-0.8545246231236443,SUSPECTED_CORPORATE_ACTION_OR_DATA_BREAK
NIFTYMIDLIQ15,2017-03-21 09:15:00,5.836043640777368,SUSPECTED_CORPORATE_ACTION_OR_DATA_BREAK
NIFTYMIDLIQ15,2017-03-22 00:00:00,-0.8560409184455833,SUSPECTED_CORPORATE_ACTION_OR_DATA_BREAK
NIFTYMIDLIQ15,2017-03-22 09:15:00,5.881708222960379,SUSPECTED_CORPORATE_ACTION_OR_DATA_BREAK
NIFTYMIDLIQ15,2017-03-23 00:00:00,-0.8534896935456606,SUSPECTED_CORPORATE_ACTION_OR_DATA_BREAK
NIFTYMIDLIQ15,2017-03-23 09:15:00,5.893768158249579,SUSPECTED_CORPORATE_ACTION_OR_DATA_BREAK
NIFTYMIDLIQ15,2017-03-24 00:00:00,-0.8536609956908112,SUSPECTED_CORPORATE_ACTION_OR_DATA_BREAK
NIFTYMIDLIQ15,2017-03-24 09:15:00,5.836107589704018,SUSPECTED_CORPORATE_ACTION_OR_DATA_BREAK
NIFTYMIDLIQ15,2017-03-27 00:00:00,-0.8534256515692085,SUSPECTED_CORPORATE_ACTION_OR_DATA_BREAK
NIFTYMIDLIQ15,2017-03-27 09:15:00,5.793982149978685,SUSPECTED_CORPORATE_ACTION_OR_DATA_BREAK
NIFTYMIDLIQ15,2017-03-28 00:00:00,-0.8521348560232209,SUSPECTED_CORPORATE_ACTION_OR_DATA_BREAK
NIFTYMIDLIQ15,2017-03-28 09:15:00,5.815047021943573,SUSPECTED_CORPORATE_ACTION_OR_DATA_BREAK
NIFTYMIDLIQ15,2017-03-29 00:00:00,-0.8516991198081334,SUSPECTED_CORPORATE_ACTION_OR_DATA_BREAK
NIFTYMIDLIQ15,2017-03-29 09:15:00,5.748168113664992,SUSPECTED_CORPORATE_ACTION_OR_DATA_BREAK
NIFTYMIDLIQ15,2017-03-30 00:00:00,-0.8518256848325252,SUSPECTED_CORPORATE_ACTION_OR_DATA_BREAK
NIFTYMIDLIQ15,2017-03-30 09:15:00,5.776387082791504,SUSPECTED_CORPORATE_ACTION_OR_DATA_BREAK
NIFTYMIDLIQ15,2017-03-31 00:00:00,-0.8516711310118739,SUSPECTED_CORPORATE_ACTION_OR_DATA_BREAK
NIFTYMIDLIQ15,2017-03-31 09:15:00,5.770467501313963,SUSPECTED_CORPORATE_ACTION_OR_DATA_BREAK
NIFTYMIDLIQ15,2017-04-03 00:00:00,-0.8507849495112353,SUSPECTED_CORPORATE_ACTION_OR_DATA_BREAK
NIFTYMIDLIQ15,2017-04-03 09:15:00,5.727802678619071,SUSPECTED_CORPORATE_ACTION_OR_DATA_BREAK
NIFTYMIDLIQ15,2017-04-05 00:00:00,-0.8507107266285048,SUSPECTED_CORPORATE_ACTION_OR_DATA_BREAK
NIFTYMIDLIQ15,2017-04-05 09:15:00,5.767720770855192,SUSPECTED_CORPORATE_ACTION_OR_DATA_BREAK
NIFTYMIDLIQ15,2017-04-06 00:00:00,-0.8517687739666615,SUSPECTED_CORPORATE_ACTION_OR_DATA_BREAK
NIFTYMIDLIQ15,2017-04-06 09:15:00,5.768273469874095,SUSPECTED_CORPORATE_ACTION_OR_DATA_BREAK
NIFTYMIDLIQ15,2017-04-07 00:00:00,-0.8533609270227765,SUSPECTED_CORPORATE_ACTION_OR_DATA_BREAK
NIFTYMIDLIQ15,2017-04-07 09:15:00,5.817210468745832,SUSPECTED_CORPORATE_ACTION_OR_DATA_BREAK
NIFTYMIDLIQ15,2017-04-10 00:00:00,-0.8520933982182096,SUSPECTED_CORPORATE_ACTION_OR_DATA_BREAK
NIFTYMIDLIQ15,2017-04-10 09:15:00,5.808636177221554,SUSPECTED_CORPORATE_ACTION_OR_DATA_BREAK
NIFTYMIDLIQ15,2017-04-11 00:00:00,-0.8518783347387975,SUSPECTED_CORPORATE_ACTION_OR_DATA_BREAK
NIFTYMIDLIQ15,2017-04-11 09:15:00,5.787910588729143,SUSPECTED_CORPORATE_ACTION_OR_DATA_BREAK
NIFTYMIDLIQ15,2017-04-12 00:00:00,-0.8540532914875854,SUSPECTED_CORPORATE_ACTION_OR_DATA_BREAK
NIFTYMIDLIQ15,2017-04-12 09:15:00,5.86316388819004,SUSPECTED_CORPORATE_ACTION_OR_DATA_BREAK
NIFTYMIDLIQ15,2017-04-13 00:00:00,-0.8544778927019002,SUSPECTED_CORPORATE_ACTION_OR_DATA_BREAK
NIFTYMIDLIQ15,2017-04-13 09:15:00,5.860353193858882,SUSPECTED_CORPORATE_ACTION_OR_DATA_BREAK
NIFTYMIDLIQ15,2017-04-17 00:00:00,-0.8537556358211147,SUSPECTED_CORPORATE_ACTION_OR_DATA_BREAK
NIFTYMIDLIQ15,2017-04-17 09:15:00,5.822224277823295,SUSPECTED_CORPORATE_ACTION_OR_DATA_BREAK
NIFTYMIDLIQ15,2017-04-18 00:00:00,-0.8539277309133875,SUSPECTED_CORPORATE_ACTION_OR_DATA_BREAK
NIFTYMIDLIQ15,2017-04-18 09:15:00,5.773205855831963,SUSPECTED_CORPORATE_ACTION_OR_DATA_BREAK
NIFTYMIDLIQ15,2017-04-19 00:00:00,-0.8506972655599954,SUSPECTED_CORPORATE_ACTION_OR_DATA_BREAK
NIFTYMIDLIQ15,2017-04-19 09:15:00,5.738529523609708,SUSPECTED_CORPORATE_ACTION_OR_DATA_BREAK
NIFTYMIDLIQ15,2017-04-20 00:00:00,-0.8492470134484819,SUSPECTED_CORPORATE_ACTION_OR_DATA_BREAK
NIFTYMIDLIQ15,2017-04-20 09:15:00,5.657222150509875,SUSPECTED_CORPORATE_ACTION_OR_DATA_BREAK
NIFTYMIDLIQ15,2017-04-21 00:00:00,-0.8498511832627221,SUSPECTED_CORPORATE_ACTION_OR_DATA_BREAK
NIFTYMIDLIQ15,2017-04-21 09:15:00,5.675271511034778,SUSPECTED_CORPORATE_ACTION_OR_DATA_BREAK
NIFTYMIDLIQ15,2017-04-24 00:00:00,-0.8483187693093421,SUSPECTED_CORPORATE_ACTION_OR_DATA_BREAK
NIFTYMIDLIQ15,2017-04-24 09:15:00,5.648049894140754,SUSPECTED_CORPORATE_ACTION_OR_DATA_BREAK
NIFTYMIDLIQ15,2017-04-25 00:00:00,-0.8486475701538809,SUSPECTED_CORPORATE_ACTION_OR_DATA_BREAK
NIFTYMIDLIQ15,2017-04-25 09:15:00,5.708259392587335,SUSPECTED_CORPORATE_ACTION_OR_DATA_BREAK
NIFTYMIDLIQ15,2017-04-26 00:00:00,-0.850782649444096,SUSPECTED_CORPORATE_ACTION_OR_DATA_BREAK
NIFTYMIDLIQ15,2017-04-26 09:15:00,5.687970115233633,SUSPECTED_CORPORATE_ACTION_OR_DATA_BREAK
NIFTYMIDLIQ15,2017-04-27 00:00:00,-0.8504550799111614,SUSPECTED_CORPORATE_ACTION_OR_DATA_BREAK
NIFTYMIDLIQ15,2017-04-27 09:15:00,5.654959357828366,SUSPECTED_CORPORATE_ACTION_OR_DATA_BREAK
NIFTYMIDLIQ15,2017-04-28 00:00:00,-0.8484100741597573,SUSPECTED_CORPORATE_ACTION_OR_DATA_BREAK
NIFTYMIDLIQ15,2017-04-28 09:15:00,5.607412241619498,SUSPECTED_CORPORATE_ACTION_OR_DATA_BREAK
NIFTYMIDLIQ15,2017-05-02 00:00:00,-0.8481343737178806,SUSPECTED_CORPORATE_ACTION_OR_DATA_BREAK
NIFTYMIDLIQ15,2017-05-02 09:15:00,5.618275736995485,SUSPECTED_CORPORATE_ACTION_OR_DATA_BREAK
NIFTYMIDLIQ15,2017-05-03 00:00:00,-0.8498160260492751,SUSPECTED_CORPORATE_ACTION_OR_DATA_BREAK
NIFTYMIDLIQ15,2017-05-03 09:15:00,5.654448219453882,SUSPECTED_CORPORATE_ACTION_OR_DATA_BREAK
NIFTYMIDLIQ15,2017-05-04 00:00:00,-0.8492972208407632,SUSPECTED_CORPORATE_ACTION_OR_DATA_BREAK
NIFTYMIDLIQ15,2017-05-04 09:15:00,5.653897309777153,SUSPECTED_CORPORATE_ACTION_OR_DATA_BREAK
NIFTYMIDLIQ15,2017-05-05 00:00:00,-0.8516827616639229,SUSPECTED_CORPORATE_ACTION_OR_DATA_BREAK
NIFTYMIDLIQ15,2017-05-05 09:15:00,5.647658643882468,SUSPECTED_CORPORATE_ACTION_OR_DATA_BREAK
NIFTYMIDLIQ15,2017-05-08 00:00:00,-0.8491675353116124,SUSPECTED_CORPORATE_ACTION_OR_DATA_BREAK
NIFTYMIDLIQ15,2017-05-08 09:15:00,5.658542770916284,SUSPECTED_CORPORATE_ACTION_OR_DATA_BREAK
NIFTYMIDLIQ15,2017-05-09 00:00:00,-0.850544461499202,SUSPECTED_CORPORATE_ACTION_OR_DATA_BREAK
NIFTYMIDLIQ15,2017-05-09 09:15:00,5.744418960244648,SUSPECTED_CORPORATE_ACTION_OR_DATA_BREAK
NIFTYMIDLIQ15,2017-05-10 00:00:00,-0.8509527642064454,SUSPECTED_CORPORATE_ACTION_OR_DATA_BREAK
NIFTYMIDLIQ15,2017-05-10 09:15:00,5.795882927076599,SUSPECTED_CORPORATE_ACTION_OR_DATA_BREAK
NIFTYMIDLIQ15,2017-05-11 00:00:00,-0.8520015518508433,SUSPECTED_CORPORATE_ACTION_OR_DATA_BREAK
NIFTYMIDLIQ15,2017-05-11 09:15:00,5.767653471460799,SUSPECTED_CORPORATE_ACTION_OR_DATA_BREAK
NIFTYMIDLIQ15,2017-05-12 00:00:00,-0.8532289992606981,SUSPECTED_CORPORATE_ACTION_OR_DATA_BREAK
NIFTYMIDLIQ15,2017-05-12 09:15:00,5.781754742117617,SUSPECTED_CORPORATE_ACTION_OR_DATA_BREAK
NIFTYMIDLIQ15,2017-05-15 00:00:00,-0.8514697738464072,SUSPECTED_CORPORATE_ACTION_OR_DATA_BREAK
NIFTYMIDLIQ15,2017-05-15 09:15:00,5.789041440987529,SUSPECTED_CORPORATE_ACTION_OR_DATA_BREAK
NIFTYMIDLIQ15,2017-05-16 00:00:00,-0.8517130442204006,SUSPECTED_CORPORATE_ACTION_OR_DATA_BREAK
NIFTYMIDLIQ15,2017-05-16 09:15:00,5.74164205995696,SUSPECTED_CORPORATE_ACTION_OR_DATA_BREAK
NIFTYMIDLIQ15,2017-05-17 00:00:00,-0.8517294304766536,SUSPECTED_CORPORATE_ACTION_OR_DATA_BREAK
NIFTYMIDLIQ15,2017-05-17 09:15:00,5.709028551401284,SUSPECTED_CORPORATE_ACTION_OR_DATA_BREAK
NIFTYMIDLIQ15,2017-05-18 00:00:00,-0.8547960693369852,SUSPECTED_CORPORATE_ACTION_OR_DATA_BREAK
NIFTYMIDLIQ15,2017-05-18 09:15:00,5.74591406691679,SUSPECTED_CORPORATE_ACTION_OR_DATA_BREAK
NIFTYMIDLIQ15,2017-05-19 00:00:00,-0.85291255016466,SUSPECTED_CORPORATE_ACTION_OR_DATA_BREAK
NIFTYMIDLIQ15,2017-05-19 09:15:00,5.759375323733554,SUSPECTED_CORPORATE_ACTION_OR_DATA_BREAK
NIFTYMIDLIQ15,2017-05-22 00:00:00,-0.8543026058170142,SUSPECTED_CORPORATE_ACTION_OR_DATA_BREAK
NIFTYMIDLIQ15,2017-05-22 09:15:00,5.806001157103035,SUSPECTED_CORPORATE_ACTION_OR_DATA_BREAK
NIFTYMIDLIQ15,2017-05-23 00:00:00,-0.8555920480670776,SUSPECTED_CORPORATE_ACTION_OR_DATA_BREAK
NIFTYMIDLIQ15,2017-05-23 09:15:00,5.832341097301564,SUSPECTED_CORPORATE_ACTION_OR_DATA_BREAK
NIFTYMIDLIQ15,2017-05-24 00:00:00,-0.8542932502051118,SUSPECTED_CORPORATE_ACTION_OR_DATA_BREAK
NIFTYMIDLIQ15,2017-05-24 09:15:00,5.7595145944202555,SUSPECTED_CORPORATE_ACTION_OR_DATA_BREAK
NIFTYMIDLIQ15,2017-05-25 00:00:00,-0.8490424243870145,SUSPECTED_CORPORATE_ACTION_OR_DATA_BREAK
NIFTYMIDLIQ15,2017-05-25 09:15:00,5.692400895561701,SUSPECTED_CORPORATE_ACTION_OR_DATA_BREAK
NIFTYMIDLIQ15,2017-05-26 00:00:00,-0.8483786411206051,SUSPECTED_CORPORATE_ACTION_OR_DATA_BREAK
NIFTYMIDLIQ15,2017-05-26 09:15:00,5.744792139862681,SUSPECTED_CORPORATE_ACTION_OR_DATA_BREAK
NIFTYMIDLIQ15,2017-05-29 00:00:00,-0.8535674837299342,SUSPECTED_CORPORATE_ACTION_OR_DATA_BREAK
NIFTYMIDLIQ15,2017-05-29 09:15:00,5.761932296047098,SUSPECTED_CORPORATE_ACTION_OR_DATA_BREAK
NIFTYMIDLIQ15,2017-05-30 00:00:00,-0.8503408764060666,SUSPECTED_CORPORATE_ACTION_OR_DATA_BREAK
NIFTYMIDLIQ15,2017-05-30 09:15:00,5.731365572408062,SUSPECTED_CORPORATE_ACTION_OR_DATA_BREAK
NIFTYMIDLIQ15,2017-05-31 00:00:00,-0.8495376845451792,SUSPECTED_CORPORATE_ACTION_OR_DATA_BREAK
NIFTYMIDLIQ15,2017-05-31 09:15:00,5.674209885249055,SUSPECTED_CORPORATE_ACTION_OR_DATA_BREAK
NIFTYMIDLIQ15,2017-06-01 00:00:00,-0.8477394319524354,SUSPECTED_CORPORATE_ACTION_OR_DATA_BREAK
NIFTYMIDLIQ15,2017-06-01 09:15:00,5.584847337875347,SUSPECTED_CORPORATE_ACTION_OR_DATA_BREAK
NIFTYMIDLIQ15,2017-06-02 00:00:00,-0.8473659503942212,SUSPECTED_CORPORATE_ACTION_OR_DATA_BREAK
NIFTYMIDLIQ15,2017-06-02 09:15:00,5.591574401847807,SUSPECTED_CORPORATE_ACTION_OR_DATA_BREAK
NIFTYMIDLIQ15,2017-06-05 00:00:00,-0.8487120499411538,SUSPECTED_CORPORATE_ACTION_OR_DATA_BREAK
NIFTYMIDLIQ15,2017-06-05 09:15:00,5.660842637932554,SUSPECTED_CORPORATE_ACTION_OR_DATA_BREAK
NIFTYMIDLIQ15,2017-06-06 00:00:00,-0.8519287755318024,SUSPECTED_CORPORATE_ACTION_OR_DATA_BREAK
NIFTYMIDLIQ15,2017-06-06 09:15:00,5.704304986534952,SUSPECTED_CORPORATE_ACTION_OR_DATA_BREAK
NIFTYMIDLIQ15,2017-06-07 00:00:00,-0.8498635988950844,SUSPECTED_CORPORATE_ACTION_OR_DATA_BREAK
NIFTYMIDLIQ15,2017-06-07 09:15:00,5.700716414125404,SUSPECTED_CORPORATE_ACTION_OR_DATA_BREAK
NIFTYMIDLIQ15,2017-06-08 00:00:00,-0.8505975944835104,SUSPECTED_CORPORATE_ACTION_OR_DATA_BREAK
NIFTYMIDLIQ15,2017-06-08 09:15:00,5.714776066470767,SUSPECTED_CORPORATE_ACTION_OR_DATA_BREAK
NIFTYMIDLIQ15,2017-06-09 00:00:00,-0.850469211253525,SUSPECTED_CORPORATE_ACTION_OR_DATA_BREAK
NIFTYMIDLIQ15,2017-06-09 09:15:00,5.712600759401058,SUSPECTED_CORPORATE_ACTION_OR_DATA_BREAK
NIFTYMIDLIQ15,2017-06-12 00:00:00,-0.852490378254856,SUSPECTED_CORPORATE_ACTION_OR_DATA_BREAK
NIFTYMIDLIQ15,2017-06-12 09:15:00,5.766784722399164,SUSPECTED_CORPORATE_ACTION_OR_DATA_BREAK
NIFTYMIDLIQ15,2017-06-13 00:00:00,-0.8521910865439648,SUSPECTED_CORPORATE_ACTION_OR_DATA_BREAK
NIFTYMIDLIQ15,2017-06-13 09:15:00,5.772395521532563,SUSPECTED_CORPORATE_ACTION_OR_DATA_BREAK
NIFTYMIDLIQ15,2017-06-14 00:00:00,-0.8524715343787969,SUSPECTED_CORPORATE_ACTION_OR_DATA_BREAK
NIFTYMIDLIQ15,2017-06-14 09:15:00,5.758643549209587,SUSPECTED_CORPORATE_ACTION_OR_DATA_BREAK
NIFTYMIDLIQ15,2017-06-15 00:00:00,-0.8517149927944649,SUSPECTED_CORPORATE_ACTION_OR_DATA_BREAK
NIFTYMIDLIQ15,2017-06-15 09:15:00,5.735514482337527,SUSPECTED_CORPORATE_ACTION_OR_DATA_BREAK
NIFTYMIDLIQ15,2017-06-16 00:00:00,-0.8515237989118015,SUSPECTED_CORPORATE_ACTION_OR_DATA_BREAK
NIFTYMIDLIQ15,2017-06-16 09:15:00,5.754178432420057,SUSPECTED_CORPORATE_ACTION_OR_DATA_BREAK
NIFTYMIDLIQ15,2017-06-19 00:00:00,-0.8520960451977402,SUSPECTED_CORPORATE_ACTION_OR_DATA_BREAK
NIFTYMIDLIQ15,2017-06-19 09:15:00,5.786164482982543,SUSPECTED_CORPORATE_ACTION_OR_DATA_BREAK
NIFTYMIDLIQ15,2017-06-20 00:00:00,-0.8526807576482508,SUSPECTED_CORPORATE_ACTION_OR_DATA_BREAK
NIFTYMIDLIQ15,2017-06-20 09:15:00,5.797085944266136,SUSPECTED_CORPORATE_ACTION_OR_DATA_BREAK
NIFTYMIDLIQ15,2017-06-21 00:00:00,-0.8532060410733023,SUSPECTED_CORPORATE_ACTION_OR_DATA_BREAK
NIFTYMIDLIQ15,2017-06-21 09:15:00,5.813060849363678,SUSPECTED_CORPORATE_ACTION_OR_DATA_BREAK
NIFTYMIDLIQ15,2017-06-22 00:00:00,-0.854579553417194,SUSPECTED_CORPORATE_ACTION_OR_DATA_BREAK
NIFTYMIDLIQ15,2017-06-22 09:15:00,5.827653735650695,SUSPECTED_CORPORATE_ACTION_OR_DATA_BREAK
NIFTYMIDLIQ15,2017-06-23 00:00:00,-0.8560785897324613,SUSPECTED_CORPORATE_ACTION_OR_DATA_BREAK
NIFTYMIDLIQ15,2017-06-23 09:15:00,5.859289366723483,SUSPECTED_CORPORATE_ACTION_OR_DATA_BREAK
NIFTYMIDLIQ15,2017-06-27 00:00:00,-0.8561677351775181,SUSPECTED_CORPORATE_ACTION_OR_DATA_BREAK
NIFTYMIDLIQ15,2017-06-27 09:15:00,5.902122343747924,SUSPECTED_CORPORATE_ACTION_OR_DATA_BREAK
NIFTYMIDLIQ15,2017-06-28 00:00:00,-0.8546972836007116,SUSPECTED_CORPORATE_ACTION_OR_DATA_BREAK
NIFTYMIDLIQ15,2017-06-28 09:15:00,5.901252236135957,SUSPECTED_CORPORATE_ACTION_OR_DATA_BREAK
NIFTYMIDLIQ15,2017-06-29 00:00:00,-0.8539562944145866,SUSPECTED_CORPORATE_ACTION_OR_DATA_BREAK
NIFTYMIDLIQ15,2017-06-29 09:15:00,5.850959768603734,SUSPECTED_CORPORATE_ACTION_OR_DATA_BREAK
NIFTYMIDLIQ15,2017-06-30 00:00:00,-0.8530985407343155,SUSPECTED_CORPORATE_ACTION_OR_DATA_BREAK
NIFTYMIDLIQ15,2017-06-30 09:15:00,5.859617494905158,SUSPECTED_CORPORATE_ACTION_OR_DATA_BREAK
NIFTYMIDLIQ15,2017-07-03 00:00:00,-0.8521282065931555,SUSPECTED_CORPORATE_ACTION_OR_DATA_BREAK
NIFTYMIDLIQ15,2017-07-03 09:15:00,5.848517631301033,SUSPECTED_CORPORATE_ACTION_OR_DATA_BREAK
NIFTYMIDLIQ15,2017-07-04 00:00:00,-0.8547709493004363,SUSPECTED_CORPORATE_ACTION_OR_DATA_BREAK
NIFTYMIDLIQ15,2017-07-04 09:15:00,5.875289730275681,SUSPECTED_CORPORATE_ACTION_OR_DATA_BREAK
NIFTYMIDLIQ15,2017-07-05 00:00:00,-0.8532897140640125,SUSPECTED_CORPORATE_ACTION_OR_DATA_BREAK
NIFTYMIDLIQ15,2017-07-05 09:15:00,5.869597031978125,SUSPECTED_CORPORATE_ACTION_OR_DATA_BREAK
NIFTYMIDLIQ15,2017-07-06 00:00:00,-0.8541918556737635,SUSPECTED_CORPORATE_ACTION_OR_DATA_BREAK
NIFTYMIDLIQ15,2017-07-06 09:15:00,5.887446331304069,SUSPECTED_CORPORATE_ACTION_OR_DATA_BREAK
NIFTYMIDLIQ15,2017-07-07 00:00:00,-0.8541235185422958,SUSPECTED_CORPORATE_ACTION_OR_DATA_BREAK
NIFTYMIDLIQ15,2017-07-07 09:15:00,5.855816208079803,SUSPECTED_CORPORATE_ACTION_OR_DATA_BREAK
NIFTYMIDLIQ15,2017-07-10 00:00:00,-0.8533923281880293,SUSPECTED_CORPORATE_ACTION_OR_DATA_BREAK
NIFTYMIDLIQ15,2017-07-10 09:15:00,5.880765032870523,SUSPECTED_CORPORATE_ACTION_OR_DATA_BREAK
NIFTYMIDLIQ15,2017-07-11 00:00:00,-0.8566648775368293,SUSPECTED_CORPORATE_ACTION_OR_DATA_BREAK
NIFTYMIDLIQ15,2017-07-11 09:15:00,5.930666186254198,SUSPECTED_CORPORATE_ACTION_OR_DATA_BREAK
NIFTYMIDLIQ15,2017-07-12 00:00:00,-0.854141098314299,SUSPECTED_CORPORATE_ACTION_OR_DATA_BREAK
NIFTYMIDLIQ15,2017-07-12 09:15:00,5.9187861198095675,SUSPECTED_CORPORATE_ACTION_OR_DATA_BREAK
NIFTYMIDLIQ15,2017-07-13 00:00:00,-0.8548385909781685,SUSPECTED_CORPORATE_ACTION_OR_DATA_BREAK
NIFTYMIDLIQ15,2017-07-13 09:15:00,5.946906804902471,SUSPECTED_CORPORATE_ACTION_OR_DATA_BREAK
NIFTYMIDLIQ15,2017-07-14 00:00:00,-0.8556861471545546,SUSPECTED_CORPORATE_ACTION_OR_DATA_BREAK
NIFTYMIDLIQ15,2017-07-14 09:15:00,5.9315414859859175,SUSPECTED_CORPORATE_ACTION_OR_DATA_BREAK
NIFTYMIDLIQ15,2017-07-17 00:00:00,-0.8555459091920522,SUSPECTED_CORPORATE_ACTION_OR_DATA_BREAK
NIFTYMIDLIQ15,2017-07-17 09:15:00,5.932273582404263,SUSPECTED_CORPORATE_ACTION_OR_DATA_BREAK
NIFTYMIDLIQ15,2017-07-18 00:00:00,-0.8566487506443029,SUSPECTED_CORPORATE_ACTION_OR_DATA_BREAK
NIFTYMIDLIQ15,2017-07-18 09:15:00,5.9314283536198,SUSPECTED_CORPORATE_ACTION_OR_DATA_BREAK
NIFTYMIDLIQ15,2017-07-19 00:00:00,-0.8547159262755593,SUSPECTED_CORPORATE_ACTION_OR_DATA_BREAK
NIFTYMIDLIQ15,2017-07-19 09:15:00,5.975674686786359,SUSPECTED_CORPORATE_ACTION_OR_DATA_BREAK
NIFTYMIDLIQ15,2017-07-20 00:00:00,-0.8579668466317589,SUSPECTED_CORPORATE_ACTION_OR_DATA_BREAK
NIFTYMIDLIQ15,2017-07-20 09:15:00,6.01292532599837,SUSPECTED_CORPORATE_ACTION_OR_DATA_BREAK
NIFTYMIDLIQ15,2017-07-21 00:00:00,-0.8572972030702128,SUSPECTED_CORPORATE_ACTION_OR_DATA_BREAK
NIFTYMIDLIQ15,2017-07-21 09:15:00,6.025347381279585,SUSPECTED_CORPORATE_ACTION_OR_DATA_BREAK
NIFTYMIDLIQ15,2017-07-24 00:00:00,-0.8575007063835336,SUSPECTED_CORPORATE_ACTION_OR_DATA_BREAK
NIFTYMIDLIQ15,2017-07-24 09:15:00,6.025052430886558,SUSPECTED_CORPORATE_ACTION_OR_DATA_BREAK
NIFTYMIDLIQ15,2017-07-25 00:00:00,-0.8558411857512991,SUSPECTED_CORPORATE_ACTION_OR_DATA_BREAK
NIFTYMIDLIQ15,2017-07-25 09:15:00,5.956084642803353,SUSPECTED_CORPORATE_ACTION_OR_DATA_BREAK
NIFTYMIDLIQ15,2017-07-26 00:00:00,-0.856239162951322,SUSPECTED_CORPORATE_ACTION_OR_DATA_BREAK
NIFTYMIDLIQ15,2017-07-26 09:15:00,5.962009111788848,SUSPECTED_CORPORATE_ACTION_OR_DATA_BREAK
NIFTYMIDLIQ15,2017-07-27 00:00:00,-0.8567653124504248,SUSPECTED_CORPORATE_ACTION_OR_DATA_BREAK
NIFTYMIDLIQ15,2017-07-27 09:15:00,5.9431998389004965,SUSPECTED_CORPORATE_ACTION_OR_DATA_BREAK
NIFTYMIDLIQ15,2017-07-28 00:00:00,-0.8549264499288518,SUSPECTED_CORPORATE_ACTION_OR_DATA_BREAK
NIFTYMIDLIQ15,2017-07-28 09:15:00,5.937112654938025,SUSPECTED_CORPORATE_ACTION_OR_DATA_BREAK
NIFTYMIDLIQ15,2017-07-31 00:00:00,-0.8562656815402268,SUSPECTED_CORPORATE_ACTION_OR_DATA_BREAK
NIFTYMIDLIQ15,2017-07-31 09:15:00,5.998195488721804,SUSPECTED_CORPORATE_ACTION_OR_DATA_BREAK
NIFTYMIDLIQ15,2017-08-01 00:00:00,-0.856237554972997,SUSPECTED_CORPORATE_ACTION_OR_DATA_BREAK
NIFTYMIDLIQ15,2017-08-01 09:15:00,5.94350127670175,SUSPECTED_CORPORATE_ACTION_OR_DATA_BREAK
NIFTYMIDLIQ15,2017-08-02 00:00:00,-0.8558566638981522,SUSPECTED_CORPORATE_ACTION_OR_DATA_BREAK
NIFTYMIDLIQ15,2017-08-02 09:15:00,5.901709933544068,SUSPECTED_CORPORATE_ACTION_OR_DATA_BREAK
NIFTYMIDLIQ15,2017-08-03 00:00:00,-0.8571549641169894,SUSPECTED_CORPORATE_ACTION_OR_DATA_BREAK
NIFTYMIDLIQ15,2017-08-03 09:15:00,6.014807053863341,SUSPECTED_CORPORATE_ACTION_OR_DATA_BREAK
NIFTYMIDLIQ15,2017-08-04 00:00:00,-0.8569459390397081,SUSPECTED_CORPORATE_ACTION_OR_DATA_BREAK
NIFTYMIDLIQ15,2017-08-04 09:15:00,6.074343363188084,SUSPECTED_CORPORATE_ACTION_OR_DATA_BREAK
NIFTYMIDLIQ15,2017-08-07 00:00:00,-0.8575896810353105,SUSPECTED_CORPORATE_ACTION_OR_DATA_BREAK
NIFTYMIDLIQ15,2017-08-07 09:15:00,6.116894954363271,SUSPECTED_CORPORATE_ACTION_OR_DATA_BREAK
NIFTYMIDLIQ15,2017-08-08 00:00:00,-0.8607735291279595,SUSPECTED_CORPORATE_ACTION_OR_DATA_BREAK
NIFTYMIDLIQ15,2017-08-08 09:15:00,6.0932116889499355,SUSPECTED_CORPORATE_ACTION_OR_DATA_BREAK
NIFTYMIDLIQ15,2017-08-09 00:00:00,-0.861757766976493,SUSPECTED_CORPORATE_ACTION_OR_DATA_BREAK
NIFTYMIDLIQ15,2017-08-09 09:15:00,6.1070216921969775,SUSPECTED_CORPORATE_ACTION_OR_DATA_BREAK
NIFTYMIDLIQ15,2017-08-10 00:00:00,-0.8632268913640966,SUSPECTED_CORPORATE_ACTION_OR_DATA_BREAK
NIFTYMIDLIQ15,2017-08-10 09:15:00,6.1112359699104974,SUSPECTED_CORPORATE_ACTION_OR_DATA_BREAK
NIFTYMIDLIQ15,2017-08-11 00:00:00,-0.860965121834687,SUSPECTED_CORPORATE_ACTION_OR_DATA_BREAK
NIFTYMIDLIQ15,2017-08-11 09:15:00,6.186770428015564,SUSPECTED_CORPORATE_ACTION_OR_DATA_BREAK
NIFTYMIDLIQ15,2017-08-14 00:00:00,-0.8570822565430707,SUSPECTED_CORPORATE_ACTION_OR_DATA_BREAK
NIFTYMIDLIQ15,2017-08-14 09:15:00,6.150712751415739,SUSPECTED_CORPORATE_ACTION_OR_DATA_BREAK
NIFTYMIDLIQ15,2017-08-16 00:00:00,-0.8583441656562567,SUSPECTED_CORPORATE_ACTION_OR_DATA_BREAK
NIFTYMIDLIQ15,2017-08-16 09:15:00,6.128815432662032,SUSPECTED_CORPORATE_ACTION_OR_DATA_BREAK
NIFTYMIDLIQ15,2017-08-17 00:00:00,-0.8603317913197737,SUSPECTED_CORPORATE_ACTION_OR_DATA_BREAK
NIFTYMIDLIQ15,2017-08-17 09:15:00,6.155707868649318,SUSPECTED_CORPORATE_ACTION_OR_DATA_BREAK
NIFTYMIDLIQ15,2017-08-18 00:00:00,-0.8612291135655621,SUSPECTED_CORPORATE_ACTION_OR_DATA_BREAK
NIFTYMIDLIQ15,2017-08-18 09:15:00,6.190185883270505,SUSPECTED_CORPORATE_ACTION_OR_DATA_BREAK
NIFTYMIDLIQ15,2017-08-21 00:00:00,-0.8634471138461983,SUSPECTED_CORPORATE_ACTION_OR_DATA_BREAK
NIFTYMIDLIQ15,2017-08-21 09:15:00,6.206810268359525,SUSPECTED_CORPORATE_ACTION_OR_DATA_BREAK
NIFTYMIDLIQ15,2017-08-22 00:00:00,-0.8618449091764153,SUSPECTED_CORPORATE_ACTION_OR_DATA_BREAK
NIFTYMIDLIQ15,2017-08-22 09:15:00,6.200039890964697,SUSPECTED_CORPORATE_ACTION_OR_DATA_BREAK
NIFTYMIDLIQ15,2017-08-23 00:00:00,-0.8594109836207868,SUSPECTED_CORPORATE_ACTION_OR_DATA_BREAK
NIFTYMIDLIQ15,2017-08-23 09:15:00,6.209442240496019,SUSPECTED_CORPORATE_ACTION_OR_DATA_BREAK
NIFTYMIDLIQ15,2017-08-24 00:00:00,-0.8604493956190122,SUSPECTED_CORPORATE_ACTION_OR_DATA_BREAK
NIFTYMIDLIQ15,2017-08-24 09:15:00,6.22798313073679,SUSPECTED_CORPORATE_ACTION_OR_DATA_BREAK
NIFTYMIDLIQ15,2017-08-28 00:00:00,-0.8606209717043845,SUSPECTED_CORPORATE_ACTION_OR_DATA_BREAK
NIFTYMIDLIQ15,2017-08-28 09:15:00,6.2445760646984105,SUSPECTED_CORPORATE_ACTION_OR_DATA_BREAK
NIFTYMIDLIQ15,2017-08-29 00:00:00,-0.8638477075085379,SUSPECTED_CORPORATE_ACTION_OR_DATA_BREAK
NIFTYMIDLIQ15,2017-08-29 09:15:00,6.265393004493732,SUSPECTED_CORPORATE_ACTION_OR_DATA_BREAK
NIFTYMIDLIQ15,2017-08-30 00:00:00,-0.8607443845625203,SUSPECTED_CORPORATE_ACTION_OR_DATA_BREAK
NIFTYMIDLIQ15,2017-08-30 09:15:00,6.290077922077922,SUSPECTED_CORPORATE_ACTION_OR_DATA_BREAK
NIFTYMIDLIQ15,2017-08-31 00:00:00,-0.862927016973791,SUSPECTED_CORPORATE_ACTION_OR_DATA_BREAK
NIFTYMIDLIQ15,2017-08-31 09:15:00,6.292160532335205,SUSPECTED_CORPORATE_ACTION_OR_DATA_BREAK
NIFTYMIDLIQ15,2017-09-01 00:00:00,-0.8611126953347782,SUSPECTED_CORPORATE_ACTION_OR_DATA_BREAK
NIFTYMIDLIQ15,2017-09-01 09:15:00,6.2729570885946,SUSPECTED_CORPORATE_ACTION_OR_DATA_BREAK
NIFTYMIDLIQ15,2017-09-04 00:00:00,-0.863652964975025,SUSPECTED_CORPORATE_ACTION_OR_DATA_BREAK
NIFTYMIDLIQ15,2017-09-04 09:15:00,6.294059034382805,SUSPECTED_CORPORATE_ACTION_OR_DATA_BREAK
NIFTYMIDLIQ15,2017-09-05 00:00:00,-0.8621481275159093,SUSPECTED_CORPORATE_ACTION_OR_DATA_BREAK
NIFTYMIDLIQ15,2017-09-05 09:15:00,6.294200921469203,SUSPECTED_CORPORATE_ACTION_OR_DATA_BREAK
NIFTYMIDLIQ15,2017-09-06 00:00:00,-0.8623472495209731,SUSPECTED_CORPORATE_ACTION_OR_DATA_BREAK
NIFTYMIDLIQ15,2017-09-06 09:15:00,6.274513573790664,SUSPECTED_CORPORATE_ACTION_OR_DATA_BREAK
NIFTYMIDLIQ15,2017-09-07 00:00:00,-0.8612827574298335,SUSPECTED_CORPORATE_ACTION_OR_DATA_BREAK
NIFTYMIDLIQ15,2017-09-07 09:15:00,6.2613301493750635,SUSPECTED_CORPORATE_ACTION_OR_DATA_BREAK
NIFTYMIDLIQ15,2017-09-08 00:00:00,-0.8617471618241292,SUSPECTED_CORPORATE_ACTION_OR_DATA_BREAK
NIFTYMIDLIQ15,2017-09-08 09:15:00,6.180907193015753,SUSPECTED_CORPORATE_ACTION_OR_DATA_BREAK
NIFTYMIDLIQ15,2017-09-11 00:00:00,-0.8598167892124473,SUSPECTED_CORPORATE_ACTION_OR_DATA_BREAK
NIFTYMIDLIQ15,2017-09-11 09:15:00,6.187657114127703,SUSPECTED_CORPORATE_ACTION_OR_DATA_BREAK
NIFTYMIDLIQ15,2017-09-12 00:00:00,-0.8583439713211507,SUSPECTED_CORPORATE_ACTION_OR_DATA_BREAK
NIFTYMIDLIQ15,2017-09-12 09:15:00,6.123657506851345,SUSPECTED_CORPORATE_ACTION_OR_DATA_BREAK
NIFTYMIDLIQ15,2017-09-13 00:00:00,-0.8607352107843392,SUSPECTED_CORPORATE_ACTION_OR_DATA_BREAK
NIFTYMIDLIQ15,2017-09-13 09:15:00,6.155816037031507,SUSPECTED_CORPORATE_ACTION_OR_DATA_BREAK
NIFTYMIDLIQ15,2017-09-14 00:00:00,-0.8596953414366947,SUSPECTED_CORPORATE_ACTION_OR_DATA_BREAK
NIFTYMIDLIQ15,2017-09-14 09:15:00,6.15170105967652,SUSPECTED_CORPORATE_ACTION_OR_DATA_BREAK
NIFTYMIDLIQ15,2017-09-15 00:00:00,-0.8602511112844108,SUSPECTED_CORPORATE_ACTION_OR_DATA_BREAK
NIFTYMIDLIQ15,2017-09-15 09:15:00,6.138256448412698,SUSPECTED_CORPORATE_ACTION_OR_DATA_BREAK
NIFTYMIDLIQ15,2017-09-18 00:00:00,-0.8587267146026347,SUSPECTED_CORPORATE_ACTION_OR_DATA_BREAK
NIFTYMIDLIQ15,2017-09-18 09:15:00,6.105495505465992,SUSPECTED_CORPORATE_ACTION_OR_DATA_BREAK
NIFTYMIDLIQ15,2017-09-19 00:00:00,-0.85940404204726,SUSPECTED_CORPORATE_ACTION_OR_DATA_BREAK
NIFTYMIDLIQ15,2017-09-19 09:15:00,6.131228458887247,SUSPECTED_CORPORATE_ACTION_OR_DATA_BREAK
NIFTYMIDLIQ15,2017-09-20 00:00:00,-0.8604207194035982,SUSPECTED_CORPORATE_ACTION_OR_DATA_BREAK
NIFTYMIDLIQ15,2017-09-20 09:15:00,6.144576078353779,SUSPECTED_CORPORATE_ACTION_OR_DATA_BREAK
NIFTYMIDLIQ15,2017-09-21 00:00:00,-0.8615308989007147,SUSPECTED_CORPORATE_ACTION_OR_DATA_BREAK
NIFTYMIDLIQ15,2017-09-21 09:15:00,6.173952174402181,SUSPECTED_CORPORATE_ACTION_OR_DATA_BREAK
NIFTYMIDLIQ15,2017-09-22 00:00:00,-0.8645273031090295,SUSPECTED_CORPORATE_ACTION_OR_DATA_BREAK
NIFTYMIDLIQ15,2017-09-22 09:15:00,6.189095679687199,SUSPECTED_CORPORATE_ACTION_OR_DATA_BREAK
NIFTYMIDLIQ15,2017-09-25 00:00:00,-0.8619255919634311,SUSPECTED_CORPORATE_ACTION_OR_DATA_BREAK
NIFTYMIDLIQ15,2017-09-25 09:15:00,6.148219653778376,SUSPECTED_CORPORATE_ACTION_OR_DATA_BREAK
NIFTYMIDLIQ15,2017-09-26 00:00:00,-0.8586929528650228,SUSPECTED_CORPORATE_ACTION_OR_DATA_BREAK
NIFTYMIDLIQ15,2017-09-26 09:15:00,6.093348726829581,SUSPECTED_CORPORATE_ACTION_OR_DATA_BREAK
NIFTYMIDLIQ15,2017-09-27 00:00:00,-0.861956156119227,SUSPECTED_CORPORATE_ACTION_OR_DATA_BREAK
NIFTYMIDLIQ15,2017-09-27 09:15:00,6.1090485111288695,SUSPECTED_CORPORATE_ACTION_OR_DATA_BREAK
NIFTYMIDLIQ15,2017-09-28 00:00:00,-0.8593434134026223,SUSPECTED_CORPORATE_ACTION_OR_DATA_BREAK
NIFTYMIDLIQ15,2017-09-28 09:15:00,6.131458966565349,SUSPECTED_CORPORATE_ACTION_OR_DATA_BREAK
NIFTYMIDLIQ15,2017-09-29 00:00:00,-0.85904139033307,SUSPECTED_CORPORATE_ACTION_OR_DATA_BREAK
NIFTYMIDLIQ15,2017-09-29 09:15:00,6.1835314357209885,SUSPECTED_CORPORATE_ACTION_OR_DATA_BREAK
NIFTYMIDLIQ15,2017-10-03 00:00:00,-0.8589221630761751,SUSPECTED_CORPORATE_ACTION_OR_DATA_BREAK
NIFTYMIDLIQ15,2017-10-03 09:15:00,6.155300351084763,SUSPECTED_CORPORATE_ACTION_OR_DATA_BREAK
NIFTYMIDLIQ15,2017-10-04 00:00:00,-0.8598678262870042,SUSPECTED_CORPORATE_ACTION_OR_DATA_BREAK
NIFTYMIDLIQ15,2017-10-04 09:15:00,6.149048327518981,SUSPECTED_CORPORATE_ACTION_OR_DATA_BREAK
NIFTYMIDLIQ15,2017-10-05 00:00:00,-0.8595758498879613,SUSPECTED_CORPORATE_ACTION_OR_DATA_BREAK
NIFTYMIDLIQ15,2017-10-05 09:15:00,6.142234771054783,SUSPECTED_CORPORATE_ACTION_OR_DATA_BREAK
NIFTYMIDLIQ15,2017-10-06 00:00:00,-0.8586497852557166,SUSPECTED_CORPORATE_ACTION_OR_DATA_BREAK
NIFTYMIDLIQ15,2017-10-06 09:15:00,6.1313971146545185,SUSPECTED_CORPORATE_ACTION_OR_DATA_BREAK
NIFTYMIDLIQ15,2017-10-09 00:00:00,-0.8594573779597283,SUSPECTED_CORPORATE_ACTION_OR_DATA_BREAK
NIFTYMIDLIQ15,2017-10-09 09:15:00,6.1261379562873275,SUSPECTED_CORPORATE_ACTION_OR_DATA_BREAK
NIFTYMIDLIQ15,2017-10-10 00:00:00,-0.8575045669341564,SUSPECTED_CORPORATE_ACTION_OR_DATA_BREAK
NIFTYMIDLIQ15,2017-10-10 09:15:00,6.060655044639526,SUSPECTED_CORPORATE_ACTION_OR_DATA_BREAK
NIFTYMIDLIQ15,2017-10-11 00:00:00,-0.8608849096211555,SUSPECTED_CORPORATE_ACTION_OR_DATA_BREAK
NIFTYMIDLIQ15,2017-10-11 09:15:00,6.143542547535255,SUSPECTED_CORPORATE_ACTION_OR_DATA_BREAK
NIFTYMIDLIQ15,2017-10-12 00:00:00,-0.8583175171939599,SUSPECTED_CORPORATE_ACTION_OR_DATA_BREAK
NIFTYMIDLIQ15,2017-10-12 09:15:00,6.136583657490212,SUSPECTED_CORPORATE_ACTION_OR_DATA_BREAK
NIFTYMIDLIQ15,2017-10-13 00:00:00,-0.860074976734078,SUSPECTED_CORPORATE_ACTION_OR_DATA_BREAK
NIFTYMIDLIQ15,2017-10-13 09:15:00,6.1583581753049925,SUSPECTED_CORPORATE_ACTION_OR_DATA_BREAK
NIFTYMIDLIQ15,2017-10-16 00:00:00,-0.8595945120724258,SUSPECTED_CORPORATE_ACTION_OR_DATA_BREAK
NIFTYMIDLIQ15,2017-10-16 09:15:00,6.139924977879691,SUSPECTED_CORPORATE_ACTION_OR_DATA_BREAK
NIFTYMIDLIQ15,2017-10-17 00:00:00,-0.8597068746738252,SUSPECTED_CORPORATE_ACTION_OR_DATA_BREAK
NIFTYMIDLIQ15,2017-10-17 09:15:00,6.161835328074846,SUSPECTED_CORPORATE_ACTION_OR_DATA_BREAK
NIFTYMIDLIQ15,2017-10-18 00:00:00,-0.86139417080399,SUSPECTED_CORPORATE_ACTION_OR_DATA_BREAK
NIFTYMIDLIQ15,2017-10-18 09:15:00,6.204050683678202,SUSPECTED_CORPORATE_ACTION_OR_DATA_BREAK
NIFTYMIDLIQ15,2017-10-19 00:00:00,-0.8621112587943021,SUSPECTED_CORPORATE_ACTION_OR_DATA_BREAK
NIFTYMIDLIQ15,2017-10-19 18:30:00,6.213893690306464,SUSPECTED_CORPORATE_ACTION_OR_DATA_BREAK
NIFTYMIDLIQ15,2017-10-23 00:00:00,-0.8608906440746739,SUSPECTED_CORPORATE_ACTION_OR_DATA_BREAK
NIFTYMIDLIQ15,2017-10-23 09:15:00,6.224534184917901,SUSPECTED_CORPORATE_ACTION_OR_DATA_BREAK
NIFTYMIDLIQ15,2017-10-24 00:00:00,-0.8610293669784642,SUSPECTED_CORPORATE_ACTION_OR_DATA_BREAK
NIFTYMIDLIQ15,2017-10-24 09:15:00,6.182140352634742,SUSPECTED_CORPORATE_ACTION_OR_DATA_BREAK
NIFTYMIDLIQ15,2017-10-25 00:00:00,-0.8569159443941716,SUSPECTED_CORPORATE_ACTION_OR_DATA_BREAK
NIFTYMIDLIQ15,2017-10-25 09:15:00,6.076952134919088,SUSPECTED_CORPORATE_ACTION_OR_DATA_BREAK
NIFTYMIDLIQ15,2017-10-26 00:00:00,-0.8583367053341897,SUSPECTED_CORPORATE_ACTION_OR_DATA_BREAK
NIFTYMIDLIQ15,2017-10-26 09:15:00,6.0871782654777755,SUSPECTED_CORPORATE_ACTION_OR_DATA_BREAK
NIFTYMIDLIQ15,2017-10-27 00:00:00,-0.8592259750772618,SUSPECTED_CORPORATE_ACTION_OR_DATA_BREAK
NIFTYMIDLIQ15,2017-10-27 09:15:00,6.1527043424444585,SUSPECTED_CORPORATE_ACTION_OR_DATA_BREAK
NIFTYMIDLIQ15,2017-10-30 00:00:00,-0.8582217422851439,SUSPECTED_CORPORATE_ACTION_OR_DATA_BREAK
NIFTYMIDLIQ15,2017-10-30 09:15:00,6.129925516578568,SUSPECTED_CORPORATE_ACTION_OR_DATA_BREAK
NIFTYMIDLIQ15,2017-10-31 00:00:00,-0.8592190330162849,SUSPECTED_CORPORATE_ACTION_OR_DATA_BREAK
NIFTYMIDLIQ15,2017-10-31 09:15:00,6.095908216122021,SUSPECTED_CORPORATE_ACTION_OR_DATA_BREAK
NIFTYMIDLIQ15,2017-11-01 00:00:00,-0.8575317558439017,SUSPECTED_CORPORATE_ACTION_OR_DATA_BREAK
NIFTYMIDLIQ15,2017-11-01 09:15:00,6.080564007245433,SUSPECTED_CORPORATE_ACTION_OR_DATA_BREAK
NIFTYMIDLIQ15,2017-11-02 00:00:00,-0.8580145600711617,SUSPECTED_CORPORATE_ACTION_OR_DATA_BREAK
NIFTYMIDLIQ15,2017-11-02 09:15:00,6.070461081186748,SUSPECTED_CORPORATE_ACTION_OR_DATA_BREAK
NIFTYMIDLIQ15,2017-11-03 00:00:00,-0.8586011512171723,SUSPECTED_CORPORATE_ACTION_OR_DATA_BREAK
NIFTYMIDLIQ15,2017-11-03 09:15:00,6.077729483962919,SUSPECTED_CORPORATE_ACTION_OR_DATA_BREAK
NIFTYMIDLIQ15,2017-11-06 00:00:00,-0.8586551679375847,SUSPECTED_CORPORATE_ACTION_OR_DATA_BREAK
NIFTYMIDLIQ15,2017-11-06 09:15:00,6.121592822408779,SUSPECTED_CORPORATE_ACTION_OR_DATA_BREAK
NIFTYMIDLIQ15,2017-11-07 00:00:00,-0.8619928444359206,SUSPECTED_CORPORATE_ACTION_OR_DATA_BREAK
NIFTYMIDLIQ15,2017-11-07 09:15:00,6.135090712184088,SUSPECTED_CORPORATE_ACTION_OR_DATA_BREAK
NIFTYMIDLIQ15,2017-11-08 00:00:00,-0.8604436638873312,SUSPECTED_CORPORATE_ACTION_OR_DATA_BREAK
NIFTYMIDLIQ15,2017-11-08 09:15:00,6.109632353118104,SUSPECTED_CORPORATE_ACTION_OR_DATA_BREAK
NIFTYMIDLIQ15,2017-11-09 00:00:00,-0.8584857607494538,SUSPECTED_CORPORATE_ACTION_OR_DATA_BREAK
NIFTYMIDLIQ15,2017-11-09 09:15:00,6.113050965010881,SUSPECTED_CORPORATE_ACTION_OR_DATA_BREAK
NIFTYMIDLIQ15,2017-11-10 00:00:00,-0.8595293492660161,SUSPECTED_CORPORATE_ACTION_OR_DATA_BREAK
NIFTYMIDLIQ15,2017-11-10 09:15:00,6.0981006977273,SUSPECTED_CORPORATE_ACTION_OR_DATA_BREAK
NIFTYMIDLIQ15,2017-11-13 00:00:00,-0.8601305690815653,SUSPECTED_CORPORATE_ACTION_OR_DATA_BREAK
NIFTYMIDLIQ15,2017-11-13 09:15:00,6.099450311008245,SUSPECTED_CORPORATE_ACTION_OR_DATA_BREAK
NIFTYMIDLIQ15,2017-11-14 00:00:00,-0.8585259669033622,SUSPECTED_CORPORATE_ACTION_OR_DATA_BREAK
NIFTYMIDLIQ15,2017-11-14 09:15:00,6.045991358617378,SUSPECTED_CORPORATE_ACTION_OR_DATA_BREAK
NIFTYMIDLIQ15,2017-11-15 00:00:00,-0.8591671890330317,SUSPECTED_CORPORATE_ACTION_OR_DATA_BREAK
NIFTYMIDLIQ15,2017-11-15 09:15:00,6.01865044328064,SUSPECTED_CORPORATE_ACTION_OR_DATA_BREAK
NIFTYMIDLIQ15,2017-11-16 00:00:00,-0.855556225712784,SUSPECTED_CORPORATE_ACTION_OR_DATA_BREAK
NIFTYMIDLIQ15,2017-11-16 09:15:00,6.003221188260558,SUSPECTED_CORPORATE_ACTION_OR_DATA_BREAK
NIFTYMIDLIQ15,2017-11-17 00:00:00,-0.8560331169826749,SUSPECTED_CORPORATE_ACTION_OR_DATA_BREAK
NIFTYMIDLIQ15,2017-11-17 09:15:00,6.041675541356052,SUSPECTED_CORPORATE_ACTION_OR_DATA_BREAK
NIFTYMIDLIQ15,2017-11-20 00:00:00,-0.8560020971547256,SUSPECTED_CORPORATE_ACTION_OR_DATA_BREAK
NIFTYMIDLIQ15,2017-11-20 09:15:00,5.951629090230126,SUSPECTED_CORPORATE_ACTION_OR_DATA_BREAK
NIFTYMIDLIQ15,2017-11-21 00:00:00,-0.8553417078088095,SUSPECTED_CORPORATE_ACTION_OR_DATA_BREAK
NIFTYMIDLIQ15,2017-11-21 09:15:00,5.923924950796539,SUSPECTED_CORPORATE_ACTION_OR_DATA_BREAK
NIFTYMIDLIQ15,2017-11-22 00:00:00,-0.8555494474184369,SUSPECTED_CORPORATE_ACTION_OR_DATA_BREAK
NIFTYMIDLIQ15,2017-11-22 09:15:00,5.91321196932252,SUSPECTED_CORPORATE_ACTION_OR_DATA_BREAK
NIFTYMIDLIQ15,2017-11-23 00:00:00,-0.8551550864425868,SUSPECTED_CORPORATE_ACTION_OR_DATA_BREAK
NIFTYMIDLIQ15,2017-11-23 09:15:00,5.901467855040623,SUSPECTED_CORPORATE_ACTION_OR_DATA_BREAK
NIFTYMIDLIQ15,2017-11-24 00:00:00,-0.8545220410465804,SUSPECTED_CORPORATE_ACTION_OR_DATA_BREAK
NIFTYMIDLIQ15,2017-11-24 09:15:00,5.903472630959389,SUSPECTED_CORPORATE_ACTION_OR_DATA_BREAK
NIFTYMIDLIQ15,2017-11-27 00:00:00,-0.8544298612956991,SUSPECTED_CORPORATE_ACTION_OR_DATA_BREAK
NIFTYMIDLIQ15,2017-11-27 09:15:00,5.88909815450693,SUSPECTED_CORPORATE_ACTION_OR_DATA_BREAK
NIFTYMIDLIQ15,2017-11-28 00:00:00,-0.855271536735558,SUSPECTED_CORPORATE_ACTION_OR_DATA_BREAK
NIFTYMIDLIQ15,2017-11-28 09:15:00,5.9200299470168165,SUSPECTED_CORPORATE_ACTION_OR_DATA_BREAK
NIFTYMIDLIQ15,2017-11-29 00:00:00,-0.8553837652318503,SUSPECTED_CORPORATE_ACTION_OR_DATA_BREAK
NIFTYMIDLIQ15,2017-11-29 09:15:00,5.912666167923116,SUSPECTED_CORPORATE_ACTION_OR_DATA_BREAK
NIFTYMIDLIQ15,2017-11-30 00:00:00,-0.8570945726573284,SUSPECTED_CORPORATE_ACTION_OR_DATA_BREAK
NIFTYMIDLIQ15,2017-11-30 09:15:00,5.93652569031807,SUSPECTED_CORPORATE_ACTION_OR_DATA_BREAK
NIFTYMIDLIQ15,2017-12-01 00:00:00,-0.8562269677943839,SUSPECTED_CORPORATE_ACTION_OR_DATA_BREAK
NIFTYMIDLIQ15,2017-12-01 09:15:00,5.885988994941411,SUSPECTED_CORPORATE_ACTION_OR_DATA_BREAK
NIFTYMIDLIQ15,2017-12-04 00:00:00,-0.8534372773234705,SUSPECTED_CORPORATE_ACTION_OR_DATA_BREAK
NIFTYMIDLIQ15,2017-12-04 09:15:00,5.827323555627582,SUSPECTED_CORPORATE_ACTION_OR_DATA_BREAK
NIFTYMIDLIQ15,2017-12-05 00:00:00,-0.8524411996093538,SUSPECTED_CORPORATE_ACTION_OR_DATA_BREAK
NIFTYMIDLIQ15,2017-12-05 09:15:00,5.782026680761586,SUSPECTED_CORPORATE_ACTION_OR_DATA_BREAK
NIFTYMIDLIQ15,2017-12-06 00:00:00,-0.8538495814364836,SUSPECTED_CORPORATE_ACTION_OR_DATA_BREAK
NIFTYMIDLIQ15,2017-12-06 09:15:00,5.774565629680465,SUSPECTED_CORPORATE_ACTION_OR_DATA_BREAK
NIFTYMIDLIQ15,2017-12-07 00:00:00,-0.8502634357358833,SUSPECTED_CORPORATE_ACTION_OR_DATA_BREAK
NIFTYMIDLIQ15,2017-12-07 09:15:00,5.79085766527627,SUSPECTED_CORPORATE_ACTION_OR_DATA_BREAK
NIFTYMIDLIQ15,2017-12-08 00:00:00,-0.8516594472884419,SUSPECTED_CORPORATE_ACTION_OR_DATA_BREAK
NIFTYMIDLIQ15,2017-12-08 09:15:00,5.807042621016688,SUSPECTED_CORPORATE_ACTION_OR_DATA_BREAK
NIFTYMIDLIQ15,2017-12-11 00:00:00,-0.8520183856248146,SUSPECTED_CORPORATE_ACTION_OR_DATA_BREAK
NIFTYMIDLIQ15,2017-12-11 09:15:00,5.776809243867829,SUSPECTED_CORPORATE_ACTION_OR_DATA_BREAK
NIFTYMIDLIQ15,2017-12-12 00:00:00,-0.8531757902083956,SUSPECTED_CORPORATE_ACTION_OR_DATA_BREAK
NIFTYMIDLIQ15,2017-12-12 09:15:00,5.742976796830786,SUSPECTED_CORPORATE_ACTION_OR_DATA_BREAK
NIFTYMIDLIQ15,2017-12-13 00:00:00,-0.8537454132829312,SUSPECTED_CORPORATE_ACTION_OR_DATA_BREAK
NIFTYMIDLIQ15,2017-12-13 09:15:00,5.7707333868931485,SUSPECTED_CORPORATE_ACTION_OR_DATA_BREAK
NIFTYMIDLIQ15,2017-12-14 00:00:00,-0.8519800520058176,SUSPECTED_CORPORATE_ACTION_OR_DATA_BREAK
NIFTYMIDLIQ15,2017-12-14 09:15:00,5.75853736744463,SUSPECTED_CORPORATE_ACTION_OR_DATA_BREAK
NIFTYMIDLIQ15,2017-12-15 00:00:00,-0.8508938964940551,SUSPECTED_CORPORATE_ACTION_OR_DATA_BREAK
NIFTYMIDLIQ15,2017-12-15 09:15:00,5.763737275250063,SUSPECTED_CORPORATE_ACTION_OR_DATA_BREAK
NIFTYMIDLIQ15,2017-12-18 00:00:00,-0.8518335198271487,SUSPECTED_CORPORATE_ACTION_OR_DATA_BREAK
NIFTYMIDLIQ15,2017-12-18 09:15:00,5.813244008808474,SUSPECTED_CORPORATE_ACTION_OR_DATA_BREAK
NIFTYMIDLIQ15,2017-12-19 00:00:00,-0.8505255099068811,SUSPECTED_CORPORATE_ACTION_OR_DATA_BREAK
NIFTYMIDLIQ15,2017-12-19 09:15:00,5.786117513444901,SUSPECTED_CORPORATE_ACTION_OR_DATA_BREAK
NIFTYMIDLIQ15,2017-12-20 00:00:00,-0.8524057046473318,SUSPECTED_CORPORATE_ACTION_OR_DATA_BREAK
NIFTYMIDLIQ15,2017-12-20 09:15:00,5.776897080730151,SUSPECTED_CORPORATE_ACTION_OR_DATA_BREAK
NIFTYMIDLIQ15,2017-12-21 00:00:00,-0.8504533233597273,SUSPECTED_CORPORATE_ACTION_OR_DATA_BREAK
NIFTYMIDLIQ15,2017-12-21 09:15:00,5.718587177096474,SUSPECTED_CORPORATE_ACTION_OR_DATA_BREAK
NIFTYMIDLIQ15,2017-12-22 00:00:00,-0.8507102040816327,SUSPECTED_CORPORATE_ACTION_OR_DATA_BREAK
NIFTYMIDLIQ15,2017-12-22 09:15:00,5.728958880139983,SUSPECTED_CORPORATE_ACTION_OR_DATA_BREAK
NIFTYMIDLIQ15,2017-12-26 00:00:00,-0.8513317167672145,SUSPECTED_CORPORATE_ACTION_OR_DATA_BREAK
NIFTYMIDLIQ15,2017-12-26 09:15:00,5.755922383164799,SUSPECTED_CORPORATE_ACTION_OR_DATA_BREAK
NIFTYMIDLIQ15,2017-12-27 00:00:00,-0.8514849562619944,SUSPECTED_CORPORATE_ACTION_OR_DATA_BREAK
NIFTYMIDLIQ15,2017-12-27 09:15:00,5.70074742324203,SUSPECTED_CORPORATE_ACTION_OR_DATA_BREAK
NIFTYMIDLIQ15,2017-12-28 00:00:00,-0.8510751079660752,SUSPECTED_CORPORATE_ACTION_OR_DATA_BREAK
NIFTYMIDLIQ15,2017-12-28 09:15:00,5.718102412927175,SUSPECTED_CORPORATE_ACTION_OR_DATA_BREAK
NIFTYMIDLIQ15,2017-12-29 00:00:00,-0.8512118262147109,SUSPECTED_CORPORATE_ACTION_OR_DATA_BREAK
NIFTYMIDLIQ15,2017-12-29 09:15:00,5.764459153914212,SUSPECTED_CORPORATE_ACTION_OR_DATA_BREAK
NIFTYMIDLIQ15,2018-01-01 00:00:00,-0.8525189207693289,SUSPECTED_CORPORATE_ACTION_OR_DATA_BREAK
NIFTYMIDLIQ15,2018-01-01 09:15:00,5.7662863774716975,SUSPECTED_CORPORATE_ACTION_OR_DATA_BREAK
NIFTYMIDLIQ15,2018-01-02 00:00:00,-0.8529870936840607,SUSPECTED_CORPORATE_ACTION_OR_DATA_BREAK
NIFTYMIDLIQ15,2018-01-02 09:15:00,5.779824067062324,SUSPECTED_CORPORATE_ACTION_OR_DATA_BREAK
NIFTYMIDLIQ15,2018-01-03 00:00:00,-0.852298665835452,SUSPECTED_CORPORATE_ACTION_OR_DATA_BREAK
NIFTYMIDLIQ15,2018-01-03 09:15:00,5.808955912902977,SUSPECTED_CORPORATE_ACTION_OR_DATA_BREAK
NIFTYMIDLIQ15,2018-01-04 00:00:00,-0.852446922540486,SUSPECTED_CORPORATE_ACTION_OR_DATA_BREAK
NIFTYMIDLIQ15,2018-01-04 09:15:00,5.848782889338658,SUSPECTED_CORPORATE_ACTION_OR_DATA_BREAK
NIFTYMIDLIQ15,2018-01-05 00:00:00,-0.8523113737254657,SUSPECTED_CORPORATE_ACTION_OR_DATA_BREAK
NIFTYMIDLIQ15,2018-01-05 09:15:00,5.85655724406468,SUSPECTED_CORPORATE_ACTION_OR_DATA_BREAK
NIFTYMIDLIQ15,2018-01-08 00:00:00,-0.8530405112292818,SUSPECTED_CORPORATE_ACTION_OR_DATA_BREAK
NIFTYMIDLIQ15,2018-01-08 09:15:00,5.852588529534891,SUSPECTED_CORPORATE_ACTION_OR_DATA_BREAK
NIFTYMIDLIQ15,2018-01-09 00:00:00,-0.8551834760351757,SUSPECTED_CORPORATE_ACTION_OR_DATA_BREAK
NIFTYMIDLIQ15,2018-01-09 09:15:00,5.875511087074094,SUSPECTED_CORPORATE_ACTION_OR_DATA_BREAK
NIFTYMIDLIQ15,2018-01-10 00:00:00,-0.856039808634119,SUSPECTED_CORPORATE_ACTION_OR_DATA_BREAK
NIFTYMIDLIQ15,2018-01-10 09:15:00,5.934540526954222,SUSPECTED_CORPORATE_ACTION_OR_DATA_BREAK
NIFTYMIDLIQ15,2018-01-11 00:00:00,-0.8549197158971822,SUSPECTED_CORPORATE_ACTION_OR_DATA_BREAK
NIFTYMIDLIQ15,2018-01-11 09:15:00,5.885750906997457,SUSPECTED_CORPORATE_ACTION_OR_DATA_BREAK
NIFTYMIDLIQ15,2018-01-12 00:00:00,-0.8552287684803664,SUSPECTED_CORPORATE_ACTION_OR_DATA_BREAK
NIFTYMIDLIQ15,2018-01-12 09:15:00,5.909421963806269,SUSPECTED_CORPORATE_ACTION_OR_DATA_BREAK
NIFTYMIDLIQ15,2018-01-15 00:00:00,-0.8553975180453464,SUSPECTED_CORPORATE_ACTION_OR_DATA_BREAK
NIFTYMIDLIQ15,2018-01-15 09:15:00,5.901267286131832,SUSPECTED_CORPORATE_ACTION_OR_DATA_BREAK
NIFTYMIDLIQ15,2018-01-16 00:00:00,-0.85796258164228,SUSPECTED_CORPORATE_ACTION_OR_DATA_BREAK
NIFTYMIDLIQ15,2018-01-16 09:15:00,5.925278148642635,SUSPECTED_CORPORATE_ACTION_OR_DATA_BREAK
NIFTYMIDLIQ15,2018-01-17 00:00:00,-0.853861873517939,SUSPECTED_CORPORATE_ACTION_OR_DATA_BREAK
NIFTYMIDLIQ15,2018-01-17 09:15:00,5.892498911643001,SUSPECTED_CORPORATE_ACTION_OR_DATA_BREAK
NIFTYMIDLIQ15,2018-01-18 00:00:00,-0.8581969213396048,SUSPECTED_CORPORATE_ACTION_OR_DATA_BREAK
NIFTYMIDLIQ15,2018-01-18 09:15:00,5.958405039086665,SUSPECTED_CORPORATE_ACTION_OR_DATA_BREAK
NIFTYMIDLIQ15,2018-01-19 00:00:00,-0.8542117590768092,SUSPECTED_CORPORATE_ACTION_OR_DATA_BREAK
NIFTYMIDLIQ15,2018-01-19 09:15:00,5.911109879144029,SUSPECTED_CORPORATE_ACTION_OR_DATA_BREAK
NIFTYMIDLIQ15,2018-01-22 00:00:00,-0.8535695549427014,SUSPECTED_CORPORATE_ACTION_OR_DATA_BREAK
NIFTYMIDLIQ15,2018-01-22 09:15:00,5.8815408887720215,SUSPECTED_CORPORATE_ACTION_OR_DATA_BREAK
NIFTYMIDLIQ15,2018-01-23 00:00:00,-0.8527718869210243,SUSPECTED_CORPORATE_ACTION_OR_DATA_BREAK
NIFTYMIDLIQ15,2018-01-23 09:15:00,5.840562846588401,SUSPECTED_CORPORATE_ACTION_OR_DATA_BREAK
NIFTYMIDLIQ15,2018-01-24 00:00:00,-0.8545622116901636,SUSPECTED_CORPORATE_ACTION_OR_DATA_BREAK
NIFTYMIDLIQ15,2018-01-24 09:15:00,5.834998206502245,SUSPECTED_CORPORATE_ACTION_OR_DATA_BREAK
NIFTYMIDLIQ15,2018-01-25 00:00:00,-0.8560191980763756,SUSPECTED_CORPORATE_ACTION_OR_DATA_BREAK
NIFTYMIDLIQ15,2018-01-25 09:15:00,5.850922827131448,SUSPECTED_CORPORATE_ACTION_OR_DATA_BREAK
NIFTYMIDLIQ15,2018-01-29 00:00:00,-0.8546549683843279,SUSPECTED_CORPORATE_ACTION_OR_DATA_BREAK
NIFTYMIDLIQ15,2018-01-29 09:15:00,5.853136924305617,SUSPECTED_CORPORATE_ACTION_OR_DATA_BREAK
NIFTYMIDLIQ15,2018-01-30 00:00:00,-0.8545702335940333,SUSPECTED_CORPORATE_ACTION_OR_DATA_BREAK
NIFTYMIDLIQ15,2018-01-30 09:15:00,5.836371730662215,SUSPECTED_CORPORATE_ACTION_OR_DATA_BREAK
NIFTYMIDLIQ15,2018-01-31 00:00:00,-0.8556918378244618,SUSPECTED_CORPORATE_ACTION_OR_DATA_BREAK
NIFTYMIDLIQ15,2018-01-31 09:15:00,5.881759005426383,SUSPECTED_CORPORATE_ACTION_OR_DATA_BREAK
NIFTYMIDLIQ15,2018-02-01 00:00:00,-0.854964049533939,SUSPECTED_CORPORATE_ACTION_OR_DATA_BREAK
NIFTYMIDLIQ15,2018-02-01 09:15:00,5.900391984881228,SUSPECTED_CORPORATE_ACTION_OR_DATA_BREAK
NIFTYMIDLIQ15,2018-02-02 00:00:00,-0.8613801542022319,SUSPECTED_CORPORATE_ACTION_OR_DATA_BREAK
NIFTYMIDLIQ15,2018-02-02 09:15:00,6.008744254197833,SUSPECTED_CORPORATE_ACTION_OR_DATA_BREAK
NIFTYMIDLIQ15,2018-02-05 00:00:00,-0.8565742022393105,SUSPECTED_CORPORATE_ACTION_OR_DATA_BREAK
NIFTYMIDLIQ15,2018-02-05 09:15:00,5.949347596097332,SUSPECTED_CORPORATE_ACTION_OR_DATA_BREAK
NIFTYMIDLIQ15,2018-02-06 00:00:00,-0.8579927298069457,SUSPECTED_CORPORATE_ACTION_OR_DATA_BREAK
NIFTYMIDLIQ15,2018-02-06 09:15:00,5.941788164665522,SUSPECTED_CORPORATE_ACTION_OR_DATA_BREAK
NIFTYMIDLIQ15,2018-02-07 00:00:00,-0.8554888061814382,SUSPECTED_CORPORATE_ACTION_OR_DATA_BREAK
NIFTYMIDLIQ15,2018-02-07 09:15:00,5.970296065677327,SUSPECTED_CORPORATE_ACTION_OR_DATA_BREAK
NIFTYMIDLIQ15,2018-02-08 00:00:00,-0.8523652395221312,SUSPECTED_CORPORATE_ACTION_OR_DATA_BREAK
NIFTYMIDLIQ15,2018-02-08 09:15:00,5.8833669878266885,SUSPECTED_CORPORATE_ACTION_OR_DATA_BREAK
NIFTYMIDLIQ15,2018-02-09 00:00:00,-0.8552050383289163,SUSPECTED_CORPORATE_ACTION_OR_DATA_BREAK
NIFTYMIDLIQ15,2018-02-09 09:15:00,5.883533811083969,SUSPECTED_CORPORATE_ACTION_OR_DATA_BREAK
NIFTYMIDLIQ15,2018-02-12 00:00:00,-0.8530153268110714,SUSPECTED_CORPORATE_ACTION_OR_DATA_BREAK
NIFTYMIDLIQ15,2018-02-12 09:15:00,5.904787514016981,SUSPECTED_CORPORATE_ACTION_OR_DATA_BREAK
NIFTYMIDLIQ15,2018-02-14 00:00:00,-0.8550818063857536,SUSPECTED_CORPORATE_ACTION_OR_DATA_BREAK
NIFTYMIDLIQ15,2018-02-14 09:15:00,5.88635661928667,SUSPECTED_CORPORATE_ACTION_OR_DATA_BREAK
NIFTYMIDLIQ15,2018-02-15 00:00:00,-0.8559610099550817,SUSPECTED_CORPORATE_ACTION_OR_DATA_BREAK
NIFTYMIDLIQ15,2018-02-15 09:15:00,5.878811634636446,SUSPECTED_CORPORATE_ACTION_OR_DATA_BREAK
NIFTYMIDLIQ15,2018-02-16 00:00:00,-0.8563975363472578,SUSPECTED_CORPORATE_ACTION_OR_DATA_BREAK
NIFTYMIDLIQ15,2018-02-16 09:15:00,5.886209794127259,SUSPECTED_CORPORATE_ACTION_OR_DATA_BREAK
NIFTYMIDLIQ15,2018-02-19 00:00:00,-0.8567448198251638,SUSPECTED_CORPORATE_ACTION_OR_DATA_BREAK
NIFTYMIDLIQ15,2018-02-19 09:15:00,5.904987814400302,SUSPECTED_CORPORATE_ACTION_OR_DATA_BREAK
NIFTYMIDLIQ15,2018-02-20 00:00:00,-0.8554924089909894,SUSPECTED_CORPORATE_ACTION_OR_DATA_BREAK
NIFTYMIDLIQ15,2018-02-20 09:15:00,5.95162552464964,SUSPECTED_CORPORATE_ACTION_OR_DATA_BREAK
NIFTYMIDLIQ15,2018-02-21 00:00:00,-0.8552690196720528,SUSPECTED_CORPORATE_ACTION_OR_DATA_BREAK
NIFTYMIDLIQ15,2018-02-21 09:15:00,5.879850762098475,SUSPECTED_CORPORATE_ACTION_OR_DATA_BREAK
NIFTYMIDLIQ15,2018-02-22 00:00:00,-0.8543599019542351,SUSPECTED_CORPORATE_ACTION_OR_DATA_BREAK
NIFTYMIDLIQ15,2018-02-22 09:15:00,5.802730929362783,SUSPECTED_CORPORATE_ACTION_OR_DATA_BREAK
NIFTYMIDLIQ15,2018-02-23 00:00:00,-0.8502530216507695,SUSPECTED_CORPORATE_ACTION_OR_DATA_BREAK
NIFTYMIDLIQ15,2018-02-23 09:15:00,5.783039889164694,SUSPECTED_CORPORATE_ACTION_OR_DATA_BREAK
NIFTYMIDLIQ15,2018-02-26 00:00:00,-0.8506603258140671,SUSPECTED_CORPORATE_ACTION_OR_DATA_BREAK
NIFTYMIDLIQ15,2018-02-26 09:15:00,5.757849986892944,SUSPECTED_CORPORATE_ACTION_OR_DATA_BREAK
NIFTYMIDLIQ15,2018-02-27 00:00:00,-0.8536329092788826,SUSPECTED_CORPORATE_ACTION_OR_DATA_BREAK
NIFTYMIDLIQ15,2018-02-27 09:15:00,5.8064527280059925,SUSPECTED_CORPORATE_ACTION_OR_DATA_BREAK
NIFTYMIDLIQ15,2018-02-28 00:00:00,-0.8529150259523479,SUSPECTED_CORPORATE_ACTION_OR_DATA_BREAK
NIFTYMIDLIQ15,2018-02-28 09:15:00,5.768658468649721,SUSPECTED_CORPORATE_ACTION_OR_DATA_BREAK
NIFTYMIDLIQ15,2018-03-01 00:00:00,-0.8530693102979187,SUSPECTED_CORPORATE_ACTION_OR_DATA_BREAK
NIFTYMIDLIQ15,2018-03-01 09:15:00,5.759220896455148,SUSPECTED_CORPORATE_ACTION_OR_DATA_BREAK
NIFTYMIDLIQ15,2018-03-05 00:00:00,-0.8536086322263391,SUSPECTED_CORPORATE_ACTION_OR_DATA_BREAK
NIFTYMIDLIQ15,2018-03-05 09:15:00,5.758465011286682,SUSPECTED_CORPORATE_ACTION_OR_DATA_BREAK
NIFTYMIDLIQ15,2018-03-06 00:00:00,-0.8531224798474324,SUSPECTED_CORPORATE_ACTION_OR_DATA_BREAK
NIFTYMIDLIQ15,2018-03-06 09:15:00,5.7450513714770475,SUSPECTED_CORPORATE_ACTION_OR_DATA_BREAK
NIFTYMIDLIQ15,2018-03-07 00:00:00,-0.8550499068940338,SUSPECTED_CORPORATE_ACTION_OR_DATA_BREAK
NIFTYMIDLIQ15,2018-03-07 09:15:00,5.820472649706552,SUSPECTED_CORPORATE_ACTION_OR_DATA_BREAK
NIFTYMIDLIQ15,2018-03-08 00:00:00,-0.8520450353030977,SUSPECTED_CORPORATE_ACTION_OR_DATA_BREAK
NIFTYMIDLIQ15,2018-03-08 09:15:00,5.754179803190981,SUSPECTED_CORPORATE_ACTION_OR_DATA_BREAK
NIFTYMIDLIQ15,2018-03-09 00:00:00,-0.8527183291841123,SUSPECTED_CORPORATE_ACTION_OR_DATA_BREAK
NIFTYMIDLIQ15,2018-03-09 09:15:00,5.792496320431031,SUSPECTED_CORPORATE_ACTION_OR_DATA_BREAK
NIFTYMIDLIQ15,2018-03-12 00:00:00,-0.8523594909862142,SUSPECTED_CORPORATE_ACTION_OR_DATA_BREAK
NIFTYMIDLIQ15,2018-03-12 09:15:00,5.824217393906745,SUSPECTED_CORPORATE_ACTION_OR_DATA_BREAK
NIFTYMIDLIQ15,2018-03-13 00:00:00,-0.8518579590605215,SUSPECTED_CORPORATE_ACTION_OR_DATA_BREAK
NIFTYMIDLIQ15,2018-03-13 09:15:00,5.83441089402013,SUSPECTED_CORPORATE_ACTION_OR_DATA_BREAK
NIFTYMIDLIQ15,2018-03-14 00:00:00,-0.8527823884289788,SUSPECTED_CORPORATE_ACTION_OR_DATA_BREAK
NIFTYMIDLIQ15,2018-03-14 09:15:00,5.800668479092375,SUSPECTED_CORPORATE_ACTION_OR_DATA_BREAK
NIFTYMIDLIQ15,2018-03-15 00:00:00,-0.8525368350737048,SUSPECTED_CORPORATE_ACTION_OR_DATA_BREAK
NIFTYMIDLIQ15,2018-03-15 09:15:00,5.784323620189881,SUSPECTED_CORPORATE_ACTION_OR_DATA_BREAK
NIFTYMIDLIQ15,2018-03-16 00:00:00,-0.8543432872224308,SUSPECTED_CORPORATE_ACTION_OR_DATA_BREAK
NIFTYMIDLIQ15,2018-03-16 09:15:00,5.804332335756021,SUSPECTED_CORPORATE_ACTION_OR_DATA_BREAK
NIFTYMIDLIQ15,2018-03-19 00:00:00,-0.855368338010863,SUSPECTED_CORPORATE_ACTION_OR_DATA_BREAK
NIFTYMIDLIQ15,2018-03-19 09:15:00,5.811408642764912,SUSPECTED_CORPORATE_ACTION_OR_DATA_BREAK
NIFTYMIDLIQ15,2018-03-20 00:00:00,-0.8529075669556251,SUSPECTED_CORPORATE_ACTION_OR_DATA_BREAK
NIFTYMIDLIQ15,2018-03-20 09:15:00,5.831400180668473,SUSPECTED_CORPORATE_ACTION_OR_DATA_BREAK
NIFTYMIDLIQ15,2018-03-21 00:00:00,-0.8534866540780038,SUSPECTED_CORPORATE_ACTION_OR_DATA_BREAK
NIFTYMIDLIQ15,2018-03-21 09:15:00,5.854246140146091,SUSPECTED_CORPORATE_ACTION_OR_DATA_BREAK
NIFTYMIDLIQ15,2018-03-22 00:00:00,-0.8557343029349644,SUSPECTED_CORPORATE_ACTION_OR_DATA_BREAK
NIFTYMIDLIQ15,2018-03-22 09:15:00,5.905027321074345,SUSPECTED_CORPORATE_ACTION_OR_DATA_BREAK
NIFTYMIDLIQ15,2018-03-23 00:00:00,-0.8575942953120677,SUSPECTED_CORPORATE_ACTION_OR_DATA_BREAK
NIFTYMIDLIQ15,2018-03-23 09:15:00,5.977698019801981,SUSPECTED_CORPORATE_ACTION_OR_DATA_BREAK
NIFTYMIDLIQ15,2018-03-26 00:00:00,-0.8539530115395939,SUSPECTED_CORPORATE_ACTION_OR_DATA_BREAK
NIFTYMIDLIQ15,2018-03-26 09:15:00,5.950838585880667,SUSPECTED_CORPORATE_ACTION_OR_DATA_BREAK
NIFTYMIDLIQ15,2018-03-27 00:00:00,-0.8533949285301194,SUSPECTED_CORPORATE_ACTION_OR_DATA_BREAK
NIFTYMIDLIQ15,2018-03-27 09:15:00,5.873198915952986,SUSPECTED_CORPORATE_ACTION_OR_DATA_BREAK
NIFTYMIDLIQ15,2018-03-28 00:00:00,-0.854843380179118,SUSPECTED_CORPORATE_ACTION_OR_DATA_BREAK
NIFTYMIDLIQ15,2018-03-28 09:15:00,5.819707575793775,SUSPECTED_CORPORATE_ACTION_OR_DATA_BREAK
NIFTYMIDLIQ15,2018-04-02 00:00:00,-0.8496723623019592,SUSPECTED_CORPORATE_ACTION_OR_DATA_BREAK
NIFTYMIDLIQ15,2018-04-02 09:15:00,5.78473552482557,SUSPECTED_CORPORATE_ACTION_OR_DATA_BREAK
NIFTYMIDLIQ15,2018-04-03 00:00:00,-0.8517822028731634,SUSPECTED_CORPORATE_ACTION_OR_DATA_BREAK
NIFTYMIDLIQ15,2018-04-03 09:15:00,5.825919703377556,SUSPECTED_CORPORATE_ACTION_OR_DATA_BREAK
NIFTYMIDLIQ15,2018-04-04 00:00:00,-0.8555094031515283,SUSPECTED_CORPORATE_ACTION_OR_DATA_BREAK
NIFTYMIDLIQ15,2018-04-04 09:15:00,5.8419191503859205,SUSPECTED_CORPORATE_ACTION_OR_DATA_BREAK
NIFTYMIDLIQ15,2018-04-05 00:00:00,-0.8503462450484296,SUSPECTED_CORPORATE_ACTION_OR_DATA_BREAK
NIFTYMIDLIQ15,2018-04-05 09:15:00,5.802712346684718,SUSPECTED_CORPORATE_ACTION_OR_DATA_BREAK
NIFTYMIDLIQ15,2018-04-06 00:00:00,-0.8523238163345161,SUSPECTED_CORPORATE_ACTION_OR_DATA_BREAK
NIFTYMIDLIQ15,2018-04-06 09:15:00,5.850686061093357,SUSPECTED_CORPORATE_ACTION_OR_DATA_BREAK
NIFTYMIDLIQ15,2018-04-09 00:00:00,-0.8530872862522944,SUSPECTED_CORPORATE_ACTION_OR_DATA_BREAK
NIFTYMIDLIQ15,2018-04-09 09:15:00,5.8091572215136145,SUSPECTED_CORPORATE_ACTION_OR_DATA_BREAK
NIFTYMIDLIQ15,2018-04-10 00:00:00,-0.8536119138326984,SUSPECTED_CORPORATE_ACTION_OR_DATA_BREAK
NIFTYMIDLIQ15,2018-04-10 09:15:00,5.822299889570692,SUSPECTED_CORPORATE_ACTION_OR_DATA_BREAK
NIFTYMIDLIQ15,2018-04-11 00:00:00,-0.8539661985368718,SUSPECTED_CORPORATE_ACTION_OR_DATA_BREAK
NIFTYMIDLIQ15,2018-04-11 09:15:00,5.857499702900604,SUSPECTED_CORPORATE_ACTION_OR_DATA_BREAK
NIFTYMIDLIQ15,2018-04-12 00:00:00,-0.8543538864791816,SUSPECTED_CORPORATE_ACTION_OR_DATA_BREAK
NIFTYMIDLIQ15,2018-04-12 09:15:00,5.85469938790687,SUSPECTED_CORPORATE_ACTION_OR_DATA_BREAK
NIFTYMIDLIQ15,2018-04-13 00:00:00,-0.8527443731379405,SUSPECTED_CORPORATE_ACTION_OR_DATA_BREAK
NIFTYMIDLIQ15,2018-04-13 09:15:00,5.788577063450683,SUSPECTED_CORPORATE_ACTION_OR_DATA_BREAK
NIFTYMIDLIQ15,2018-04-16 00:00:00,-0.85123278385251,SUSPECTED_CORPORATE_ACTION_OR_DATA_BREAK
NIFTYMIDLIQ15,2018-04-16 09:15:00,5.757511139044455,SUSPECTED_CORPORATE_ACTION_OR_DATA_BREAK
NIFTYMIDLIQ15,2018-04-17 00:00:00,-0.8524068221112404,SUSPECTED_CORPORATE_ACTION_OR_DATA_BREAK
NIFTYMIDLIQ15,2018-04-17 09:15:00,5.7889969167060515,SUSPECTED_CORPORATE_ACTION_OR_DATA_BREAK
NIFTYMIDLIQ15,2018-04-18 00:00:00,-0.8524989599062507,SUSPECTED_CORPORATE_ACTION_OR_DATA_BREAK
NIFTYMIDLIQ15,2018-04-18 09:15:00,5.7737360797401935,SUSPECTED_CORPORATE_ACTION_OR_DATA_BREAK
NIFTYMIDLIQ15,2018-04-19 00:00:00,-0.8510458071494456,SUSPECTED_CORPORATE_ACTION_OR_DATA_BREAK
NIFTYMIDLIQ15,2018-04-19 09:15:00,5.762332967285087,SUSPECTED_CORPORATE_ACTION_OR_DATA_BREAK
NIFTYMIDLIQ15,2018-04-20 00:00:00,-0.8532894140898423,SUSPECTED_CORPORATE_ACTION_OR_DATA_BREAK
NIFTYMIDLIQ15,2018-04-20 09:15:00,5.787548131433897,SUSPECTED_CORPORATE_ACTION_OR_DATA_BREAK
NIFTYMIDLIQ15,2018-04-23 00:00:00,-0.8522020151233486,SUSPECTED_CORPORATE_ACTION_OR_DATA_BREAK
NIFTYMIDLIQ15,2018-04-23 09:15:00,5.801801196918628,SUSPECTED_CORPORATE_ACTION_OR_DATA_BREAK
NIFTYMIDLIQ15,2018-04-24 00:00:00,-0.8536181288127562,SUSPECTED_CORPORATE_ACTION_OR_DATA_BREAK
NIFTYMIDLIQ15,2018-04-24 09:15:00,5.843439168305704,SUSPECTED_CORPORATE_ACTION_OR_DATA_BREAK
NIFTYMIDLIQ15,2018-04-25 00:00:00,-0.8540125965889028,SUSPECTED_CORPORATE_ACTION_OR_DATA_BREAK
NIFTYMIDLIQ15,2018-04-25 09:15:00,5.838273840996276,SUSPECTED_CORPORATE_ACTION_OR_DATA_BREAK
NIFTYMIDLIQ15,2018-04-26 00:00:00,-0.8534994020014444,SUSPECTED_CORPORATE_ACTION_OR_DATA_BREAK
NIFTYMIDLIQ15,2018-04-26 09:15:00,5.811031756726407,SUSPECTED_CORPORATE_ACTION_OR_DATA_BREAK
NIFTYMIDLIQ15,2018-04-27 00:00:00,-0.8518755688038302,SUSPECTED_CORPORATE_ACTION_OR_DATA_BREAK
NIFTYMIDLIQ15,2018-04-27 09:15:00,5.792619998486245,SUSPECTED_CORPORATE_ACTION_OR_DATA_BREAK
NIFTYMIDLIQ15,2018-04-30 00:00:00,-0.8516192885748557,SUSPECTED_CORPORATE_ACTION_OR_DATA_BREAK
NIFTYMIDLIQ15,2018-04-30 09:15:00,5.7768022793533,SUSPECTED_CORPORATE_ACTION_OR_DATA_BREAK
NIFTYMIDLIQ15,2018-05-02 00:00:00,-0.8551917777636547,SUSPECTED_CORPORATE_ACTION_OR_DATA_BREAK
NIFTYMIDLIQ15,2018-05-02 09:15:00,5.8168395939771775,SUSPECTED_CORPORATE_ACTION_OR_DATA_BREAK
NIFTYMIDLIQ15,2018-05-03 00:00:00,-0.8558483750936843,SUSPECTED_CORPORATE_ACTION_OR_DATA_BREAK
NIFTYMIDLIQ15,2018-05-03 09:15:00,5.848043425980005,SUSPECTED_CORPORATE_ACTION_OR_DATA_BREAK
NIFTYMIDLIQ15,2018-05-04 00:00:00,-0.8551535340765045,SUSPECTED_CORPORATE_ACTION_OR_DATA_BREAK
NIFTYMIDLIQ15,2018-05-04 09:15:00,5.8588466201004445,SUSPECTED_CORPORATE_ACTION_OR_DATA_BREAK
NIFTYMIDLIQ15,2018-05-07 00:00:00,-0.852071862496402,SUSPECTED_CORPORATE_ACTION_OR_DATA_BREAK
NIFTYMIDLIQ15,2018-05-07 09:15:00,5.813531935230595,SUSPECTED_CORPORATE_ACTION_OR_DATA_BREAK
NIFTYMIDLIQ15,2018-05-08 00:00:00,-0.8536774775376599,SUSPECTED_CORPORATE_ACTION_OR_DATA_BREAK
NIFTYMIDLIQ15,2018-05-08 09:15:00,5.812189693545625,SUSPECTED_CORPORATE_ACTION_OR_DATA_BREAK
NIFTYMIDLIQ15,2018-05-09 00:00:00,-0.8545664739884393,SUSPECTED_CORPORATE_ACTION_OR_DATA_BREAK
NIFTYMIDLIQ15,2018-05-09 09:15:00,5.836006082809152,SUSPECTED_CORPORATE_ACTION_OR_DATA_BREAK
NIFTYMIDLIQ15,2018-05-10 00:00:00,-0.8555729137701199,SUSPECTED_CORPORATE_ACTION_OR_DATA_BREAK
NIFTYMIDLIQ15,2018-05-10 09:15:00,5.834259043173862,SUSPECTED_CORPORATE_ACTION_OR_DATA_BREAK
NIFTYMIDLIQ15,2018-05-11 00:00:00,-0.852444271430913,SUSPECTED_CORPORATE_ACTION_OR_DATA_BREAK
NIFTYMIDLIQ15,2018-05-11 09:15:00,5.777991455958381,SUSPECTED_CORPORATE_ACTION_OR_DATA_BREAK
NIFTYMIDLIQ15,2018-05-14 00:00:00,-0.8551230596152435,SUSPECTED_CORPORATE_ACTION_OR_DATA_BREAK
NIFTYMIDLIQ15,2018-05-14 09:15:00,5.869368997820067,SUSPECTED_CORPORATE_ACTION_OR_DATA_BREAK
NIFTYMIDLIQ15,2018-05-15 00:00:00,-0.8562976762057674,SUSPECTED_CORPORATE_ACTION_OR_DATA_BREAK
NIFTYMIDLIQ15,2018-05-15 09:15:00,5.935946713777544,SUSPECTED_CORPORATE_ACTION_OR_DATA_BREAK
NIFTYMIDLIQ15,2018-05-16 00:00:00,-0.8565842644031859,SUSPECTED_CORPORATE_ACTION_OR_DATA_BREAK
NIFTYMIDLIQ15,2018-05-16 09:15:00,5.965415446647145,SUSPECTED_CORPORATE_ACTION_OR_DATA_BREAK
NIFTYMIDLIQ15,2018-05-17 00:00:00,-0.8561995858328653,SUSPECTED_CORPORATE_ACTION_OR_DATA_BREAK
NIFTYMIDLIQ15,2018-05-17 09:15:00,5.952908786382293,SUSPECTED_CORPORATE_ACTION_OR_DATA_BREAK
NIFTYMIDLIQ15,2018-05-18 00:00:00,-0.8584804874350385,SUSPECTED_CORPORATE_ACTION_OR_DATA_BREAK
NIFTYMIDLIQ15,2018-05-18 09:15:00,5.9647388286862295,SUSPECTED_CORPORATE_ACTION_OR_DATA_BREAK
NIFTYMIDLIQ15,2018-05-21 00:00:00,-0.8588356229043346,SUSPECTED_CORPORATE_ACTION_OR_DATA_BREAK
NIFTYMIDLIQ15,2018-05-21 09:15:00,5.979603209986625,SUSPECTED_CORPORATE_ACTION_OR_DATA_BREAK
NIFTYMIDLIQ15,2018-05-22 00:00:00,-0.8558878899339767,SUSPECTED_CORPORATE_ACTION_OR_DATA_BREAK
NIFTYMIDLIQ15,2018-05-22 09:15:00,6.033366165968973,SUSPECTED_CORPORATE_ACTION_OR_DATA_BREAK
NIFTYMIDLIQ15,2018-05-23 00:00:00,-0.8583964989059081,SUSPECTED_CORPORATE_ACTION_OR_DATA_BREAK
NIFTYMIDLIQ15,2018-05-23 09:15:00,6.024588643977698,SUSPECTED_CORPORATE_ACTION_OR_DATA_BREAK
NIFTYMIDLIQ15,2018-05-24 00:00:00,-0.8595717197030759,SUSPECTED_CORPORATE_ACTION_OR_DATA_BREAK
NIFTYMIDLIQ15,2018-05-24 09:15:00,6.138592643649352,SUSPECTED_CORPORATE_ACTION_OR_DATA_BREAK
NIFTYMIDLIQ15,2018-05-25 00:00:00,-0.8559383031613836,SUSPECTED_CORPORATE_ACTION_OR_DATA_BREAK
NIFTYMIDLIQ15,2018-05-25 09:15:00,6.058992700552029,SUSPECTED_CORPORATE_ACTION_OR_DATA_BREAK
NIFTYMIDLIQ15,2018-05-28 00:00:00,-0.8559958430294785,SUSPECTED_CORPORATE_ACTION_OR_DATA_BREAK
NIFTYMIDLIQ15,2018-05-28 09:15:00,6.06021554359423,SUSPECTED_CORPORATE_ACTION_OR_DATA_BREAK
NIFTYMIDLIQ15,2018-05-29 00:00:00,-0.8601937032848735,SUSPECTED_CORPORATE_ACTION_OR_DATA_BREAK
NIFTYMIDLIQ15,2018-05-29 09:15:00,6.148296408211052,SUSPECTED_CORPORATE_ACTION_OR_DATA_BREAK
NIFTYMIDLIQ15,2018-05-30 00:00:00,-0.8594439111413159,SUSPECTED_CORPORATE_ACTION_OR_DATA_BREAK
NIFTYMIDLIQ15,2018-05-30 09:15:00,6.093951489100398,SUSPECTED_CORPORATE_ACTION_OR_DATA_BREAK
NIFTYMIDLIQ15,2018-05-31 00:00:00,-0.8598455868195009,SUSPECTED_CORPORATE_ACTION_OR_DATA_BREAK
NIFTYMIDLIQ15,2018-05-31 09:15:00,6.110197928317852,SUSPECTED_CORPORATE_ACTION_OR_DATA_BREAK
NIFTYMIDLIQ15,2018-06-01 00:00:00,-0.8610035771201106,SUSPECTED_CORPORATE_ACTION_OR_DATA_BREAK
NIFTYMIDLIQ15,2018-06-01 09:15:00,6.122242861887832,SUSPECTED_CORPORATE_ACTION_OR_DATA_BREAK
NIFTYMIDLIQ15,2018-06-04 00:00:00,-0.8609213071714799,SUSPECTED_CORPORATE_ACTION_OR_DATA_BREAK
NIFTYMIDLIQ15,2018-06-04 09:15:00,6.125905043404826,SUSPECTED_CORPORATE_ACTION_OR_DATA_BREAK
NIFTYMIDLIQ15,2018-06-05 00:00:00,-0.8617217250363812,SUSPECTED_CORPORATE_ACTION_OR_DATA_BREAK
NIFTYMIDLIQ15,2018-06-05 09:15:00,6.156537521111139,SUSPECTED_CORPORATE_ACTION_OR_DATA_BREAK
NIFTYMIDLIQ15,2018-06-06 00:00:00,-0.8579006505651499,SUSPECTED_CORPORATE_ACTION_OR_DATA_BREAK
NIFTYMIDLIQ15,2018-06-06 09:15:00,6.144771087921077,SUSPECTED_CORPORATE_ACTION_OR_DATA_BREAK
NIFTYMIDLIQ15,2018-06-07 00:00:00,-0.8589273230953904,SUSPECTED_CORPORATE_ACTION_OR_DATA_BREAK
NIFTYMIDLIQ15,2018-06-07 09:15:00,6.182118879571109,SUSPECTED_CORPORATE_ACTION_OR_DATA_BREAK
NIFTYMIDLIQ15,2018-06-08 00:00:00,-0.85962509394908,SUSPECTED_CORPORATE_ACTION_OR_DATA_BREAK
NIFTYMIDLIQ15,2018-06-08 09:15:00,6.152063615962532,SUSPECTED_CORPORATE_ACTION_OR_DATA_BREAK
NIFTYMIDLIQ15,2018-06-11 00:00:00,-0.861293766157582,SUSPECTED_CORPORATE_ACTION_OR_DATA_BREAK
NIFTYMIDLIQ15,2018-06-11 09:15:00,6.214042464254541,SUSPECTED_CORPORATE_ACTION_OR_DATA_BREAK
NIFTYMIDLIQ15,2018-06-12 00:00:00,-0.8598902831199949,SUSPECTED_CORPORATE_ACTION_OR_DATA_BREAK
NIFTYMIDLIQ15,2018-06-12 09:15:00,6.188252609044689,SUSPECTED_CORPORATE_ACTION_OR_DATA_BREAK
NIFTYMIDLIQ15,2018-06-13 00:00:00,-0.8614120732687508,SUSPECTED_CORPORATE_ACTION_OR_DATA_BREAK
NIFTYMIDLIQ15,2018-06-13 09:15:00,6.20163121779688,SUSPECTED_CORPORATE_ACTION_OR_DATA_BREAK
NIFTYMIDLIQ15,2018-06-14 00:00:00,-0.8607695802844219,SUSPECTED_CORPORATE_ACTION_OR_DATA_BREAK
NIFTYMIDLIQ15,2018-06-14 09:15:00,6.169990989016341,SUSPECTED_CORPORATE_ACTION_OR_DATA_BREAK
NIFTYMIDLIQ15,2018-06-15 00:00:00,-0.8611615892285169,SUSPECTED_CORPORATE_ACTION_OR_DATA_BREAK
NIFTYMIDLIQ15,2018-06-15 09:15:00,6.147559633027523,SUSPECTED_CORPORATE_ACTION_OR_DATA_BREAK
NIFTYMIDLIQ15,2018-06-18 00:00:00,-0.8600955309910956,SUSPECTED_CORPORATE_ACTION_OR_DATA_BREAK
NIFTYMIDLIQ15,2018-06-18 09:15:00,6.110816166756373,SUSPECTED_CORPORATE_ACTION_OR_DATA_BREAK
NIFTYMIDLIQ15,2018-06-19 00:00:00,-0.8616193154938543,SUSPECTED_CORPORATE_ACTION_OR_DATA_BREAK
NIFTYMIDLIQ15,2018-06-19 09:15:00,6.172526106414719,SUSPECTED_CORPORATE_ACTION_OR_DATA_BREAK
NIFTYMIDLIQ15,2018-06-20 00:00:00,-0.8594871723764989,SUSPECTED_CORPORATE_ACTION_OR_DATA_BREAK
NIFTYMIDLIQ15,2018-06-20 09:15:00,6.114481312446034,SUSPECTED_CORPORATE_ACTION_OR_DATA_BREAK
NIFTYMIDLIQ15,2018-06-21 00:00:00,-0.8610627094635479,SUSPECTED_CORPORATE_ACTION_OR_DATA_BREAK
NIFTYMIDLIQ15,2018-06-21 09:15:00,6.15688525613028,SUSPECTED_CORPORATE_ACTION_OR_DATA_BREAK
NIFTYMIDLIQ15,2018-06-22 00:00:00,-0.8597251694370001,SUSPECTED_CORPORATE_ACTION_OR_DATA_BREAK
NIFTYMIDLIQ15,2018-06-22 09:15:00,6.167047855811063,SUSPECTED_CORPORATE_ACTION_OR_DATA_BREAK
NIFTYMIDLIQ15,2018-06-25 00:00:00,-0.8611229142422072,SUSPECTED_CORPORATE_ACTION_OR_DATA_BREAK
NIFTYMIDLIQ15,2018-06-25 09:15:00,6.105263815173275,SUSPECTED_CORPORATE_ACTION_OR_DATA_BREAK
NIFTYMIDLIQ15,2018-06-26 00:00:00,-0.8584595591207725,SUSPECTED_CORPORATE_ACTION_OR_DATA_BREAK
NIFTYMIDLIQ15,2018-06-26 09:15:00,6.0795604122687195,SUSPECTED_CORPORATE_ACTION_OR_DATA_BREAK
NIFTYMIDLIQ15,2018-06-27 00:00:00,-0.8611372753312039,SUSPECTED_CORPORATE_ACTION_OR_DATA_BREAK
NIFTYMIDLIQ15,2018-06-27 09:15:00,6.103627728375101,SUSPECTED_CORPORATE_ACTION_OR_DATA_BREAK
NIFTYMIDLIQ15,2018-06-28 00:00:00,-0.8619794445037163,SUSPECTED_CORPORATE_ACTION_OR_DATA_BREAK
NIFTYMIDLIQ15,2018-06-28 09:15:00,6.155720175212574,SUSPECTED_CORPORATE_ACTION_OR_DATA_BREAK
NIFTYMIDLIQ15,2018-06-29 00:00:00,-0.857286376067422,SUSPECTED_CORPORATE_ACTION_OR_DATA_BREAK
NIFTYMIDLIQ15,2018-06-29 09:15:00,6.138329948149924,SUSPECTED_CORPORATE_ACTION_OR_DATA_BREAK
NIFTYMIDLIQ15,2018-07-02 00:00:00,-0.8609450828334813,SUSPECTED_CORPORATE_ACTION_OR_DATA_BREAK
NIFTYMIDLIQ15,2018-07-02 09:15:00,6.1280470755700165,SUSPECTED_CORPORATE_ACTION_OR_DATA_BREAK
NIFTYMIDLIQ15,2018-07-03 00:00:00,-0.8565906331294163,SUSPECTED_CORPORATE_ACTION_OR_DATA_BREAK
NIFTYMIDLIQ15,2018-07-03 09:15:00,6.004886175728264,SUSPECTED_CORPORATE_ACTION_OR_DATA_BREAK
NIFTYMIDLIQ15,2018-07-04 00:00:00,-0.8566798601373777,SUSPECTED_CORPORATE_ACTION_OR_DATA_BREAK
NIFTYMIDLIQ15,2018-07-04 09:15:00,5.963218903254569,SUSPECTED_CORPORATE_ACTION_OR_DATA_BREAK
NIFTYMIDLIQ15,2018-07-05 00:00:00,-0.858552713484365,SUSPECTED_CORPORATE_ACTION_OR_DATA_BREAK
NIFTYMIDLIQ15,2018-07-05 09:15:00,6.041040600520551,SUSPECTED_CORPORATE_ACTION_OR_DATA_BREAK
NIFTYMIDLIQ15,2018-07-06 00:00:00,-0.8573790896476845,SUSPECTED_CORPORATE_ACTION_OR_DATA_BREAK
NIFTYMIDLIQ15,2018-07-06 09:15:00,6.048907531459338,SUSPECTED_CORPORATE_ACTION_OR_DATA_BREAK
NIFTYMIDLIQ15,2018-07-09 00:00:00,-0.8543078472576253,SUSPECTED_CORPORATE_ACTION_OR_DATA_BREAK
NIFTYMIDLIQ15,2018-07-09 09:15:00,5.915824382155355,SUSPECTED_CORPORATE_ACTION_OR_DATA_BREAK
NIFTYMIDLIQ15,2018-07-10 00:00:00,-0.8556632330152373,SUSPECTED_CORPORATE_ACTION_OR_DATA_BREAK
NIFTYMIDLIQ15,2018-07-10 09:15:00,6.000097713504006,SUSPECTED_CORPORATE_ACTION_OR_DATA_BREAK
NIFTYMIDLIQ15,2018-07-11 00:00:00,-0.8582702857382152,SUSPECTED_CORPORATE_ACTION_OR_DATA_BREAK
NIFTYMIDLIQ15,2018-07-11 09:15:00,5.9986580816723505,SUSPECTED_CORPORATE_ACTION_OR_DATA_BREAK
NIFTYMIDLIQ15,2018-07-12 00:00:00,-0.8586018857303688,SUSPECTED_CORPORATE_ACTION_OR_DATA_BREAK
NIFTYMIDLIQ15,2018-07-12 09:15:00,6.0580975840362274,SUSPECTED_CORPORATE_ACTION_OR_DATA_BREAK
NIFTYMIDLIQ15,2018-07-13 00:00:00,-0.8605784145068953,SUSPECTED_CORPORATE_ACTION_OR_DATA_BREAK
NIFTYMIDLIQ15,2018-07-13 09:15:00,6.139026548672566,SUSPECTED_CORPORATE_ACTION_OR_DATA_BREAK
NIFTYMIDLIQ15,2018-07-16 00:00:00,-0.8635516037804345,SUSPECTED_CORPORATE_ACTION_OR_DATA_BREAK
NIFTYMIDLIQ15,2018-07-16 09:15:00,6.162033431968022,SUSPECTED_CORPORATE_ACTION_OR_DATA_BREAK
NIFTYMIDLIQ15,2018-07-17 00:00:00,-0.8545417315243844,SUSPECTED_CORPORATE_ACTION_OR_DATA_BREAK
NIFTYMIDLIQ15,2018-07-17 09:15:00,5.952535785028216,SUSPECTED_CORPORATE_ACTION_OR_DATA_BREAK
NIFTYMIDLIQ15,2018-07-18 00:00:00,-0.8586277766728126,SUSPECTED_CORPORATE_ACTION_OR_DATA_BREAK
NIFTYMIDLIQ15,2018-07-18 09:15:00,5.994144338259525,SUSPECTED_CORPORATE_ACTION_OR_DATA_BREAK
NIFTYMIDLIQ15,2018-07-19 00:00:00,-0.8579547101974543,SUSPECTED_CORPORATE_ACTION_OR_DATA_BREAK
NIFTYMIDLIQ15,2018-07-19 09:15:00,6.001160951214534,SUSPECTED_CORPORATE_ACTION_OR_DATA_BREAK
NIFTYMIDLIQ15,2018-07-20 00:00:00,-0.8555957862819095,SUSPECTED_CORPORATE_ACTION_OR_DATA_BREAK
NIFTYMIDLIQ15,2018-07-20 09:15:00,5.964048658607375,SUSPECTED_CORPORATE_ACTION_OR_DATA_BREAK
NIFTYMIDLIQ15,2018-07-23 00:00:00,-0.8548995874050733,SUSPECTED_CORPORATE_ACTION_OR_DATA_BREAK
NIFTYMIDLIQ15,2018-07-23 09:51:00,6.009715648688138,SUSPECTED_CORPORATE_ACTION_OR_DATA_BREAK
NIFTYMIDLIQ15,2018-07-24 00:00:00,-0.8557303627005773,SUSPECTED_CORPORATE_ACTION_OR_DATA_BREAK
NIFTYMIDLIQ15,2018-07-24 09:15:00,6.109383682592212,SUSPECTED_CORPORATE_ACTION_OR_DATA_BREAK
NIFTYMIDLIQ15,2018-07-25 00:00:00,-0.8595822658387251,SUSPECTED_CORPORATE_ACTION_OR_DATA_BREAK
NIFTYMIDLIQ15,2018-07-25 09:15:00,6.114692857672992,SUSPECTED_CORPORATE_ACTION_OR_DATA_BREAK
NIFTYMIDLIQ15,2018-07-26 00:00:00,-0.8582322320860413,SUSPECTED_CORPORATE_ACTION_OR_DATA_BREAK
NIFTYMIDLIQ15,2018-07-26 09:15:00,6.1195118960019625,SUSPECTED_CORPORATE_ACTION_OR_DATA_BREAK
NIFTYMIDLIQ15,2018-07-27 00:00:00,-0.8574066577666767,SUSPECTED_CORPORATE_ACTION_OR_DATA_BREAK
NIFTYMIDLIQ15,2018-07-27 09:15:00,6.069051329443458,SUSPECTED_CORPORATE_ACTION_OR_DATA_BREAK
NIFTYMIDLIQ15,2018-07-30 00:00:00,-0.8579658184216867,SUSPECTED_CORPORATE_ACTION_OR_DATA_BREAK
NIFTYMIDLIQ15,2018-07-30 09:15:00,6.113975984791972,SUSPECTED_CORPORATE_ACTION_OR_DATA_BREAK
NIFTYMIDLIQ15,2018-07-31 00:00:00,-0.8589854736660516,SUSPECTED_CORPORATE_ACTION_OR_DATA_BREAK
NIFTYMIDLIQ15,2018-07-31 09:15:00,6.121931737225016,SUSPECTED_CORPORATE_ACTION_OR_DATA_BREAK
NIFTYMIDLIQ15,2018-08-01 00:00:00,-0.8606021107726196,SUSPECTED_CORPORATE_ACTION_OR_DATA_BREAK
NIFTYMIDLIQ15,2018-08-01 09:15:00,6.196083405818111,SUSPECTED_CORPORATE_ACTION_OR_DATA_BREAK
NIFTYMIDLIQ15,2018-08-02 00:00:00,-0.8605805631707861,SUSPECTED_CORPORATE_ACTION_OR_DATA_BREAK
NIFTYMIDLIQ15,2018-08-02 09:15:00,6.153057906968343,SUSPECTED_CORPORATE_ACTION_OR_DATA_BREAK
NIFTYMIDLIQ15,2018-08-03 00:00:00,-0.859426974614504,SUSPECTED_CORPORATE_ACTION_OR_DATA_BREAK
NIFTYMIDLIQ15,2018-08-03 09:15:00,6.162084161617129,SUSPECTED_CORPORATE_ACTION_OR_DATA_BREAK
NIFTYMIDLIQ15,2018-08-06 00:00:00,-0.8599548218707624,SUSPECTED_CORPORATE_ACTION_OR_DATA_BREAK
NIFTYMIDLIQ15,2018-08-06 09:15:00,6.15122651263524,SUSPECTED_CORPORATE_ACTION_OR_DATA_BREAK
NIFTYMIDLIQ15,2018-08-07 00:00:00,-0.8610216521334089,SUSPECTED_CORPORATE_ACTION_OR_DATA_BREAK
NIFTYMIDLIQ15,2018-08-07 09:15:00,6.191929748690597,SUSPECTED_CORPORATE_ACTION_OR_DATA_BREAK
NIFTYMIDLIQ15,2018-08-08 00:00:00,-0.8611022490959352,SUSPECTED_CORPORATE_ACTION_OR_DATA_BREAK
NIFTYMIDLIQ15,2018-08-08 09:15:00,6.210904805425946,SUSPECTED_CORPORATE_ACTION_OR_DATA_BREAK
NIFTYMIDLIQ15,2018-08-09 00:00:00,-0.8606657438753899,SUSPECTED_CORPORATE_ACTION_OR_DATA_BREAK
NIFTYMIDLIQ15,2018-08-09 09:15:00,6.203808543489449,SUSPECTED_CORPORATE_ACTION_OR_DATA_BREAK
NIFTYMIDLIQ15,2018-08-10 00:00:00,-0.8612293996554079,SUSPECTED_CORPORATE_ACTION_OR_DATA_BREAK
NIFTYMIDLIQ15,2018-08-10 09:15:00,6.152067718684897,SUSPECTED_CORPORATE_ACTION_OR_DATA_BREAK
NIFTYMIDLIQ15,2018-08-13 00:00:00,-0.8617990976889789,SUSPECTED_CORPORATE_ACTION_OR_DATA_BREAK
NIFTYMIDLIQ15,2018-08-13 09:15:00,6.158161225849433,SUSPECTED_CORPORATE_ACTION_OR_DATA_BREAK
NIFTYMIDLIQ15,2018-08-14 00:00:00,-0.8589980065725571,SUSPECTED_CORPORATE_ACTION_OR_DATA_BREAK
NIFTYMIDLIQ15,2018-08-14 09:15:00,6.131318707695262,SUSPECTED_CORPORATE_ACTION_OR_DATA_BREAK
NIFTYMIDLIQ15,2018-08-16 00:00:00,-0.8601184766328402,SUSPECTED_CORPORATE_ACTION_OR_DATA_BREAK
NIFTYMIDLIQ15,2018-08-16 09:15:00,6.097775478530782,SUSPECTED_CORPORATE_ACTION_OR_DATA_BREAK
NIFTYMIDLIQ15,2018-08-17 00:00:00,-0.8584432842904604,SUSPECTED_CORPORATE_ACTION_OR_DATA_BREAK
NIFTYMIDLIQ15,2018-08-17 09:15:00,6.1703259859566435,SUSPECTED_CORPORATE_ACTION_OR_DATA_BREAK
NIFTYMIDLIQ15,2018-08-20 00:00:00,-0.8584251537205209,SUSPECTED_CORPORATE_ACTION_OR_DATA_BREAK
NIFTYMIDLIQ15,2018-08-20 09:15:00,6.1449567689349704,SUSPECTED_CORPORATE_ACTION_OR_DATA_BREAK
NIFTYMIDLIQ15,2018-08-21 00:00:00,-0.8602557583601881,SUSPECTED_CORPORATE_ACTION_OR_DATA_BREAK
NIFTYMIDLIQ15,2018-08-21 09:15:00,6.186881992273795,SUSPECTED_CORPORATE_ACTION_OR_DATA_BREAK
NIFTYMIDLIQ15,2018-08-23 00:00:00,-0.8606537705392309,SUSPECTED_CORPORATE_ACTION_OR_DATA_BREAK
NIFTYMIDLIQ15,2018-08-23 09:15:00,6.217550813367779,SUSPECTED_CORPORATE_ACTION_OR_DATA_BREAK
NIFTYMIDLIQ15,2018-08-24 00:00:00,-0.8624183813061933,SUSPECTED_CORPORATE_ACTION_OR_DATA_BREAK
NIFTYMIDLIQ15,2018-08-24 09:15:00,6.257768675351458,SUSPECTED_CORPORATE_ACTION_OR_DATA_BREAK
NIFTYMIDLIQ15,2018-08-27 00:00:00,-0.8610263150572148,SUSPECTED_CORPORATE_ACTION_OR_DATA_BREAK
NIFTYMIDLIQ15,2018-08-27 09:15:00,6.2568635533831936,SUSPECTED_CORPORATE_ACTION_OR_DATA_BREAK
NIFTYMIDLIQ15,2018-08-28 00:00:00,-0.8623571762445142,SUSPECTED_CORPORATE_ACTION_OR_DATA_BREAK
NIFTYMIDLIQ15,2018-08-28 09:15:00,6.255959947080338,SUSPECTED_CORPORATE_ACTION_OR_DATA_BREAK
NIFTYMIDLIQ15,2018-08-29 00:00:00,-0.8611597726216438,SUSPECTED_CORPORATE_ACTION_OR_DATA_BREAK
NIFTYMIDLIQ15,2018-08-29 09:15:00,6.252583775179372,SUSPECTED_CORPORATE_ACTION_OR_DATA_BREAK
NIFTYMIDLIQ15,2018-08-30 00:00:00,-0.8612175799134658,SUSPECTED_CORPORATE_ACTION_OR_DATA_BREAK
NIFTYMIDLIQ15,2018-08-30 09:15:00,6.232362346648061,SUSPECTED_CORPORATE_ACTION_OR_DATA_BREAK
NIFTYMIDLIQ15,2018-08-31 00:00:00,-0.8612984707700173,SUSPECTED_CORPORATE_ACTION_OR_DATA_BREAK
NIFTYMIDLIQ15,2018-08-31 09:15:00,6.245510925636121,SUSPECTED_CORPORATE_ACTION_OR_DATA_BREAK
NIFTYMIDLIQ15,2018-09-03 00:00:00,-0.8630810483909676,SUSPECTED_CORPORATE_ACTION_OR_DATA_BREAK
NIFTYMIDLIQ15,2018-09-03 09:15:00,6.249967865948422,SUSPECTED_CORPORATE_ACTION_OR_DATA_BREAK
NIFTYMIDLIQ15,2018-09-04 00:00:00,-0.86645713963365,SUSPECTED_CORPORATE_ACTION_OR_DATA_BREAK
NIFTYMIDLIQ15,2018-09-04 09:15:00,6.259546683402529,SUSPECTED_CORPORATE_ACTION_OR_DATA_BREAK
NIFTYMIDLIQ15,2018-09-05 00:00:00,-0.8617781967324858,SUSPECTED_CORPORATE_ACTION_OR_DATA_BREAK
NIFTYMIDLIQ15,2018-09-05 09:15:00,6.191508299254269,SUSPECTED_CORPORATE_ACTION_OR_DATA_BREAK
NIFTYMIDLIQ15,2018-09-06 00:00:00,-0.8596642928105275,SUSPECTED_CORPORATE_ACTION_OR_DATA_BREAK
NIFTYMIDLIQ15,2018-09-06 09:15:00,6.1759805498945255,SUSPECTED_CORPORATE_ACTION_OR_DATA_BREAK
NIFTYMIDLIQ15,2018-09-07 00:00:00,-0.8588126852843726,SUSPECTED_CORPORATE_ACTION_OR_DATA_BREAK
NIFTYMIDLIQ15,2018-09-07 09:15:00,6.162061380291962,SUSPECTED_CORPORATE_ACTION_OR_DATA_BREAK
NIFTYMIDLIQ15,2018-09-10 00:00:00,-0.8637785084765806,SUSPECTED_CORPORATE_ACTION_OR_DATA_BREAK
NIFTYMIDLIQ15,2018-09-10 09:15:00,6.212517633441445,SUSPECTED_CORPORATE_ACTION_OR_DATA_BREAK
NIFTYMIDLIQ15,2018-09-11 00:00:00,-0.8636072611288217,SUSPECTED_CORPORATE_ACTION_OR_DATA_BREAK
NIFTYMIDLIQ15,2018-09-11 09:15:00,6.19714425787474,SUSPECTED_CORPORATE_ACTION_OR_DATA_BREAK
NIFTYMIDLIQ15,2018-09-12 00:00:00,-0.8601125652444165,SUSPECTED_CORPORATE_ACTION_OR_DATA_BREAK
NIFTYMIDLIQ15,2018-09-12 09:15:00,6.181875730424621,SUSPECTED_CORPORATE_ACTION_OR_DATA_BREAK
NIFTYMIDLIQ15,2018-09-14 00:00:00,-0.8564771810396848,SUSPECTED_CORPORATE_ACTION_OR_DATA_BREAK
NIFTYMIDLIQ15,2018-09-14 09:15:00,6.091507127587958,SUSPECTED_CORPORATE_ACTION_OR_DATA_BREAK
NIFTYMIDLIQ15,2018-09-17 00:00:00,-0.8600854366344961,SUSPECTED_CORPORATE_ACTION_OR_DATA_BREAK
NIFTYMIDLIQ15,2018-09-17 09:15:00,6.087143350275559,SUSPECTED_CORPORATE_ACTION_OR_DATA_BREAK
NIFTYMIDLIQ15,2018-09-18 00:00:00,-0.8609568725457593,SUSPECTED_CORPORATE_ACTION_OR_DATA_BREAK
NIFTYMIDLIQ15,2018-09-18 09:15:00,6.0891575870316235,SUSPECTED_CORPORATE_ACTION_OR_DATA_BREAK
NIFTYMIDLIQ15,2018-09-19 00:00:00,-0.8598991621839447,SUSPECTED_CORPORATE_ACTION_OR_DATA_BREAK
NIFTYMIDLIQ15,2018-09-19 09:15:00,6.106946005244287,SUSPECTED_CORPORATE_ACTION_OR_DATA_BREAK
NIFTYMIDLIQ15,2018-09-21 00:00:00,-0.8620611171671917,SUSPECTED_CORPORATE_ACTION_OR_DATA_BREAK
NIFTYMIDLIQ15,2018-09-21 09:15:00,6.104273928416351,SUSPECTED_CORPORATE_ACTION_OR_DATA_BREAK
NIFTYMIDLIQ15,2018-09-24 00:00:00,-0.8617351215423302,SUSPECTED_CORPORATE_ACTION_OR_DATA_BREAK
NIFTYMIDLIQ15,2018-09-24 09:15:00,6.013173183793068,SUSPECTED_CORPORATE_ACTION_OR_DATA_BREAK
NIFTYMIDLIQ15,2018-09-25 00:00:00,-0.8552771149430463,SUSPECTED_CORPORATE_ACTION_OR_DATA_BREAK
NIFTYMIDLIQ15,2018-09-25 09:15:00,5.973793257923619,SUSPECTED_CORPORATE_ACTION_OR_DATA_BREAK
NIFTYMIDLIQ15,2018-09-26 00:00:00,-0.8556014139370224,SUSPECTED_CORPORATE_ACTION_OR_DATA_BREAK
NIFTYMIDLIQ15,2018-09-26 09:15:00,5.945924571202609,SUSPECTED_CORPORATE_ACTION_OR_DATA_BREAK
NIFTYMIDLIQ15,2018-09-27 00:00:00,-0.8595123218263202,SUSPECTED_CORPORATE_ACTION_OR_DATA_BREAK
NIFTYMIDLIQ15,2018-09-27 09:15:00,5.999493459293123,SUSPECTED_CORPORATE_ACTION_OR_DATA_BREAK
NIFTYMIDLIQ15,2018-09-28 00:00:00,-0.8602407328003416,SUSPECTED_CORPORATE_ACTION_OR_DATA_BREAK
NIFTYMIDLIQ15,2018-09-28 09:15:00,6.064557469999612,SUSPECTED_CORPORATE_ACTION_OR_DATA_BREAK
NIFTYMIDLIQ15,2018-10-01 00:00:00,-0.8553991900756784,SUSPECTED_CORPORATE_ACTION_OR_DATA_BREAK
NIFTYMIDLIQ15,2018-10-01 09:15:00,5.921014281550568,SUSPECTED_CORPORATE_ACTION_OR_DATA_BREAK
NIFTYMIDLIQ15,2018-10-03 00:00:00,-0.8579458691440939,SUSPECTED_CORPORATE_ACTION_OR_DATA_BREAK
NIFTYMIDLIQ15,2018-10-03 09:15:00,5.949719014229738,SUSPECTED_CORPORATE_ACTION_OR_DATA_BREAK
NIFTYMIDLIQ15,2018-10-04 00:00:00,-0.8596034399939168,SUSPECTED_CORPORATE_ACTION_OR_DATA_BREAK
NIFTYMIDLIQ15,2018-10-04 09:15:00,6.0116644649933955,SUSPECTED_CORPORATE_ACTION_OR_DATA_BREAK
NIFTYMIDLIQ15,2018-10-05 00:00:00,-0.8624503799104342,SUSPECTED_CORPORATE_ACTION_OR_DATA_BREAK
NIFTYMIDLIQ15,2018-10-05 09:15:00,6.09590598419373,SUSPECTED_CORPORATE_ACTION_OR_DATA_BREAK
NIFTYMIDLIQ15,2018-10-08 00:00:00,-0.8612201171667648,SUSPECTED_CORPORATE_ACTION_OR_DATA_BREAK
NIFTYMIDLIQ15,2018-10-08 09:15:00,6.130826042811244,SUSPECTED_CORPORATE_ACTION_OR_DATA_BREAK
NIFTYMIDLIQ15,2018-10-09 00:00:00,-0.8589426255888118,SUSPECTED_CORPORATE_ACTION_OR_DATA_BREAK
NIFTYMIDLIQ15,2018-10-09 09:15:00,6.052172349899057,SUSPECTED_CORPORATE_ACTION_OR_DATA_BREAK
NIFTYMIDLIQ15,2018-10-10 00:00:00,-0.8507742172043474,SUSPECTED_CORPORATE_ACTION_OR_DATA_BREAK
NIFTYMIDLIQ15,2018-10-10 09:15:00,5.917902897312922,SUSPECTED_CORPORATE_ACTION_OR_DATA_BREAK
NIFTYMIDLIQ15,2018-10-11 00:00:00,-0.8603650232579342,SUSPECTED_CORPORATE_ACTION_OR_DATA_BREAK
NIFTYMIDLIQ15,2018-10-11 09:15:00,6.0273817944393056,SUSPECTED_CORPORATE_ACTION_OR_DATA_BREAK
NIFTYMIDLIQ15,2018-10-12 00:00:00,-0.8541998548270022,SUSPECTED_CORPORATE_ACTION_OR_DATA_BREAK
NIFTYMIDLIQ15,2018-10-12 09:15:00,6.003982794328501,SUSPECTED_CORPORATE_ACTION_OR_DATA_BREAK
NIFTYMIDLIQ15,2018-10-15 00:00:00,-0.8563692263366998,SUSPECTED_CORPORATE_ACTION_OR_DATA_BREAK
NIFTYMIDLIQ15,2018-10-15 09:15:00,5.991501154734411,SUSPECTED_CORPORATE_ACTION_OR_DATA_BREAK
NIFTYMIDLIQ15,2018-10-16 00:00:00,-0.8546172852556055,SUSPECTED_CORPORATE_ACTION_OR_DATA_BREAK
NIFTYMIDLIQ15,2018-10-16 09:15:00,5.975149634515262,SUSPECTED_CORPORATE_ACTION_OR_DATA_BREAK
NIFTYMIDLIQ15,2018-10-17 00:00:00,-0.8604236895350807,SUSPECTED_CORPORATE_ACTION_OR_DATA_BREAK
NIFTYMIDLIQ15,2018-10-17 09:15:00,6.00864172834567,SUSPECTED_CORPORATE_ACTION_OR_DATA_BREAK
NIFTYMIDLIQ15,2018-10-19 00:00:00,-0.8593207406434868,SUSPECTED_CORPORATE_ACTION_OR_DATA_BREAK
NIFTYMIDLIQ15,2018-10-19 09:15:00,6.0479758700445,SUSPECTED_CORPORATE_ACTION_OR_DATA_BREAK
NIFTYMIDLIQ15,2018-10-22 00:00:00,-0.8596812761237281,SUSPECTED_CORPORATE_ACTION_OR_DATA_BREAK
NIFTYMIDLIQ15,2018-10-22 09:15:00,6.094232531422241,SUSPECTED_CORPORATE_ACTION_OR_DATA_BREAK
NIFTYMIDLIQ15,2018-10-23 00:00:00,-0.8592447788644499,SUSPECTED_CORPORATE_ACTION_OR_DATA_BREAK
NIFTYMIDLIQ15,2018-10-23 09:15:00,6.014011587295065,SUSPECTED_CORPORATE_ACTION_OR_DATA_BREAK
NIFTYMIDLIQ15,2018-10-24 00:00:00,-0.8549033391915641,SUSPECTED_CORPORATE_ACTION_OR_DATA_BREAK
NIFTYMIDLIQ15,2018-10-24 09:15:00,5.917178079242033,SUSPECTED_CORPORATE_ACTION_OR_DATA_BREAK
NIFTYMIDLIQ15,2018-10-25 00:00:00,-0.8562806678937067,SUSPECTED_CORPORATE_ACTION_OR_DATA_BREAK
NIFTYMIDLIQ15,2018-10-25 09:15:00,5.859749824010397,SUSPECTED_CORPORATE_ACTION_OR_DATA_BREAK
NIFTYMIDLIQ15,2018-10-26 00:00:00,-0.8561561111154966,SUSPECTED_CORPORATE_ACTION_OR_DATA_BREAK
NIFTYMIDLIQ15,2018-10-26 09:15:00,5.96115958731204,SUSPECTED_CORPORATE_ACTION_OR_DATA_BREAK
NIFTYMIDLIQ15,2018-10-29 00:00:00,-0.850295140770815,SUSPECTED_CORPORATE_ACTION_OR_DATA_BREAK
NIFTYMIDLIQ15,2018-10-29 09:15:00,5.8371995049895995,SUSPECTED_CORPORATE_ACTION_OR_DATA_BREAK
NIFTYMIDLIQ15,2018-10-30 00:00:00,-0.8516867562675704,SUSPECTED_CORPORATE_ACTION_OR_DATA_BREAK
NIFTYMIDLIQ15,2018-10-30 09:15:00,5.778227848101266,SUSPECTED_CORPORATE_ACTION_OR_DATA_BREAK
NIFTYMIDLIQ15,2018-10-31 00:00:00,-0.8490058284635114,SUSPECTED_CORPORATE_ACTION_OR_DATA_BREAK
NIFTYMIDLIQ15,2018-10-31 09:15:00,5.739905876980452,SUSPECTED_CORPORATE_ACTION_OR_DATA_BREAK
NIFTYMIDLIQ15,2018-11-01 00:00:00,-0.8508959642555338,SUSPECTED_CORPORATE_ACTION_OR_DATA_BREAK
NIFTYMIDLIQ15,2018-11-01 09:15:00,5.747737399492571,SUSPECTED_CORPORATE_ACTION_OR_DATA_BREAK
NIFTYMIDLIQ15,2018-11-02 00:00:00,-0.8502439316392805,SUSPECTED_CORPORATE_ACTION_OR_DATA_BREAK
NIFTYMIDLIQ15,2018-11-02 09:15:00,5.77897971420006,SUSPECTED_CORPORATE_ACTION_OR_DATA_BREAK
NIFTYMIDLIQ15,2018-11-05 00:00:00,-0.8540458966128491,SUSPECTED_CORPORATE_ACTION_OR_DATA_BREAK
NIFTYMIDLIQ15,2018-11-05 09:15:00,5.8728679821737435,SUSPECTED_CORPORATE_ACTION_OR_DATA_BREAK
NIFTYMIDLIQ15,2018-11-06 00:00:00,-0.8556318688888358,SUSPECTED_CORPORATE_ACTION_OR_DATA_BREAK
NIFTYMIDLIQ15,2018-11-06 09:15:00,5.887203694985558,SUSPECTED_CORPORATE_ACTION_OR_DATA_BREAK
NIFTYMIDLIQ15,2018-11-07 00:00:00,-0.8539792272477027,SUSPECTED_CORPORATE_ACTION_OR_DATA_BREAK
NIFTYMIDLIQ15,2018-11-07 17:30:00,5.894874682118955,SUSPECTED_CORPORATE_ACTION_OR_DATA_BREAK
NIFTYMIDLIQ15,2018-11-09 00:00:00,-0.853109563200505,SUSPECTED_CORPORATE_ACTION_OR_DATA_BREAK
NIFTYMIDLIQ15,2018-11-09 09:15:00,5.837589006870706,SUSPECTED_CORPORATE_ACTION_OR_DATA_BREAK
NIFTYMIDLIQ15,2018-11-12 00:00:00,-0.8545279154616159,SUSPECTED_CORPORATE_ACTION_OR_DATA_BREAK
NIFTYMIDLIQ15,2018-11-12 09:15:00,5.794823168893801,SUSPECTED_CORPORATE_ACTION_OR_DATA_BREAK
NIFTYMIDLIQ15,2018-11-13 00:00:00,-0.8519789069387891,SUSPECTED_CORPORATE_ACTION_OR_DATA_BREAK
NIFTYMIDLIQ15,2018-11-13 09:15:00,5.773337995105139,SUSPECTED_CORPORATE_ACTION_OR_DATA_BREAK
NIFTYMIDLIQ15,2018-11-14 00:00:00,-0.8526978297900581,SUSPECTED_CORPORATE_ACTION_OR_DATA_BREAK
NIFTYMIDLIQ15,2018-11-14 09:15:00,5.795649670846787,SUSPECTED_CORPORATE_ACTION_OR_DATA_BREAK
NIFTYMIDLIQ15,2018-11-15 00:00:00,-0.8513681752384039,SUSPECTED_CORPORATE_ACTION_OR_DATA_BREAK
NIFTYMIDLIQ15,2018-11-15 09:15:00,5.754141626912831,SUSPECTED_CORPORATE_ACTION_OR_DATA_BREAK
NIFTYMIDLIQ15,2018-11-16 00:00:00,-0.8523371241237734,SUSPECTED_CORPORATE_ACTION_OR_DATA_BREAK
NIFTYMIDLIQ15,2018-11-16 09:15:00,5.798198533979376,SUSPECTED_CORPORATE_ACTION_OR_DATA_BREAK
NIFTYMIDLIQ15,2018-11-19 00:00:00,-0.8516211094196317,SUSPECTED_CORPORATE_ACTION_OR_DATA_BREAK
NIFTYMIDLIQ15,2018-11-19 09:15:00,5.776194405783892,SUSPECTED_CORPORATE_ACTION_OR_DATA_BREAK
NIFTYMIDLIQ15,2018-11-20 00:00:00,-0.8553327541142128,SUSPECTED_CORPORATE_ACTION_OR_DATA_BREAK
NIFTYMIDLIQ15,2018-11-20 09:15:00,5.825683808470807,SUSPECTED_CORPORATE_ACTION_OR_DATA_BREAK
NIFTYMIDLIQ15,2018-11-21 00:00:00,-0.851414508258431,SUSPECTED_CORPORATE_ACTION_OR_DATA_BREAK
NIFTYMIDLIQ15,2018-11-21 09:15:00,5.782646399326073,SUSPECTED_CORPORATE_ACTION_OR_DATA_BREAK
NIFTYMIDLIQ15,2018-11-22 00:00:00,-0.8542178841355831,SUSPECTED_CORPORATE_ACTION_OR_DATA_BREAK
NIFTYMIDLIQ15,2018-11-22 09:15:00,5.812531322040694,SUSPECTED_CORPORATE_ACTION_OR_DATA_BREAK
NIFTYMIDLIQ15,2018-11-26 00:00:00,-0.8531583506360472,SUSPECTED_CORPORATE_ACTION_OR_DATA_BREAK
NIFTYMIDLIQ15,2018-11-26 09:15:00,5.83505541987601,SUSPECTED_CORPORATE_ACTION_OR_DATA_BREAK
NIFTYMIDLIQ15,2018-11-27 00:00:00,-0.8538749782407535,SUSPECTED_CORPORATE_ACTION_OR_DATA_BREAK
NIFTYMIDLIQ15,2018-11-27 09:15:00,5.836608273665467,SUSPECTED_CORPORATE_ACTION_OR_DATA_BREAK
NIFTYMIDLIQ15,2018-11-28 00:00:00,-0.8557755975341114,SUSPECTED_CORPORATE_ACTION_OR_DATA_BREAK
NIFTYMIDLIQ15,2018-11-28 09:15:00,5.915580369065635,SUSPECTED_CORPORATE_ACTION_OR_DATA_BREAK
NIFTYMIDLIQ15,2018-11-29 00:00:00,-0.8547608495363006,SUSPECTED_CORPORATE_ACTION_OR_DATA_BREAK
NIFTYMIDLIQ15,2018-11-29 09:15:00,5.936248069082529,SUSPECTED_CORPORATE_ACTION_OR_DATA_BREAK
NIFTYMIDLIQ15,2018-11-30 00:00:00,-0.856092703505406,SUSPECTED_CORPORATE_ACTION_OR_DATA_BREAK
NIFTYMIDLIQ15,2018-11-30 09:15:00,6.000456655757668,SUSPECTED_CORPORATE_ACTION_OR_DATA_BREAK
NIFTYMIDLIQ15,2018-12-03 00:00:00,-0.8568676908134828,SUSPECTED_CORPORATE_ACTION_OR_DATA_BREAK
NIFTYMIDSML400,2015-11-16 09:00:07,-0.5668098444392848,SUSPECTED_CORPORATE_ACTION_OR_DATA_BREAK
NIFTYMIDSML400,2015-11-17 00:00:00,1.3206753316360715,SUSPECTED_CORPORATE_ACTION_OR_DATA_BREAK
NIFTYMIDSML400,2015-11-17 09:00:07,-0.5672201949281722,SUSPECTED_CORPORATE_ACTION_OR_DATA_BREAK
NIFTYMIDSML400,2015-11-18 00:00:00,1.295274434986792,SUSPECTED_CORPORATE_ACTION_OR_DATA_BREAK
NIFTYMIDSML400,2015-11-18 09:00:06,-0.5671936758893281,SUSPECTED_CORPORATE_ACTION_OR_DATA_BREAK
NIFTYMIDSML400,2015-11-19 00:00:00,1.3376309427880742,SUSPECTED_CORPORATE_ACTION_OR_DATA_BREAK
NIFTYMIDSML400,2015-11-19 09:00:06,-0.5677812248649892,SUSPECTED_CORPORATE_ACTION_OR_DATA_BREAK
NIFTYMIDSML400,2015-11-20 00:00:00,1.3276265418970654,SUSPECTED_CORPORATE_ACTION_OR_DATA_BREAK
NIFTYMIDSML400,2015-11-20 09:00:05,-0.5693841655626113,SUSPECTED_CORPORATE_ACTION_OR_DATA_BREAK
NIFTYMIDSML400,2015-11-23 00:00:00,1.3285680184600692,SUSPECTED_CORPORATE_ACTION_OR_DATA_BREAK
NMDC,2022-10-27 00:00:00,0.8571428571428572,SUSPECTED_CORPORATE_ACTION_OR_DATA_BREAK
OFSS,2003-07-10 00:00:00,0.4282608695652175,SUSPECTED_CORPORATE_ACTION_OR_DATA_BREAK
OFSS,2004-05-18 00:00:00,0.46696035242290757,SUSPECTED_CORPORATE_ACTION_OR_DATA_BREAK
PNB,2017-10-25 00:00:00,0.4620335606466939,SUSPECTED_CORPORATE_ACTION_OR_DATA_BREAK
RAMCOCEM,2003-11-06 00:00:00,9.12017167381974,SUSPECTED_CORPORATE_ACTION_OR_DATA_BREAK
RAMCOCEM,2003-11-07 00:00:00,-0.8992083686740175,SUSPECTED_CORPORATE_ACTION_OR_DATA_BREAK
SBICARD,2020-03-16 00:00:00,1.1769968051118211,SUSPECTED_CORPORATE_ACTION_OR_DATA_BREAK
TATACHEM,2020-03-04 00:00:00,-0.5623567011741819,SUSPECTED_CORPORATE_ACTION_OR_DATA_BREAK
VEDL,2004-12-14 00:00:00,inf,SUSPECTED_CORPORATE_ACTION_OR_DATA_BREAK
VEDL,2004-12-15 00:00:00,-1.0,SUSPECTED_CORPORATE_ACTION_OR_DATA_BREAK
VEDL,2004-12-16 00:00:00,inf,SUSPECTED_CORPORATE_ACTION_OR_DATA_BREAK
VEDL,2004-12-17 00:00:00,0.6666666666666665,SUSPECTED_CORPORATE_ACTION_OR_DATA_BREAK
VEDL,2004-12-20 00:00:00,0.8,SUSPECTED_CORPORATE_ACTION_OR_DATA_BREAK
VEDL,2005-01-07 00:00:00,0.4444444444444444,SUSPECTED_CORPORATE_ACTION_OR_DATA_BREAK
VEDL,2005-01-11 00:00:00,-0.42105263157894735,SUSPECTED_CORPORATE_ACTION_OR_DATA_BREAK
VEDL,2005-01-12 00:00:00,-1.0,SUSPECTED_CORPORATE_ACTION_OR_DATA_BREAK
VEDL,2005-01-13 00:00:00,inf,SUSPECTED_CORPORATE_ACTION_OR_DATA_BREAK
VEDL,2005-01-14 00:00:00,1.7999999999999998,SUSPECTED_CORPORATE_ACTION_OR_DATA_BREAK
VEDL,2005-01-17 00:00:00,1.5,SUSPECTED_CORPORATE_ACTION_OR_DATA_BREAK
VEDL,2005-01-19 00:00:00,0.40625,SUSPECTED_CORPORATE_ACTION_OR_DATA_BREAK
VEDL,2005-01-24 00:00:00,0.6756756756756757,SUSPECTED_CORPORATE_ACTION_OR_DATA_BREAK
VEDL,2005-09-19 00:00:00,0.4341463414634146,SUSPECTED_CORPORATE_ACTION_OR_DATA_BREAK
WELCORP,2005-05-24 00:00:00,0.6332209106239461,SUSPECTED_CORPORATE_ACTION_OR_DATA_BREAK
YESBANK,2020-03-06 00:00:00,-0.5611413043478262,SUSPECTED_CORPORATE_ACTION_OR_DATA_BREAK
YESBANK,2020-03-16 00:00:00,0.452054794520548,SUSPECTED_CORPORATE_ACTION_OR_DATA_BREAK
YESBANK,2020-03-17 00:00:00,0.5808625336927222,SUSPECTED_CORPORATE_ACTION_OR_DATA_BREAK
