symbol,file,asset_class,sha256,earliest_date,latest_date,observations,missing_trading_sessions,missing_session_pct,large_internal_gaps_gt_5_sessions,largest_internal_gap_sessions,duplicate_dates,zero_or_negative_price_rows,zero_volume_rows,missing_volume_rows,turnover_available,suspected_listing_date,suspected_end_date,activity_status,corporate_action_discontinuities
360ONE,360ONE_DAILY.csv,EQUITY_CURRENT_MAP,c3c7f500ac901300a1be7fbf71b824a6fe39ef59d177c941c9459d80fd762876,2015-01-01 00:00:00,2026-08-13 00:00:00,1967,910,31.67420814479638,1,908,0,0,0,0,False,2015-01-01 00:00:00,,CURRENTLY_ACTIVE,1
AARTIIND,AARTIIND_DAILY.csv,EQUITY_CURRENT_MAP,3f27568bb86f1309dabbb552530e239f2b07ceae427a7b41b6a94d7dd0aeab1a,2003-01-27 00:00:00,2026-08-13 00:00:00,5804,46,0.7868628121792679,1,22,0,0,11,0,False,2003-01-27 00:00:00,,CURRENTLY_ACTIVE,0
ABB,ABB_DAILY.csv,EQUITY_CURRENT_MAP,e5d860c622fa08d19030220c1ce0863d2a22093896c134cea3c1fcb3cb7ea19d,2003-01-27 00:00:00,2026-08-13 00:00:00,5804,46,0.7868628121792679,1,22,0,0,1,0,False,2003-01-27 00:00:00,,CURRENTLY_ACTIVE,0
ABCAPITAL,ABCAPITAL_DAILY.csv,EQUITY_CURRENT_MAP,189a98b229a1f41060773182d95d8428f9ff96c6734f98fa485c9d8641e71ffa,2017-09-01 00:00:00,2026-08-13 00:00:00,2215,2,0.0903750564844103,0,0,0,0,1,0,False,2017-09-01 00:00:00,,CURRENTLY_ACTIVE,0
ABREL,ABREL_DAILY.csv,EQUITY_CURRENT_MAP,412d9dde537402b026457a2da6b05dc5d7a59406d041e2873336ac38a0ae0076,2003-01-27 00:00:00,2026-08-13 00:00:00,5804,46,0.7868628121792679,1,22,0,0,0,0,False,2003-01-27 00:00:00,,CURRENTLY_ACTIVE,1
ADANIENSOL,ADANIENSOL_DAILY.csv,EQUITY_CURRENT_MAP,14b81244a828f40d9330532d0ebd53f11cd5fe948394ee2eb1fccdf3c2aaea67,2015-07-31 00:00:00,2026-08-13 00:00:00,2729,3,0.10997067448680352,0,0,0,0,1,0,False,2015-07-31 00:00:00,,CURRENTLY_ACTIVE,0
ADANIENT,ADANIENT_DAILY.csv,EQUITY_CURRENT_MAP,0b6d15a64bb30121b900cd820e9a1ce87c2b8e5b86b5d1147aeab755a7421ddc,2003-01-01 00:00:00,2026-08-13 00:00:00,5864,4,0.06821282401091405,0,0,0,0,1,0,False,2003-01-01 00:00:00,,CURRENTLY_ACTIVE,2
ADANIGREEN,ADANIGREEN_DAILY.csv,EQUITY_CURRENT_MAP,0efa630d81c8ac5142ac48f95f9d5771c3a332d7c4af6ceea94a90c0faa5df86,2018-06-18 00:00:00,2026-08-13 00:00:00,2019,1,0.0496031746031746,0,0,0,0,1,0,False,2018-06-18 00:00:00,,CURRENTLY_ACTIVE,0
ADANIPORTS,ADANIPORTS_DAILY.csv,EQUITY_CURRENT_MAP,b18ea5341e52e739b2005b9b35d98a4af7b453f04cde31ed1da54945bfb9c556,2007-11-27 00:00:00,2026-08-13 00:00:00,4619,14,0.3024411319939512,0,0,0,0,1,0,False,2007-11-27 00:00:00,,CURRENTLY_ACTIVE,0
ADANIPOWER,ADANIPOWER_DAILY.csv,EQUITY_CURRENT_MAP,6d02a712532eed29a9b63d5ec5dc4905d0a15d69f8c3cbc0ff8afaff3019ee6e,2009-08-20 00:00:00,2026-08-13 00:00:00,4196,14,0.33285782215882076,0,0,0,0,1,0,False,2009-08-20 00:00:00,,CURRENTLY_ACTIVE,0
AEGISLOG,AEGISLOG_DAILY.csv,EQUITY_CURRENT_MAP,3703d4aab8e99f3061b23675fe8a5451000f470d65894b772d3994b1d5dd2700,2003-01-27 00:00:00,2026-08-13 00:00:00,5804,46,0.7868628121792679,1,22,0,0,27,0,False,2003-01-27 00:00:00,,CURRENTLY_ACTIVE,0
AFCONS,AFCONS_DAILY.csv,EQUITY_CURRENT_MAP,bed57af2b1ae4175d9b1bdbd022586aa9a8dc9174f00f10b63d641e478633719,2024-11-04 00:00:00,2026-08-13 00:00:00,439,0,0.0,0,0,0,0,0,0,False,2024-11-04 00:00:00,,CURRENTLY_ACTIVE,0
AFFLE,AFFLE_DAILY.csv,EQUITY_CURRENT_MAP,3237332ef715c22ae195b262e4a16433a6e1a727e33b9ee70f5cd43e290cc9d4,2019-08-08 00:00:00,2026-08-13 00:00:00,1738,0,0.0,0,0,0,0,0,0,False,2019-08-08 00:00:00,,CURRENTLY_ACTIVE,0
ALKEM,ALKEM_DAILY.csv,EQUITY_CURRENT_MAP,e1fc2390af3399925c355a8e7489a7330c9b0b03ffda50fb71386b369bda8ac3,2015-12-23 00:00:00,2026-08-13 00:00:00,2632,3,0.11402508551881414,0,0,0,0,0,0,False,2015-12-23 00:00:00,,CURRENTLY_ACTIVE,0
AMBER,AMBER_DAILY.csv,EQUITY_CURRENT_MAP,faa4fe97d4412a8091d039a9e4601bd4db6a7badbe7488a9c7d680d95613fcd1,2018-01-30 00:00:00,2026-08-13 00:00:00,2113,1,0.04739336492890995,0,0,0,0,0,0,False,2018-01-30 00:00:00,,CURRENTLY_ACTIVE,0
AMBUJACEM,AMBUJACEM_DAILY.csv,EQUITY_CURRENT_MAP,87074d7dd2c9b61fae860c165ff6138caedf225534e4cb1c882ac38027c1aa23,2003-01-27 00:00:00,2026-08-13 00:00:00,5804,46,0.7868628121792679,1,22,0,0,0,0,False,2003-01-27 00:00:00,,CURRENTLY_ACTIVE,0
ANANDRATHI,ANANDRATHI_DAILY.csv,EQUITY_CURRENT_MAP,fcea2000dbb4335546a0f19fabe876a766e1e640a8b6a3a8e8dcd819a6ce396d,2021-12-14 00:00:00,2026-08-13 00:00:00,1157,0,0.0,0,0,0,0,0,0,False,2021-12-14 00:00:00,,CURRENTLY_ACTIVE,0
ANANTRAJ,ANANTRAJ_DAILY.csv,EQUITY_CURRENT_MAP,e4a5002d3d8fafd3241947b634ead986a8d835ca230ec330f6e9f06be18ffa9b,2006-09-27 00:00:00,2026-08-13 00:00:00,4909,15,0.3048780487804878,0,0,0,0,2,0,False,2006-09-27 00:00:00,,CURRENTLY_ACTIVE,0
ANGELONE,ANGELONE_DAILY.csv,EQUITY_CURRENT_MAP,d303068ca1eb09dd151a096e17d4e88b189f50fec749157ee193810b1dde5049,2020-10-05 00:00:00,2026-08-13 00:00:00,1453,0,0.0,0,0,0,0,0,0,False,2020-10-05 00:00:00,,CURRENTLY_ACTIVE,0
APLAPOLLO,APLAPOLLO_DAILY.csv,EQUITY_CURRENT_MAP,8ad2c802523ca23705f88e221565554104523b9bce8677905ea8ef711f487793,2011-12-14 00:00:00,2026-08-13 00:00:00,3624,11,0.3029468465987331,0,0,0,0,2,0,False,2011-12-14 00:00:00,,CURRENTLY_ACTIVE,0
APOLLOHOSP,APOLLOHOSP_DAILY.csv,EQUITY_CURRENT_MAP,2cfdfceee03b0b190add3964cc1e382fafca984b13a02853d81731d1e11d7d15,2003-01-27 00:00:00,2026-08-13 00:00:00,5804,46,0.7868628121792679,1,22,0,0,0,0,False,2003-01-27 00:00:00,,CURRENTLY_ACTIVE,0
APTUS,APTUS_DAILY.csv,EQUITY_CURRENT_MAP,96c4d6b777e8ad813c341f2d1104f0dfa0053db983d416c9068a394cb8989ac3,2021-08-24 00:00:00,2026-08-13 00:00:00,1233,0,0.0,0,0,0,0,0,0,False,2021-08-24 00:00:00,,CURRENTLY_ACTIVE,0
ARE&M,ARE&M_DAILY.csv,EQUITY_CURRENT_MAP,c07dd51688327c62bc2d43a602c98653c0b1a8848fc9013fa9c35918a9125b00,2003-01-27 00:00:00,2026-08-13 00:00:00,5804,46,0.7868628121792679,1,22,0,0,0,0,False,2003-01-27 00:00:00,,CURRENTLY_ACTIVE,0
ASHOKLEY,ASHOKLEY_DAILY.csv,EQUITY_CURRENT_MAP,dce3613cb3ea7979bff53743e106cabfc5aca682167069219edc2811be65eb24,2003-01-27 00:00:00,2026-08-13 00:00:00,5804,46,0.7868628121792679,1,22,0,53,0,0,False,2003-01-27 00:00:00,,CURRENTLY_ACTIVE,28
ASIANPAINT,ASIANPAINT_DAILY.csv,EQUITY_CURRENT_MAP,ed11361a495210ce60e6305316680f3208ff1d2289afcf560a66d4d52d3b5562,2003-01-27 00:00:00,2026-08-13 00:00:00,5804,46,0.7868628121792679,1,22,0,0,0,0,False,2003-01-27 00:00:00,,CURRENTLY_ACTIVE,0
ASTERDM,ASTERDM_DAILY.csv,EQUITY_CURRENT_MAP,337322d72ef1278134c2f1e81082483ec51d6ff9bc42808c39c473529b0be91f,2018-02-26 00:00:00,2026-08-13 00:00:00,2095,1,0.04780114722753346,0,0,0,0,0,0,False,2018-02-26 00:00:00,,CURRENTLY_ACTIVE,0
ASTRAL,ASTRAL_DAILY.csv,EQUITY_CURRENT_MAP,af379ecd45fe6e29c65a87ca1f7db02df8fdff07efd252299dc1a41196d68766,2007-03-20 00:00:00,2026-08-13 00:00:00,4793,14,0.2914844888611285,0,0,0,0,2,0,False,2007-03-20 00:00:00,,CURRENTLY_ACTIVE,0
ATGL,ATGL_DAILY.csv,EQUITY_CURRENT_MAP,85096089a14e252b31bea9072bf418db8df63075f3b92ac602597a7ce0202adf,2018-11-05 00:00:00,2026-08-13 00:00:00,1925,1,0.05202913631633715,0,0,0,0,0,0,False,2018-11-05 00:00:00,,CURRENTLY_ACTIVE,0
ATHERENERG,ATHERENERG_DAILY.csv,EQUITY_CURRENT_MAP,c022cc8236ae28b4559fb04d8cbec97c3898d68e3361384c06b6ed60f890ee7f,2025-05-06 00:00:00,2026-08-13 00:00:00,317,0,0.0,0,0,0,0,0,0,False,2025-05-06 00:00:00,,CURRENTLY_ACTIVE,0
AUBANK,AUBANK_DAILY.csv,EQUITY_CURRENT_MAP,2104a2407a50834c45215f0fb060d3c7019c638568671b4919fd0a1d750db1c9,2017-07-10 00:00:00,2026-08-13 00:00:00,2252,2,0.08888888888888889,0,0,0,0,0,0,False,2017-07-10 00:00:00,,CURRENTLY_ACTIVE,0
AUROPHARMA,AUROPHARMA_DAILY.csv,EQUITY_CURRENT_MAP,2ab9d57e5c7d37660de3263042987c9eef597b8c25c1ee1363112490bc8ca5d5,2003-01-27 00:00:00,2026-08-13 00:00:00,5804,46,0.7868628121792679,1,22,0,0,0,0,False,2003-01-27 00:00:00,,CURRENTLY_ACTIVE,2
AXISBANK,AXISBANK_DAILY.csv,EQUITY_CURRENT_MAP,805a4a3fcb7ff776e4ceec1044d56cfc3e6045297946ec0af453f180f30e783e,2003-01-01 00:00:00,2026-08-13 00:00:00,5822,46,0.7844474761255116,1,22,0,0,0,0,False,2003-01-01 00:00:00,,CURRENTLY_ACTIVE,0
BAJAJ-AUTO,BAJAJ-AUTO_DAILY.csv,EQUITY_CURRENT_MAP,aaa67b15302c73e448db0dcfb8029f8c4a6dcb57af26d8e85060ae05b24f538a,2008-05-26 00:00:00,2026-08-13 00:00:00,4499,14,0.3104901308494123,0,0,0,0,0,0,False,2008-05-26 00:00:00,,CURRENTLY_ACTIVE,0
BAJAJFINSV,BAJAJFINSV_DAILY.csv,EQUITY_CURRENT_MAP,ec46852b76d89b8067ce0cfc7adaf559d9b30f6acb2d063fdf8a27a5b5cef5d7,2008-05-26 00:00:00,2026-08-13 00:00:00,4499,14,0.3104901308494123,0,0,0,0,1,0,False,2008-05-26 00:00:00,,CURRENTLY_ACTIVE,0
BAJAJHLDNG,BAJAJHLDNG_DAILY.csv,EQUITY_CURRENT_MAP,f92340c4a06af2af0986b5500ec065d7c8d61f2c294a03848aba4b2bddef9942,2003-01-27 00:00:00,2026-08-13 00:00:00,5804,46,0.7868628121792679,1,22,0,0,0,0,False,2003-01-27 00:00:00,,CURRENTLY_ACTIVE,0
BAJFINANCE,BAJFINANCE_DAILY.csv,EQUITY_CURRENT_MAP,5cad60570a40a5908b18bae3588c6f9a655db6bb7421da14edb61ddfc7754821,2003-01-27 00:00:00,2026-08-13 00:00:00,5804,46,0.7868628121792679,1,22,0,0,1,0,False,2003-01-27 00:00:00,,CURRENTLY_ACTIVE,22
BANDHANBNK,BANDHANBNK_DAILY.csv,EQUITY_CURRENT_MAP,c8ad5156d900c5c83b1cbacba8c521890a9db77055653f14863f6034fdd86fe3,2018-03-27 00:00:00,2026-08-13 00:00:00,2075,1,0.04826254826254826,0,0,0,0,0,0,False,2018-03-27 00:00:00,,CURRENTLY_ACTIVE,0
BANKBARODA,BANKBARODA_DAILY.csv,EQUITY_CURRENT_MAP,bfd316590dfeffd5909be05a63982d11b2457bd8f11467b0ec10f23cdec664c9,2003-01-27 00:00:00,2026-08-13 00:00:00,5804,46,0.7868628121792679,1,22,0,0,0,0,False,2003-01-27 00:00:00,,CURRENTLY_ACTIVE,0
BANKINDIA,BANKINDIA_DAILY.csv,EQUITY_CURRENT_MAP,bf15a55316cab731710aef709bedb12cb09fb2c8eae86829a90e0e0f52a257ab,2003-01-27 00:00:00,2026-08-13 00:00:00,5804,46,0.7868628121792679,1,22,0,0,0,0,False,2003-01-27 00:00:00,,CURRENTLY_ACTIVE,0
BDL,BDL_DAILY.csv,EQUITY_CURRENT_MAP,d4629a7eaf96c6e454c6e8bbb94907dffa9930fb4b42098b5938442423a975f8,2018-03-23 00:00:00,2026-08-13 00:00:00,2077,1,0.048216007714561235,0,0,0,0,0,0,False,2018-03-23 00:00:00,,CURRENTLY_ACTIVE,0
BEML,BEML_DAILY.csv,EQUITY_CURRENT_MAP,abe4f17d82c72f5975c1d6f9f2588ae10efb582d2612bbdb2888fc94de002698,2003-01-27 00:00:00,2026-08-13 00:00:00,5804,46,0.7868628121792679,1,22,0,0,0,0,False,2003-01-27 00:00:00,,CURRENTLY_ACTIVE,0
BHARATBOND-APR30,BHARATBOND-APR30_DAILY.csv,OTHER_NON_EQUITY_OR_UNRESOLVED,92c93c07e7165bc3e6761295d7917fd472c2a143ba6e8ca5cdee05c20957b7a2,2019-11-29 00:00:00,2026-07-17 00:00:00,1705,8,0.48573163327261687,0,0,0,0,1705,0,False,2019-11-29 00:00:00,2026-07-17 00:00:00,TERMINATED_OR_SOURCE_ENDED_UNRESOLVED,0
BHARATBOND-APR31,BHARATBOND-APR31_DAILY.csv,OTHER_NON_EQUITY_OR_UNRESOLVED,4f288c42eeb053c43ed96c0fb8dbbb66f4faea40c2e8c688778bfa4b0e5bf9a9,2020-06-30 00:00:00,2026-07-17 00:00:00,1494,10,0.6653359946773121,0,0,0,0,1494,0,False,2020-06-30 00:00:00,2026-07-17 00:00:00,TERMINATED_OR_SOURCE_ENDED_UNRESOLVED,0
BHARATBOND-APR32,BHARATBOND-APR32_DAILY.csv,OTHER_NON_EQUITY_OR_UNRESOLVED,a4644094d97dfc61c3187d7eb0125a4d2d7578d75dd6689e05449931b76332f5,2021-12-01 00:00:00,2026-07-17 00:00:00,1138,11,0.9581881533101045,0,0,0,0,1138,0,False,2021-12-01 00:00:00,2026-07-17 00:00:00,TERMINATED_OR_SOURCE_ENDED_UNRESOLVED,0
BHARATBOND-APR33,BHARATBOND-APR33_DAILY.csv,OTHER_NON_EQUITY_OR_UNRESOLVED,da2e7eab1efd7d16b25abec0b8d3042ab64120d887c4e08216698f4b539b90f2,2022-11-30 00:00:00,2026-07-17 00:00:00,895,5,0.5555555555555556,0,0,0,0,895,0,False,2022-11-30 00:00:00,2026-07-17 00:00:00,TERMINATED_OR_SOURCE_ENDED_UNRESOLVED,0
BHARATFORG,BHARATFORG_DAILY.csv,EQUITY_CURRENT_MAP,1228ece0cb129c71472eba973e7db7cb52e3f4b6123f07fe0dbfb8032d23f18b,2003-01-27 00:00:00,2026-08-13 00:00:00,5804,46,0.7868628121792679,1,22,0,0,0,0,False,2003-01-27 00:00:00,,CURRENTLY_ACTIVE,0
BHARTIARTL,BHARTIARTL_DAILY.csv,EQUITY_CURRENT_MAP,837b4946b5ea308dd6a15d2e504670ad0c1128d3d6a08423b722e5da446d8ff8,2003-01-01 00:00:00,2026-08-13 00:00:00,5822,46,0.7844474761255116,1,22,0,0,0,0,False,2003-01-01 00:00:00,,CURRENTLY_ACTIVE,0
BHEL,BHEL_DAILY.csv,EQUITY_CURRENT_MAP,19634b932122474feddb78fe0124e1ea03ad49dd092d39996d21e82fef417253,2003-01-27 00:00:00,2026-08-13 00:00:00,5804,46,0.7868628121792679,1,22,0,0,0,0,False,2003-01-27 00:00:00,,CURRENTLY_ACTIVE,0
BIOCON,BIOCON_DAILY.csv,EQUITY_CURRENT_MAP,c63ac4c70f7bf8b0eac677213656d7c015c9e5ace4220c810594350b655c1ab8,2004-04-07 00:00:00,2026-08-13 00:00:00,5505,43,0.7756132756132756,1,22,0,0,0,0,False,2004-04-07 00:00:00,,CURRENTLY_ACTIVE,0
BLS,BLS_DAILY.csv,EQUITY_CURRENT_MAP,4f5fc5e27868b723b65aedf523726df8659d253e0b5894542fd800820c34ab19,2016-06-15 00:00:00,2026-08-13 00:00:00,2515,3,0.11933174224343675,0,0,0,0,0,0,False,2016-06-15 00:00:00,,CURRENTLY_ACTIVE,0
BLUESTARCO,BLUESTARCO_DAILY.csv,EQUITY_CURRENT_MAP,b3245d61bfcf622365e1cd8d886b613394eee571f03e70c8b3b9c0693dd42417,2003-01-27 00:00:00,2026-08-13 00:00:00,5804,46,0.7868628121792679,1,22,0,0,0,0,False,2003-01-27 00:00:00,,CURRENTLY_ACTIVE,0
BOSCHLTD,BOSCHLTD_DAILY.csv,EQUITY_CURRENT_MAP,d7e345a51dc1e64ebb0bc77a1dcf68c989d61dfa41da8f65f92c4df294c8230d,2003-01-01 00:00:00,2026-08-13 00:00:00,5822,46,0.7844474761255116,1,22,0,0,2,0,False,2003-01-01 00:00:00,,CURRENTLY_ACTIVE,2
BPCL,BPCL_DAILY.csv,EQUITY_CURRENT_MAP,189498ea4a7acb22e2a20812ce300230c5a102ec2c580a4dcccb5758c8d06a36,2003-01-27 00:00:00,2026-08-13 00:00:00,5804,46,0.7868628121792679,1,22,0,0,1,0,False,2003-01-27 00:00:00,,CURRENTLY_ACTIVE,0
BRIGADE,BRIGADE_DAILY.csv,EQUITY_CURRENT_MAP,1bb9fceb41df2bd70dc8b74dda60a0b9688ca919f4e633dae82c959754f0afe1,2007-12-31 00:00:00,2026-08-13 00:00:00,4597,14,0.30388539179509444,0,0,0,0,1,0,False,2007-12-31 00:00:00,,CURRENTLY_ACTIVE,0
BRITANNIA,BRITANNIA_DAILY.csv,EQUITY_CURRENT_MAP,629e5b820782c8cb2a7809c8614474398e7ffef8d7dbf6c4f3046fbf9eb060ca,2003-01-27 00:00:00,2026-08-13 00:00:00,5804,46,0.7868628121792679,1,22,0,0,2,0,False,2003-01-27 00:00:00,,CURRENTLY_ACTIVE,0
BSE,BSE_DAILY.csv,EQUITY_CURRENT_MAP,2678b1e825116df351d4daf10fcfcade673377ee72e392d8417b88b7209ab65d,2017-02-03 00:00:00,2026-08-13 00:00:00,2357,2,0.08492569002123142,0,0,0,0,0,0,False,2017-02-03 00:00:00,,CURRENTLY_ACTIVE,0
CAMS,CAMS_DAILY.csv,EQUITY_CURRENT_MAP,d2db4c7ba73ecb87e4ee189918953c84219962d67a96d5640775f515cc8aea02,2020-10-05 00:00:00,2026-08-13 00:00:00,1453,0,0.0,0,0,0,0,0,0,False,2020-10-05 00:00:00,,CURRENTLY_ACTIVE,0
CANBK,CANBK_DAILY.csv,EQUITY_CURRENT_MAP,df36c9aa7ee489f6d1e8ad38fc4f7ce58b88ad2e50dd22aa1800ee18967ea450,2003-01-01 00:00:00,2026-08-13 00:00:00,5822,46,0.7844474761255116,1,22,0,0,0,0,False,2003-01-01 00:00:00,,CURRENTLY_ACTIVE,1
CASTROLIND,CASTROLIND_DAILY.csv,EQUITY_CURRENT_MAP,55fd923f69b982d7a8eb0cd55b147eccf6680edc0f906f3523ef1317a867231f,2007-08-16 00:00:00,2026-08-13 00:00:00,4691,14,0.2978089768134439,0,0,0,0,10,0,False,2007-08-16 00:00:00,,CURRENTLY_ACTIVE,0
CDSL,CDSL_DAILY.csv,EQUITY_CURRENT_MAP,89e745cfaebbb5406b87e8c9a064e19b74f8a8cb54a481b84abb974e137161e6,2017-06-30 00:00:00,2026-08-13 00:00:00,2258,2,0.08865248226950355,0,0,0,0,0,0,False,2017-06-30 00:00:00,,CURRENTLY_ACTIVE,0
CESC,CESC_DAILY.csv,EQUITY_CURRENT_MAP,b6da8e717274a74f088916813609c642a7e76ade9e1ccc8669d2fc2294ab3ba4,2003-01-27 00:00:00,2026-08-13 00:00:00,5804,46,0.7868628121792679,1,22,0,0,0,0,False,2003-01-27 00:00:00,,CURRENTLY_ACTIVE,0
CGCL,CGCL_DAILY.csv,EQUITY_CURRENT_MAP,6e1cc6fd685ef2792a418fe963c53fb1aa3969c712fbc489b6d24bc8478c7865,2010-10-29 00:00:00,2026-08-13 00:00:00,3901,12,0.3069838833461243,0,0,0,0,57,0,False,2010-10-29 00:00:00,,CURRENTLY_ACTIVE,0
CGPOWER,CGPOWER_DAILY.csv,EQUITY_CURRENT_MAP,cb37c7cef082b9903c946484dd72efc20225e8257bc9c70716fbffcfbc0ff001,2003-01-27 00:00:00,2026-08-13 00:00:00,5804,46,0.7868628121792679,1,22,0,0,0,0,False,2003-01-27 00:00:00,,CURRENTLY_ACTIVE,2
CHAMBLFERT,CHAMBLFERT_DAILY.csv,EQUITY_CURRENT_MAP,60b2e6330fb05c02d029983b7e67a56859b7c958027764cca28af2a6e425d788,2003-01-27 00:00:00,2026-08-13 00:00:00,5804,46,0.7868628121792679,1,22,0,0,0,0,False,2003-01-27 00:00:00,,CURRENTLY_ACTIVE,0
CHOLAFIN,CHOLAFIN_DAILY.csv,EQUITY_CURRENT_MAP,9904b8aebdf52782b5f18d62dab7567402f01781cf601d5d08cd02a169a6b52e,2003-01-27 00:00:00,2026-08-13 00:00:00,5804,46,0.7868628121792679,1,22,0,0,1,0,False,2003-01-27 00:00:00,,CURRENTLY_ACTIVE,0
CHOLAHLDNG,CHOLAHLDNG_DAILY.csv,EQUITY_CURRENT_MAP,538d48aa2393df89cb48910b71f8c5ac8b26a4813bf1bd340c3e655d5cec8f97,2017-09-25 00:00:00,2026-08-13 00:00:00,2199,2,0.09103322712790168,0,0,0,0,0,0,False,2017-09-25 00:00:00,,CURRENTLY_ACTIVE,0
CIPLA,CIPLA_DAILY.csv,EQUITY_CURRENT_MAP,f53222b7e73ba3276eb27f1f84d5cbe2d48c1623bad323a8ea0664b3383288f4,2003-01-27 00:00:00,2026-08-13 00:00:00,5804,46,0.7868628121792679,1,22,0,0,0,0,False,2003-01-27 00:00:00,,CURRENTLY_ACTIVE,0
COALINDIA,COALINDIA_DAILY.csv,EQUITY_CURRENT_MAP,7bf1436d4e59a970c51a177173898ddbe6816f03352781e5fdc41ffd2d6671cb,2010-11-04 00:00:00,2026-08-13 00:00:00,3897,12,0.3072983354673495,0,0,0,0,0,0,False,2010-11-04 00:00:00,,CURRENTLY_ACTIVE,0
COCHINSHIP,COCHINSHIP_DAILY.csv,EQUITY_CURRENT_MAP,f5eb605eaf8fe29e69130a2f789779e2665e7505aca4705c98475ac011dbb3e1,2017-08-11 00:00:00,2026-08-13 00:00:00,2228,2,0.08984725965858041,0,0,0,0,0,0,False,2017-08-11 00:00:00,,CURRENTLY_ACTIVE,0
COFORGE,COFORGE_DAILY.csv,EQUITY_CURRENT_MAP,e3ce6c68c2e576e786716ea05fd9d243131ef24bd1cc6dc97cfbb01a98ed3549,2004-08-30 00:00:00,2026-08-13 00:00:00,5427,20,0.36744442403086536,0,0,0,0,0,0,False,2004-08-30 00:00:00,,CURRENTLY_ACTIVE,0
COHANCE,COHANCE_DAILY.csv,EQUITY_CURRENT_MAP,9949384bd83e81a960ad8c893f8adba04ece425f55376a1c5a98086c63d90010,2015-01-01 00:00:00,2026-08-13 00:00:00,1615,1262,43.92620953706927,1,1262,0,0,0,0,False,2015-01-01 00:00:00,,CURRENTLY_ACTIVE,2
COLPAL,COLPAL_DAILY.csv,EQUITY_CURRENT_MAP,b82a913976e6013cbc26ebee663243df5a9eced5a27c73553dcb3f443aa6eee6,2003-01-27 00:00:00,2026-08-13 00:00:00,5804,46,0.7868628121792679,1,22,0,0,12,0,False,2003-01-27 00:00:00,,CURRENTLY_ACTIVE,0
CONCOR,CONCOR_DAILY.csv,EQUITY_CURRENT_MAP,077d3a457e63f43614ab3bfdf5a0fb82e565d1cd62d9a1e674b062dee5e37306,2003-01-27 00:00:00,2026-08-13 00:00:00,5804,46,0.7868628121792679,1,22,0,0,0,0,False,2003-01-27 00:00:00,,CURRENTLY_ACTIVE,0
COROMANDEL,COROMANDEL_DAILY.csv,EQUITY_CURRENT_MAP,995894b0d99592214260b216eb72c5baae04477cbba9153e89eb96b72f262632,2003-01-27 00:00:00,2026-08-13 00:00:00,5804,46,0.7868628121792679,1,22,0,0,3,0,False,2003-01-27 00:00:00,,CURRENTLY_ACTIVE,0
CREDITACC,CREDITACC_DAILY.csv,EQUITY_CURRENT_MAP,f9d125b3145d931b0a6b1fe6ad3c6833c2b78bf1ef8a9bb8e5e9ac15db93fc1e,2018-08-23 00:00:00,2026-08-13 00:00:00,1973,1,0.050761421319796954,0,0,0,0,0,0,False,2018-08-23 00:00:00,,CURRENTLY_ACTIVE,0
CROMPTON,CROMPTON_DAILY.csv,EQUITY_CURRENT_MAP,34f524c4afb69f33b8b66e58ac3145916c35182438da3d456fcae71d5ae57558,2016-05-13 00:00:00,2026-08-13 00:00:00,2538,3,0.11824990145841545,0,0,0,0,0,0,False,2016-05-13 00:00:00,,CURRENTLY_ACTIVE,0
CUB,CUB_DAILY.csv,EQUITY_CURRENT_MAP,b190a40f0fbb69452ff7ee239ade42f66205601beff65b00434c061af792a1f3,2003-01-27 00:00:00,2026-08-13 00:00:00,5804,46,0.7868628121792679,1,22,0,0,0,0,False,2003-01-27 00:00:00,,CURRENTLY_ACTIVE,0
CUMMINSIND,CUMMINSIND_DAILY.csv,EQUITY_CURRENT_MAP,a1474353995dac42136992288ae639858472c8ccca90a996be4d7cb9fff0595c,2003-01-27 00:00:00,2026-08-13 00:00:00,5804,46,0.7868628121792679,1,22,0,0,0,0,False,2003-01-27 00:00:00,,CURRENTLY_ACTIVE,0
DABUR,DABUR_DAILY.csv,EQUITY_CURRENT_MAP,7310c4bacbc2588c3b0b6ad7be805034ab411e80fb326d515e9e98156036425c,2003-01-27 00:00:00,2026-08-13 00:00:00,5804,46,0.7868628121792679,1,22,0,0,0,0,False,2003-01-27 00:00:00,,CURRENTLY_ACTIVE,0
DATAPATTNS,DATAPATTNS_DAILY.csv,EQUITY_CURRENT_MAP,453607582984d96259c357f9c60de165a1dd69e9bf649bba45b743077ea9b042,2021-12-24 00:00:00,2026-08-13 00:00:00,1149,0,0.0,0,0,0,0,0,0,False,2021-12-24 00:00:00,,CURRENTLY_ACTIVE,0
DEEPAKFERT,DEEPAKFERT_DAILY.csv,EQUITY_CURRENT_MAP,7a78cbf4289a114693281b3593cb98930ee2f31f7f02e6c5c7eb56cdf40e1e0e,2003-01-27 00:00:00,2026-08-13 00:00:00,5804,46,0.7868628121792679,1,22,0,0,0,0,False,2003-01-27 00:00:00,,CURRENTLY_ACTIVE,0
DELHIVERY,DELHIVERY_DAILY.csv,EQUITY_CURRENT_MAP,2e0be0c202e4e2fd38014f4bd65e229f9c0a9a01c00f2d41b2d26fcc048e26bc,2016-01-18 00:00:00,2026-08-13 00:00:00,1056,1562,59.75516449885233,6,1471,0,0,0,0,False,2016-01-18 00:00:00,,CURRENTLY_ACTIVE,1
DEVYANI,DEVYANI_DAILY.csv,EQUITY_CURRENT_MAP,f751f8b3c636c70ba495b50a943388b511e6e8aefd8e367b98bfd405293c2d86,2021-08-16 00:00:00,2026-08-13 00:00:00,1238,0,0.0,0,0,0,0,0,0,False,2021-08-16 00:00:00,,CURRENTLY_ACTIVE,0
DIVISLAB,DIVISLAB_DAILY.csv,EQUITY_CURRENT_MAP,a6fa9f85139c6c27c8bea271bae84676e63e807a00aa5b6ea25b3588a8d49928,2003-03-12 00:00:00,2026-08-13 00:00:00,5773,46,0.7910576096302665,1,22,0,0,0,0,False,2003-03-12 00:00:00,,CURRENTLY_ACTIVE,0
DIXON,DIXON_DAILY.csv,EQUITY_CURRENT_MAP,7abaac4b017cbb1cd10ea90f53920df84dd288004e8cb67bf689b474d9e88347,2017-09-18 00:00:00,2026-08-13 00:00:00,2204,2,0.09082652134423251,0,0,0,0,0,0,False,2017-09-18 00:00:00,,CURRENTLY_ACTIVE,0
DLF,DLF_DAILY.csv,EQUITY_CURRENT_MAP,a5f28d67fc5b21a2dd033583a509b6b1b65a784e7b83093704b5c83555cc97ad,2007-07-05 00:00:00,2026-08-13 00:00:00,4720,14,0.2959830866807611,0,0,0,0,0,0,False,2007-07-05 00:00:00,,CURRENTLY_ACTIVE,0
DMART,DMART_DAILY.csv,EQUITY_CURRENT_MAP,6e50c57b3717828aa7eb51afe0e1326bcc26ad64ce6f765ea770d4eed58cd493,2017-03-21 00:00:00,2026-08-13 00:00:00,2327,2,0.08602150537634409,0,0,0,0,0,0,False,2017-03-21 00:00:00,,CURRENTLY_ACTIVE,0
DRREDDY,DRREDDY_DAILY.csv,EQUITY_CURRENT_MAP,1edeb5bac06df5e9d54a80123317e62fcb270e6c7d762fd07b55fb3814aea96e,2003-01-01 00:00:00,2026-08-13 00:00:00,5822,46,0.7844474761255116,1,22,0,0,0,0,False,2003-01-01 00:00:00,,CURRENTLY_ACTIVE,0
EICHERMOT,EICHERMOT_DAILY.csv,EQUITY_CURRENT_MAP,cd3ff1ab026fe7a7936450271b4cc46f64d3a2cc8aaa5d5c6c88c877ec1da3fe,2003-01-27 00:00:00,2026-08-13 00:00:00,5804,46,0.7868628121792679,1,22,0,0,0,0,False,2003-01-27 00:00:00,,CURRENTLY_ACTIVE,0
ENRIN,ENRIN_DAILY.csv,EQUITY_CURRENT_MAP,a92a2e57b527dc69e5230b94de5c8bc283fda06630f21aeb6e32fe8192c1df70,2025-06-19 00:00:00,2026-08-13 00:00:00,285,0,0.0,0,0,0,0,0,0,False,2025-06-19 00:00:00,,CURRENTLY_ACTIVE,0
EXIDEIND,EXIDEIND_DAILY.csv,EQUITY_CURRENT_MAP,19ce3b15acc9e1b2749ad60606250775175dc447e2fa8a19932bf988f4ee4512,2003-01-27 00:00:00,2026-08-13 00:00:00,5804,46,0.7868628121792679,1,22,0,0,1,0,False,2003-01-27 00:00:00,,CURRENTLY_ACTIVE,0
FEDERALBNK,FEDERALBNK_DAILY.csv,EQUITY_CURRENT_MAP,cd7fda6deb1cf3a814904c22ebeacde009936dca1f1ca61100c6b2b5080e0522,2000-01-04 00:00:00,2026-08-13 00:00:00,6616,0,0.0,0,0,0,0,0,0,False,2000-01-04 00:00:00,,CURRENTLY_ACTIVE,1
FIRSTCRY,FIRSTCRY_DAILY.csv,EQUITY_CURRENT_MAP,b4117cf34acd2e4ce5362b36de60eebbad594bf7db29e5c3810601a9f71827f1,2024-08-13 00:00:00,2026-08-13 00:00:00,496,0,0.0,0,0,0,0,0,0,False,2024-08-13 00:00:00,,CURRENTLY_ACTIVE,0
FIVESTAR,FIVESTAR_DAILY.csv,EQUITY_CURRENT_MAP,e9e1450533bb945ee99106111ea2f30a49140e60214761924d53de062f4c925a,2022-11-21 00:00:00,2026-08-13 00:00:00,925,0,0.0,0,0,0,0,0,0,False,2022-11-21 00:00:00,,CURRENTLY_ACTIVE,0
FORCEMOT,FORCEMOT_DAILY.csv,EQUITY_CURRENT_MAP,182517e6b7d05a7f14132fbacbb5f96d3cf6d7e63ac6f8e86d4c0ccba029d277,2019-08-20 00:00:00,2026-08-13 00:00:00,1656,76,4.398148148148148,1,76,0,0,0,0,False,2019-08-20 00:00:00,,CURRENTLY_ACTIVE,0
FORTIS,FORTIS_DAILY.csv,EQUITY_CURRENT_MAP,fd30117c9a45a686fe560068289f3dec5f450577a3bdee60248cbd4eb9d18a9f,2007-05-09 00:00:00,2026-08-13 00:00:00,4761,14,0.2934395304967512,0,0,0,0,0,0,False,2007-05-09 00:00:00,,CURRENTLY_ACTIVE,0
FSL,FSL_DAILY.csv,EQUITY_CURRENT_MAP,f02dd94b8d09c74eefc14ee02dc384974462547e39c98991a248ed8c2f6e2abc,2007-02-22 00:00:00,2026-08-13 00:00:00,4811,14,0.2903961833644472,0,0,0,0,0,0,False,2007-02-22 00:00:00,,CURRENTLY_ACTIVE,0
GAIL,GAIL_DAILY.csv,EQUITY_CURRENT_MAP,3397e189b0e9d59d0a04715800ae7e3a805aa79d5f2a1d567e8ed0e2d5fe3ce6,2003-01-27 00:00:00,2026-08-13 00:00:00,5804,46,0.7868628121792679,1,22,0,0,0,0,False,2003-01-27 00:00:00,,CURRENTLY_ACTIVE,1
GESHIP,GESHIP_DAILY.csv,EQUITY_CURRENT_MAP,9b6f7cd7543bab2d7176220dc2a5e60f5b1067bded6fb4e27e9468395e0aa1de,2003-01-27 00:00:00,2026-08-13 00:00:00,5804,46,0.7868628121792679,1,22,0,0,13,0,False,2003-01-27 00:00:00,,CURRENTLY_ACTIVE,0
GLAND,GLAND_DAILY.csv,EQUITY_CURRENT_MAP,13f9eafe8f098a28b41b97555b358aa978973514ae8ad62a5d02216c201f02e8,2020-11-20 00:00:00,2026-08-13 00:00:00,1419,0,0.0,0,0,0,0,0,0,False,2020-11-20 00:00:00,,CURRENTLY_ACTIVE,0
GLENMARK,GLENMARK_DAILY.csv,EQUITY_CURRENT_MAP,3760bc02150d9d17ffa5d16d88a04b1d0c168cb2da6d5b3e811f90eeddc10b22,2003-01-27 00:00:00,2026-08-13 00:00:00,5804,46,0.7868628121792679,1,22,0,0,1,0,False,2003-01-27 00:00:00,,CURRENTLY_ACTIVE,0
GMDCLTD,GMDCLTD_DAILY.csv,EQUITY_CURRENT_MAP,bc732bcf0a68af8dbe62487e09e5dcab77fee212c9b33f1631ac6a0a2ad6587f,2003-01-27 00:00:00,2026-08-13 00:00:00,5804,46,0.7868628121792679,1,22,0,0,0,0,False,2003-01-27 00:00:00,,CURRENTLY_ACTIVE,0
GMRAIRPORT,GMRAIRPORT_DAILY.csv,EQUITY_CURRENT_MAP,fd1cf854914a81c57d4a605bdcdc456247f1abc2c76cda5ef399f9966dadc45d,2006-08-21 00:00:00,2026-08-13 00:00:00,4936,15,0.30321406913280774,0,0,0,0,0,0,False,2006-08-21 00:00:00,,CURRENTLY_ACTIVE,0
GODFRYPHLP,GODFRYPHLP_DAILY.csv,EQUITY_CURRENT_MAP,e15a648a35288ba21600bd911654d179cf6c5843d8ffe3cf9fabec1c5f9db2f7,2003-01-27 00:00:00,2026-08-13 00:00:00,5804,46,0.7868628121792679,1,22,0,0,8,0,False,2003-01-27 00:00:00,,CURRENTLY_ACTIVE,0
GODREJCP,GODREJCP_DAILY.csv,EQUITY_CURRENT_MAP,6bbd84fddfe81e85ed9e8e7b30af29c586dc72c4e4da7fa44dd064b547264dda,2003-01-01 00:00:00,2026-08-13 00:00:00,5822,46,0.7844474761255116,1,22,0,0,0,0,False,2003-01-01 00:00:00,,CURRENTLY_ACTIVE,0
GODREJPROP,GODREJPROP_DAILY.csv,EQUITY_CURRENT_MAP,1eb329022733db9f79d1cff123878aa0a7328fe7fe15683cde3c41f894cd546b,2010-01-05 00:00:00,2026-08-13 00:00:00,4107,13,0.31584062196307094,0,0,0,0,0,0,False,2010-01-05 00:00:00,,CURRENTLY_ACTIVE,0
GPIL,GPIL_DAILY.csv,EQUITY_CURRENT_MAP,43594cc73e0f5568e287efae5522661ab985ea194c18a033d52b8b0217f01632,2006-04-25 00:00:00,2026-08-13 00:00:00,5018,17,0.33790498906777977,0,0,0,0,0,0,False,2006-04-25 00:00:00,,CURRENTLY_ACTIVE,0
GRASIM,GRASIM_DAILY.csv,EQUITY_CURRENT_MAP,f1a15af9b0f345c0af0c352e6b8b57b7a32a5aebb1b102f0a5b5aa27047b6494,2003-01-27 00:00:00,2026-08-13 00:00:00,5804,46,0.7868628121792679,1,22,0,0,0,0,False,2003-01-27 00:00:00,,CURRENTLY_ACTIVE,0
GROWW,GROWW_DAILY.csv,EQUITY_CURRENT_MAP,cda5cb6d294ec49c1ce8e1bb4ca3394f698ad0affde48bd1c85ade4961dbb913,2025-11-12 00:00:00,2026-08-13 00:00:00,186,0,0.0,0,0,0,0,0,0,False,2025-11-12 00:00:00,,CURRENTLY_ACTIVE,0
GRSE,GRSE_DAILY.csv,EQUITY_CURRENT_MAP,25601d74a5c87a661a354bc2cdf9226876c1440203d33674ea94b1a2684e33f6,2018-10-10 00:00:00,2026-08-13 00:00:00,1942,1,0.05157297576070139,0,0,0,0,0,0,False,2018-10-10 00:00:00,,CURRENTLY_ACTIVE,0
GVT&D,GVT&D_DAILY.csv,EQUITY_CURRENT_MAP,9a2c6d7c43a569d250a9daff6681f798f6b8822f469110747ed6b0e7e03dc8da,2008-06-30 00:00:00,2026-08-13 00:00:00,4474,14,0.31222123104371097,0,0,0,0,0,0,False,2008-06-30 00:00:00,,CURRENTLY_ACTIVE,0
HAL,HAL_DAILY.csv,EQUITY_CURRENT_MAP,91f5c7b0db21cbbfd9229e8a8f4fd6fa6f23b7bbab4ce4a70812edf81e5af91a,2018-03-28 00:00:00,2026-08-13 00:00:00,2074,1,0.04828585224529213,0,0,0,0,0,0,False,2018-03-28 00:00:00,,CURRENTLY_ACTIVE,0
HANGSENGBEES-NAV,HANGSENGBEES-NAV_DAILY.csv,OTHER_NON_EQUITY_OR_UNRESOLVED,13d9e39c5e2f1194b62e733192d5add14323ccf0d89505e8ae1f20c8054792fc,2015-02-02 00:00:00,2018-11-30 09:15:00,716,853,89.9789029535865,0,0,0,0,716,0,False,2015-02-02 00:00:00,2018-11-30 09:15:00,TERMINATED_OR_SOURCE_ENDED_UNRESOLVED,0
HAVELLS,HAVELLS_DAILY.csv,EQUITY_CURRENT_MAP,0b8a090e9fd42a3f564cee1d0a6aa3f35b17519f5879ce02d5d90fcac0d60c40,2003-01-01 00:00:00,2026-08-13 00:00:00,5822,46,0.7844474761255116,1,22,0,0,1,0,False,2003-01-01 00:00:00,,CURRENTLY_ACTIVE,2
HBLENGINE,HBLENGINE_DAILY.csv,EQUITY_CURRENT_MAP,ba016140d26051e85b095f3c7be11d717963e554ad3d405bac725cb04d1df3c8,2007-01-04 00:00:00,2026-08-13 00:00:00,4843,14,0.288481351741191,0,0,0,0,2,0,False,2007-01-04 00:00:00,,CURRENTLY_ACTIVE,0
HCLTECH,HCLTECH_DAILY.csv,EQUITY_CURRENT_MAP,23ff10814213d116a3352a597cedffefa4da1ceb4de0738499488b4ef578922f,2003-01-27 00:00:00,2026-08-13 00:00:00,5804,46,0.7868628121792679,1,22,0,0,0,0,False,2003-01-27 00:00:00,,CURRENTLY_ACTIVE,0
HDFCAMC,HDFCAMC_DAILY.csv,EQUITY_CURRENT_MAP,6d56f277217c44172132ddd403316383f0ede55712d1c809424127c867ea196a,2018-08-06 00:00:00,2026-08-13 00:00:00,1984,1,0.05047955577990914,0,0,0,0,0,0,False,2018-08-06 00:00:00,,CURRENTLY_ACTIVE,0
HDFCBANK,HDFCBANK_DAILY.csv,EQUITY_CURRENT_MAP,33e37170c316045bfa67ad492017b5df21e0e3b070cd96daaf2fe467ed543869,2003-01-01 00:00:00,2026-08-13 00:00:00,5822,46,0.7844474761255116,1,22,0,0,0,0,False,2003-01-01 00:00:00,,CURRENTLY_ACTIVE,0
HDFCLIFE,HDFCLIFE_DAILY.csv,EQUITY_CURRENT_MAP,a5e7cb018ecb6faad0994a30d0e09e6a90689a7e6761846fb1af0ddcba8bc001,2017-11-17 00:00:00,2026-08-13 00:00:00,2163,1,0.046296296296296294,0,0,0,0,0,0,False,2017-11-17 00:00:00,,CURRENTLY_ACTIVE,0
HEROMOTOCO,HEROMOTOCO_DAILY.csv,EQUITY_CURRENT_MAP,5f619f9ded41991c64d7332adbefe94b4c102100a6bed4fab8c9cc1e083e066b,2003-01-27 00:00:00,2026-08-13 00:00:00,5804,46,0.7868628121792679,1,22,0,0,0,0,False,2003-01-27 00:00:00,,CURRENTLY_ACTIVE,0
HINDALCO,HINDALCO_DAILY.csv,EQUITY_CURRENT_MAP,dfb93f30ea45be672f2653a84c553a4ce915854083dea223aa67a307ad54b6e4,2003-01-27 00:00:00,2026-08-13 00:00:00,5804,46,0.7868628121792679,1,22,0,0,0,0,False,2003-01-27 00:00:00,,CURRENTLY_ACTIVE,0
HINDCOPPER,HINDCOPPER_DAILY.csv,EQUITY_CURRENT_MAP,4a437789fea2bdc2605c29dc3707f9aca8119229045620c2154f62bd8a94fc41,2010-01-08 00:00:00,2026-08-13 00:00:00,4104,13,0.3160709944079747,0,0,0,0,0,0,False,2010-01-08 00:00:00,,CURRENTLY_ACTIVE,0
HINDPETRO,HINDPETRO_DAILY.csv,EQUITY_CURRENT_MAP,0496625b402717bef7966279de13bfd274381be4869de8bbf37ecbbed0406e84,2003-01-27 00:00:00,2026-08-13 00:00:00,5804,46,0.7868628121792679,1,22,0,0,0,0,False,2003-01-27 00:00:00,,CURRENTLY_ACTIVE,2
HINDUNILVR,HINDUNILVR_DAILY.csv,EQUITY_CURRENT_MAP,f893027c55eeac931d64e6bb7c697e180f0df64a19562b591344767e9c2ac0ea,2003-01-27 00:00:00,2026-08-13 00:00:00,5804,46,0.7868628121792679,1,22,0,0,0,0,False,2003-01-27 00:00:00,,CURRENTLY_ACTIVE,0
HINDZINC,HINDZINC_DAILY.csv,EQUITY_CURRENT_MAP,710cc16463807f43f1fb37691043a3fd37c3c836522be3bfeee5ea8af88ebb50,2003-01-01 00:00:00,2026-08-13 00:00:00,4949,919,15.671896316507503,1,919,0,0,0,0,False,2003-01-01 00:00:00,,CURRENTLY_ACTIVE,1
HSCL,HSCL_DAILY.csv,EQUITY_CURRENT_MAP,37bd26ea0e93b8d85c486ea7c55c1ff10dd4ea871cf6b7a5e9a7264ef6b0f240,2007-03-02 00:00:00,2026-08-13 00:00:00,4805,14,0.29075804776739356,0,0,0,0,1,0,False,2007-03-02 00:00:00,,CURRENTLY_ACTIVE,0
HUDCO,HUDCO_DAILY.csv,EQUITY_CURRENT_MAP,a9f5d16e361448064373c0589b898a73cd2d26f3142287488feb06f851aaee32,2017-05-19 00:00:00,2026-08-13 00:00:00,2287,2,0.087527352297593,0,0,0,0,0,0,False,2017-05-19 00:00:00,,CURRENTLY_ACTIVE,0
HYUNDAI,HYUNDAI_DAILY.csv,EQUITY_CURRENT_MAP,6b5ecbb96d7203bf0b0852babe0c32c6394ff9b1eb932b3e7cfcd31414c07edd,2024-10-22 00:00:00,2026-08-13 00:00:00,448,0,0.0,0,0,0,0,0,0,False,2024-10-22 00:00:00,,CURRENTLY_ACTIVE,0
ICICIAMC,ICICIAMC_DAILY.csv,EQUITY_CURRENT_MAP,cc27ea65099ac088ae34a872bd9a9c7dc88b1b19c5c3373665bfbfd8737a51d7,2025-12-19 00:00:00,2026-08-13 00:00:00,159,0,0.0,0,0,0,0,0,0,False,2025-12-19 00:00:00,,CURRENTLY_ACTIVE,0
ICICIBANK,ICICIBANK_DAILY.csv,EQUITY_CURRENT_MAP,256aa60cf0020d4c911d9669fbd7873d94cee05a48398a02e06b4bce2395658d,2003-01-01 00:00:00,2026-08-13 00:00:00,5822,46,0.7844474761255116,1,22,0,0,0,0,False,2003-01-01 00:00:00,,CURRENTLY_ACTIVE,0
ICICIGI,ICICIGI_DAILY.csv,EQUITY_CURRENT_MAP,70b7b2d9e1dac39af97c02b7f27821762aadb01f24dbc64f39886dc769a8d1ef,2017-09-27 00:00:00,2026-08-13 00:00:00,2197,2,0.09111617312072894,0,0,0,0,0,0,False,2017-09-27 00:00:00,,CURRENTLY_ACTIVE,0
IDBI,IDBI_DAILY.csv,EQUITY_CURRENT_MAP,0a48236210f1f1b032e891e77982813a2c966fe5582f2bdac74f4cb40fb95f74,2003-01-27 00:00:00,2026-08-13 00:00:00,5804,46,0.7868628121792679,1,22,0,0,0,0,False,2003-01-27 00:00:00,,CURRENTLY_ACTIVE,0
IDEA,IDEA_DAILY.csv,EQUITY_CURRENT_MAP,dee4116be2ccb583446266eb9eaddb4085fdcf793f77579f7d6df61dd9073392,2007-03-09 00:00:00,2026-08-13 00:00:00,4800,14,0.2910602910602911,0,0,0,0,0,0,False,2007-03-09 00:00:00,,CURRENTLY_ACTIVE,1
IDFCFIRSTB,IDFCFIRSTB_DAILY.csv,EQUITY_CURRENT_MAP,ffb712c51f28f604c6f5abe701d02d7184412eb74ec630cfe8ac2cb3136b3e70,2015-11-06 00:00:00,2026-08-13 00:00:00,2663,3,0.11269722013523667,0,0,0,0,0,0,False,2015-11-06 00:00:00,,CURRENTLY_ACTIVE,0
IFCI,IFCI_DAILY.csv,EQUITY_CURRENT_MAP,259b84b22b87ce7b88124b9b6e07facaf403687e8d4b9bc93976befffa1d2ab1,2003-01-27 00:00:00,2026-08-13 00:00:00,5804,46,0.7868628121792679,1,22,0,0,0,0,False,2003-01-27 00:00:00,,CURRENTLY_ACTIVE,0
IGL,IGL_DAILY.csv,EQUITY_CURRENT_MAP,bdfc068263d919fa4c98c4ec75a9fe01b582b4feca49751571e826a9d431f1a5,2003-12-26 00:00:00,2026-08-13 00:00:00,5575,43,0.7659422871392946,1,22,0,0,0,0,False,2003-12-26 00:00:00,,CURRENTLY_ACTIVE,0
IIFL,IIFL_DAILY.csv,EQUITY_CURRENT_MAP,2e2ef4cfeaa691e222274812c40deb8ad91bcef1460031e077ed8484905ed24f,2005-05-17 00:00:00,2026-08-13 00:00:00,5249,19,0.3609422492401216,0,0,0,0,0,0,False,2005-05-17 00:00:00,,CURRENTLY_ACTIVE,0
IKS,IKS_DAILY.csv,EQUITY_CURRENT_MAP,3c5ada8c22ef3bd3190ce9212d91fa0e6eb33d18cec913e7b2834bc67ae77181,2024-12-19 00:00:00,2026-08-13 00:00:00,408,0,0.0,0,0,0,0,0,0,False,2024-12-19 00:00:00,,CURRENTLY_ACTIVE,0
INDHOTEL,INDHOTEL_DAILY.csv,EQUITY_CURRENT_MAP,9c9cbaaa6f6b8d6c6645438a7c06a70b93737b52af9f8bbbd231f1d258bcc8c2,2003-01-27 00:00:00,2026-08-13 00:00:00,5804,46,0.7868628121792679,1,22,0,0,0,0,False,2003-01-27 00:00:00,,CURRENTLY_ACTIVE,0
INDIANB,INDIANB_DAILY.csv,EQUITY_CURRENT_MAP,63b378e17479bbc42f665df8fcefabc2e610118539540176abab92c2c672107f,2007-03-01 00:00:00,2026-08-13 00:00:00,4806,14,0.29069767441860467,0,0,0,0,0,0,False,2007-03-01 00:00:00,,CURRENTLY_ACTIVE,0
INDIAVIX,INDIAVIX_DAILY.csv,BENCHMARK_OR_INDEX,0ca45d71be3c4e35d3a532765048c8721f7e06968aed9c51f132888ba41ee86d,2009-03-02 00:00:00,2026-08-13 00:00:00,4307,14,0.32399907428835917,2,8,0,0,4294,13,False,2009-03-02 00:00:00,,CURRENTLY_ACTIVE,3
INDUSINDBK,INDUSINDBK_DAILY.csv,EQUITY_CURRENT_MAP,917cabe9b84e66a3e2145ee8cf871458d820212ff274c5c53238e04e748f11cd,2003-01-27 00:00:00,2026-08-13 00:00:00,5804,46,0.7868628121792679,1,22,0,0,0,0,False,2003-01-27 00:00:00,,CURRENTLY_ACTIVE,1
INDUSTOWER,INDUSTOWER_DAILY.csv,EQUITY_CURRENT_MAP,19feb18deb2ef017aa06ad606945f3150ea6ced8045541444727d0eed0865458,2012-12-28 00:00:00,2026-08-13 00:00:00,3366,7,0.20777678836449986,0,0,0,0,0,0,False,2012-12-28 00:00:00,,CURRENTLY_ACTIVE,0
INFY,INFY_DAILY.csv,EQUITY_CURRENT_MAP,c89269fdb3b4fcfab66fae58acb746f3914ffc7b1717761cb1654488fc9653a3,2003-01-01 00:00:00,2026-08-13 00:00:00,5822,46,0.7844474761255116,1,22,0,0,0,0,False,2003-01-01 00:00:00,,CURRENTLY_ACTIVE,0
INOXWIND,INOXWIND_DAILY.csv,EQUITY_CURRENT_MAP,6704a60d3771b6dcceca61d20d60b604330978906c45f555da0e3fe48b7b2d5d,2015-04-09 00:00:00,2026-08-13 00:00:00,2808,3,0.10687566797292483,0,0,0,0,0,0,False,2015-04-09 00:00:00,,CURRENTLY_ACTIVE,0
IOC,IOC_DAILY.csv,EQUITY_CURRENT_MAP,96cbc0abbf929ce80d345c3cf8527e94dae9676bece19c7ace98e45c1183240b,2003-01-27 00:00:00,2026-08-13 00:00:00,5804,46,0.7868628121792679,1,22,0,76,0,0,False,2003-01-27 00:00:00,,CURRENTLY_ACTIVE,5
IRCON,IRCON_DAILY.csv,EQUITY_CURRENT_MAP,49a1bdfb0ec7aff3af080869fb08b1ce3aa610d395c494ba780d09aed90f2b29,2018-09-28 00:00:00,2026-08-13 00:00:00,1949,1,0.051387461459403906,0,0,0,0,0,0,False,2018-09-28 00:00:00,,CURRENTLY_ACTIVE,0
IRCTC,IRCTC_DAILY.csv,EQUITY_CURRENT_MAP,6979b6da2c740e917b1f0d8242884e0045c4df7dd02151676f8d29e17d2933b2,2019-10-14 00:00:00,2026-08-13 00:00:00,1697,0,0.0,0,0,0,0,0,0,False,2019-10-14 00:00:00,,CURRENTLY_ACTIVE,0
IREDA,IREDA_DAILY.csv,EQUITY_CURRENT_MAP,c644a3b5611f5f183f050ec1291fa99a90dbd36db6ed285d9d77094523525912,2023-11-29 00:00:00,2026-08-13 00:00:00,671,0,0.0,0,0,0,0,0,0,False,2023-11-29 00:00:00,,CURRENTLY_ACTIVE,0
IRFC,IRFC_DAILY.csv,EQUITY_CURRENT_MAP,62d6d5b0a94df1b442aded53cb60c5e9a5043d770dd8599c5a71e32468f1bee2,2021-01-29 00:00:00,2026-08-13 00:00:00,1372,0,0.0,0,0,0,0,0,0,False,2021-01-29 00:00:00,,CURRENTLY_ACTIVE,0
ITC,ITC_DAILY.csv,EQUITY_CURRENT_MAP,eb78d80fbe7c305dab1eaf8a484eccdbc7303856c9c0142c2af8bedd22fb020f,2003-01-01 00:00:00,2026-08-13 00:00:00,5822,46,0.7844474761255116,1,22,0,0,0,0,False,2003-01-01 00:00:00,,CURRENTLY_ACTIVE,0
ITI,ITI_DAILY.csv,EQUITY_CURRENT_MAP,9234c171b3618ab219c4e86d5b2da4f07345751944d129b320b10bfddd394cb6,2003-01-01 00:00:00,2026-08-13 00:00:00,5822,46,0.7844474761255116,1,22,0,0,1,0,False,2003-01-01 00:00:00,,CURRENTLY_ACTIVE,0
JBMA,JBMA_DAILY.csv,EQUITY_CURRENT_MAP,e82f252450491ae9af66891d3743397d610d9d6c5bff517ac72c2e2127168fb3,2004-12-17 00:00:00,2026-08-13 00:00:00,5351,20,0.3726476616359232,0,0,0,0,194,0,False,2004-12-17 00:00:00,,CURRENTLY_ACTIVE,0
JINDALSTEL,JINDALSTEL_DAILY.csv,EQUITY_CURRENT_MAP,4cb163b8b0d612b6725e744eb019c717fb09f107cd5a106242458a927421d549,2003-01-01 00:00:00,2026-08-13 00:00:00,5822,46,0.7844474761255116,1,22,0,0,0,0,False,2003-01-01 00:00:00,,CURRENTLY_ACTIVE,2
JMFINANCIL,JMFINANCIL_DAILY.csv,EQUITY_CURRENT_MAP,c3fef03cce3985de073a8ae53e00603ad818f742a75b28190447956fb7a4b223,2003-01-01 00:00:00,2026-08-13 00:00:00,5822,46,0.7844474761255116,1,22,0,0,921,0,False,2003-01-01 00:00:00,,CURRENTLY_ACTIVE,1
JSWCEMENT,JSWCEMENT_DAILY.csv,EQUITY_CURRENT_MAP,ffa56dd0066b4b82591bc430de84ca872c45b7f344af91f3b687150e69d559ae,2025-08-14 00:00:00,2026-08-13 00:00:00,245,0,0.0,0,0,0,0,0,0,False,2025-08-14 00:00:00,,CURRENTLY_ACTIVE,0
JSWENERGY,JSWENERGY_DAILY.csv,EQUITY_CURRENT_MAP,1d244d0dd37e5200213b9dd1531faa7cb173cff7afca2868b709bb3bd5ef5fae,2010-01-04 00:00:00,2026-08-13 00:00:00,4108,13,0.3157639057566189,0,0,0,0,0,0,False,2010-01-04 00:00:00,,CURRENTLY_ACTIVE,0
JSWSTEEL,JSWSTEEL_DAILY.csv,EQUITY_CURRENT_MAP,3b78ff0d09c44e05106960609222d2fccb856c4b48fde0c2da985193ea4fab06,2005-03-23 00:00:00,2026-08-13 00:00:00,5286,19,0.35842293906810035,0,0,0,0,0,0,False,2005-03-23 00:00:00,,CURRENTLY_ACTIVE,0
JUBLFOOD,JUBLFOOD_DAILY.csv,EQUITY_CURRENT_MAP,324e65009148c284dd66e0f175d7876a95982088015d91cf103cd6d62cb2c7be,2010-02-08 00:00:00,2026-08-13 00:00:00,4084,12,0.2932551319648094,0,0,0,0,0,0,False,2010-02-08 00:00:00,,CURRENTLY_ACTIVE,0
JYOTICNC,JYOTICNC_DAILY.csv,EQUITY_CURRENT_MAP,cb6b90bf9714cd0209745fe0ba44060db3abc5cb9f0ef8ad16f817359574eef9,2024-01-16 00:00:00,2026-08-13 00:00:00,638,0,0.0,0,0,0,0,0,0,False,2024-01-16 00:00:00,,CURRENTLY_ACTIVE,0
KALYANKJIL,KALYANKJIL_DAILY.csv,EQUITY_CURRENT_MAP,f9fde2cc96c71ffbf961fb91a61dca963ed00a6714e97a84ebd41d2c946dd8f3,2021-03-26 00:00:00,2026-08-13 00:00:00,1333,0,0.0,0,0,0,0,0,0,False,2021-03-26 00:00:00,,CURRENTLY_ACTIVE,0
KARURVYSYA,KARURVYSYA_DAILY.csv,EQUITY_CURRENT_MAP,024c334549ff2b52de85c4da35fdd441b59a0df6e48055d146750209bcaaf730,2003-01-01 00:00:00,2026-08-13 00:00:00,5822,46,0.7844474761255116,1,22,0,0,1,0,False,2003-01-01 00:00:00,,CURRENTLY_ACTIVE,0
KAYNES,KAYNES_DAILY.csv,EQUITY_CURRENT_MAP,cf15914631ab247fa28deb1312c1c384a20de680746d3219221293fd4e4a0fca,2022-11-22 00:00:00,2026-08-13 00:00:00,924,0,0.0,0,0,0,0,0,0,False,2022-11-22 00:00:00,,CURRENTLY_ACTIVE,0
KEC,KEC_DAILY.csv,EQUITY_CURRENT_MAP,ebdf01251abae65d9c631d9d272fbcca52a6f551c92219e3aed2cdd696739968,2006-03-10 00:00:00,2026-08-13 00:00:00,5046,17,0.33603478948408777,0,0,0,0,0,0,False,2006-03-10 00:00:00,,CURRENTLY_ACTIVE,0
KEI,KEI_DAILY.csv,EQUITY_CURRENT_MAP,9940fe182617101f9fa31c02cd35136f06ca74c53799be81a760445edd7f0f5e,2006-03-23 00:00:00,2026-08-13 00:00:00,5038,17,0.3365670164323896,0,0,0,0,1,0,False,2006-03-23 00:00:00,,CURRENTLY_ACTIVE,0
KFINTECH,KFINTECH_DAILY.csv,EQUITY_CURRENT_MAP,85fd64422320cd40555778aaf5342d3c5dd98fe324d3bf70dbf39cff90aa420f,2022-12-29 00:00:00,2026-08-13 00:00:00,897,0,0.0,0,0,0,0,0,0,False,2022-12-29 00:00:00,,CURRENTLY_ACTIVE,0
KOTAKBANK,KOTAKBANK_DAILY.csv,EQUITY_CURRENT_MAP,f72b18c81b7d7910c5992f26bcf14ac1f2c5ac79eed893e102cacad9422f0c0f,2003-01-01 00:00:00,2026-08-13 00:00:00,5822,46,0.7844474761255116,1,22,0,0,0,0,False,2003-01-01 00:00:00,,CURRENTLY_ACTIVE,0
KPITTECH,KPITTECH_DAILY.csv,EQUITY_CURRENT_MAP,c0fd6a19c3410a5af07e71d434bd3d0fb04bb11b905ca362cbe7f77554eddc55,2019-04-22 00:00:00,2026-08-13 00:00:00,1813,0,0.0,0,0,0,0,0,0,False,2019-04-22 00:00:00,,CURRENTLY_ACTIVE,0
LALPATHLAB,LALPATHLAB_DAILY.csv,EQUITY_CURRENT_MAP,421a2f8a67137b9fd6c8caf734b0811ab3bf314a8d9f5394ca21b0d037cab079,2015-12-23 00:00:00,2026-08-13 00:00:00,2632,3,0.11402508551881414,0,0,0,0,0,0,False,2015-12-23 00:00:00,,CURRENTLY_ACTIVE,0
LAURUSLABS,LAURUSLABS_DAILY.csv,EQUITY_CURRENT_MAP,3eec7e0b2e43a4b973e7b81820ae464d00abb3f4cffa011e795152b339203841,2016-12-19 00:00:00,2026-08-13 00:00:00,2390,2,0.08375209380234507,0,0,0,0,0,0,False,2016-12-19 00:00:00,,CURRENTLY_ACTIVE,0
LENSKART,LENSKART_DAILY.csv,EQUITY_CURRENT_MAP,6e09128fb16938eaab652c07c5be0f0a316c18b572bcba027ba2b7249e743c8e,2025-11-10 00:00:00,2026-08-13 00:00:00,188,0,0.0,0,0,0,0,0,0,False,2025-11-10 00:00:00,,CURRENTLY_ACTIVE,0
LGEINDIA,LGEINDIA_DAILY.csv,EQUITY_CURRENT_MAP,a9cacb8b880d6b05b3fb019255c623456fb60a928ee703c7d11b5bd15735df62,2025-10-14 00:00:00,2026-08-13 00:00:00,205,0,0.0,0,0,0,0,0,0,False,2025-10-14 00:00:00,,CURRENTLY_ACTIVE,0
LICHSGFIN,LICHSGFIN_DAILY.csv,EQUITY_CURRENT_MAP,ee967efecae47c48f5260a9c20831e79e98f081c3737e7525dab216174c03193,2003-01-01 00:00:00,2026-08-13 00:00:00,5822,46,0.7844474761255116,1,22,0,0,0,0,False,2003-01-01 00:00:00,,CURRENTLY_ACTIVE,0
LODHA,LODHA_DAILY.csv,EQUITY_CURRENT_MAP,00abb01ac4e7124677c7d2ecf7e3e9cb08aa969dc5841513869deed7590111c0,2021-04-19 00:00:00,2026-08-13 00:00:00,1320,0,0.0,0,0,0,0,0,0,False,2021-04-19 00:00:00,,CURRENTLY_ACTIVE,0
LT,LT_DAILY.csv,EQUITY_CURRENT_MAP,e5be45e3a426d9256290b15f3ecb94f4895a5cdde3c0460d5637e0476b1e2db1,2003-01-01 00:00:00,2026-08-13 00:00:00,5822,46,0.7844474761255116,1,22,0,0,0,0,False,2003-01-01 00:00:00,,CURRENTLY_ACTIVE,0
LTF,LTF_DAILY.csv,EQUITY_CURRENT_MAP,ef6be337a14859f4e407d2febb8f86109722e38cdbfe47f3c6da8d14a800ca5d,2011-08-12 00:00:00,2026-08-13 00:00:00,3703,12,0.32336297493936944,0,0,0,0,0,0,False,2011-08-12 00:00:00,,CURRENTLY_ACTIVE,0
LTM,LTM_DAILY.csv,EQUITY_CURRENT_MAP,7cc92a0910e61aa57a8ecc79a9363fe25695a41960108b0cdb268ad81543adcf,2016-07-21 00:00:00,2026-08-13 00:00:00,2490,3,0.12053033346725593,0,0,0,0,0,0,False,2016-07-21 00:00:00,,CURRENTLY_ACTIVE,0
LUPIN,LUPIN_DAILY.csv,EQUITY_CURRENT_MAP,95d57f79bd815a11ffaf5b55bda357976a48099f845b96788271fe214c05f5fa,2003-01-01 00:00:00,2026-08-13 00:00:00,5822,46,0.7844474761255116,1,22,0,0,0,0,False,2003-01-01 00:00:00,,CURRENTLY_ACTIVE,0
M&M,M&M_DAILY.csv,EQUITY_CURRENT_MAP,62e42d3f366f7eb60f0833c15cb64a717567e9366aa7f084eccf31c6fb996404,2003-01-01 00:00:00,2026-08-13 00:00:00,5822,46,0.7844474761255116,1,22,0,0,0,0,False,2003-01-01 00:00:00,,CURRENTLY_ACTIVE,0
M&MFIN,M&MFIN_DAILY.csv,EQUITY_CURRENT_MAP,6b1b1e72dc46f7afa551d387bd5a4476e093639e2a5bb5b5fc911f28f703b79b,2006-03-17 00:00:00,2026-08-13 00:00:00,5042,17,0.3363006923837784,0,0,0,0,0,0,False,2006-03-17 00:00:00,,CURRENTLY_ACTIVE,0
MANAPPURAM,MANAPPURAM_DAILY.csv,EQUITY_CURRENT_MAP,b1793dacb8d478e33b791825cf6e408f396e6e26ae67fa5f650296137c0bafd8,2010-06-30 00:00:00,2026-08-13 00:00:00,3987,12,0.30037546933667086,0,0,0,0,0,0,False,2010-06-30 00:00:00,,CURRENTLY_ACTIVE,0
MANKIND,MANKIND_DAILY.csv,EQUITY_CURRENT_MAP,0b33968cd97771c1cbc44de6a56b1212f56f0aa98dbd5835e8645abd14a1876b,2023-05-09 00:00:00,2026-08-13 00:00:00,811,0,0.0,0,0,0,0,0,0,False,2023-05-09 00:00:00,,CURRENTLY_ACTIVE,0
MARICO,MARICO_DAILY.csv,EQUITY_CURRENT_MAP,67d9491ead475f5164ea17a1896c838685ba737c96a7a6fdd6c05251a81e91aa,2003-01-01 00:00:00,2026-08-13 00:00:00,5822,46,0.7844474761255116,1,22,0,0,0,0,False,2003-01-01 00:00:00,,CURRENTLY_ACTIVE,0
MARUTI,MARUTI_DAILY.csv,EQUITY_CURRENT_MAP,bcc4fbc3d3070d1af529c565dc717929d3972993cc1c713212b6e3e98290c02f,2003-07-09 00:00:00,2026-08-13 00:00:00,5693,45,0.7847924659923264,1,22,0,0,0,0,False,2003-07-09 00:00:00,,CURRENTLY_ACTIVE,0
MAZDOCK,MAZDOCK_DAILY.csv,EQUITY_CURRENT_MAP,f970df98cf6776b79d9d73818b4157ae325695acefed5b11b23313bad0cf76fd,2017-12-04 00:00:00,2026-08-13 00:00:00,1456,697,32.433690088413215,8,561,0,8,0,0,False,2017-12-04 00:00:00,,CURRENTLY_ACTIVE,1
MCX,MCX_DAILY.csv,EQUITY_CURRENT_MAP,f6b51583a52a96deb7c07fdc970c1f81e93745bf38fefce8d0cf0020a139bcdf,2012-03-09 00:00:00,2026-08-13 00:00:00,3565,9,0.25210084033613445,0,0,0,0,0,0,False,2012-03-09 00:00:00,,CURRENTLY_ACTIVE,0
MEESHO,MEESHO_DAILY.csv,EQUITY_CURRENT_MAP,7cab61144d5f9bd4b1f29792d8b1c64375f211311386338c2dc194ad8fb2568a,2025-12-10 00:00:00,2026-08-13 00:00:00,166,0,0.0,0,0,0,0,0,0,False,2025-12-10 00:00:00,,CURRENTLY_ACTIVE,0
MFSL,MFSL_DAILY.csv,EQUITY_CURRENT_MAP,85027dc85489b36ef7f981f082657dc7c92076d842cca48d6f4bdfae4d36e166,2000-05-02 00:00:00,2026-08-13 00:00:00,6468,69,1.0561763355273228,1,65,0,0,0,0,False,2000-05-02 00:00:00,,CURRENTLY_ACTIVE,3
MOTHERSON,MOTHERSON_DAILY.csv,EQUITY_CURRENT_MAP,f929ddd9359a863ea8db43f814210d34093a86c86511274dbfd6a323526e7f9b,2003-01-01 00:00:00,2026-08-13 00:00:00,5822,46,0.7844474761255116,1,22,0,0,9,0,False,2003-01-01 00:00:00,,CURRENTLY_ACTIVE,0
MOTILALOFS,MOTILALOFS_DAILY.csv,EQUITY_CURRENT_MAP,70f7bd7126c8a9e8c27b8ec86bbd8f25351538cae73874162a49a950b74ceb79,2007-09-11 00:00:00,2026-08-13 00:00:00,4673,14,0.29895366218236175,0,0,0,0,0,0,False,2007-09-11 00:00:00,,CURRENTLY_ACTIVE,0
MPHASIS,MPHASIS_DAILY.csv,EQUITY_CURRENT_MAP,ccc3d1480fcd75bc03b9b11db4424f21f8053398dda229764e503fd88a9844bd,2003-01-01 00:00:00,2026-08-13 00:00:00,5822,46,0.7844474761255116,1,22,0,0,0,0,False,2003-01-01 00:00:00,,CURRENTLY_ACTIVE,1
MRF,MRF_DAILY.csv,EQUITY_CURRENT_MAP,86b78addd8985c0ce8d38d525c06465c9194818b2d3a2e3b44c329f91f648a10,2003-01-01 00:00:00,2026-08-13 00:00:00,5822,46,0.7844474761255116,1,22,0,0,0,0,False,2003-01-01 00:00:00,,CURRENTLY_ACTIVE,0
MRPL,MRPL_DAILY.csv,EQUITY_CURRENT_MAP,0b1f36845b391801316a1a81d50b41bf18fbaeaab04287460454431234014be4,2003-01-01 00:00:00,2026-08-13 00:00:00,5822,46,0.7844474761255116,1,22,0,0,0,0,False,2003-01-01 00:00:00,,CURRENTLY_ACTIVE,0
MUTHOOTFIN,MUTHOOTFIN_DAILY.csv,EQUITY_CURRENT_MAP,79094e072724a2f1b66923492c2b8e87a05537ddd685513a43b35422fd839ef4,2011-05-06 00:00:00,2026-08-13 00:00:00,3773,12,0.3173763554615181,0,0,0,0,0,0,False,2011-05-06 00:00:00,,CURRENTLY_ACTIVE,0
NATCOPHARM,NATCOPHARM_DAILY.csv,EQUITY_CURRENT_MAP,b50171cb61f9bdcb3ce1be8ab85b95343217ed862d66d3b3fa38896b5608f7f3,2003-01-01 00:00:00,2026-08-13 00:00:00,5822,46,0.7844474761255116,1,22,0,0,1,0,False,2003-01-01 00:00:00,,CURRENTLY_ACTIVE,0
NATIONALUM,NATIONALUM_DAILY.csv,EQUITY_CURRENT_MAP,037de473c5bb875976c14e8d24ee18738e97a72740cd0c76a408fc80825f27db,2003-01-01 00:00:00,2026-08-13 00:00:00,5822,46,0.7844474761255116,1,22,0,0,0,0,False,2003-01-01 00:00:00,,CURRENTLY_ACTIVE,0
NAUKRI,NAUKRI_DAILY.csv,EQUITY_CURRENT_MAP,1b46203eb545d1adc8cd578684ec5a1e7a07c011335fdebf7dfc8982abb6fdee,2006-11-21 00:00:00,2026-08-13 00:00:00,4873,14,0.2867089903747696,0,0,0,0,1,0,False,2006-11-21 00:00:00,,CURRENTLY_ACTIVE,0
NAVINFLUOR,NAVINFLUOR_DAILY.csv,EQUITY_CURRENT_MAP,824c359622684bd6f33ae056f55cc974ca8cf5732fcb3503c75211bb32f6773e,2007-06-01 00:00:00,2026-08-13 00:00:00,4744,14,0.2944888514934792,0,0,0,0,1,0,False,2007-06-01 00:00:00,,CURRENTLY_ACTIVE,0
NBCC,NBCC_DAILY.csv,EQUITY_CURRENT_MAP,4446a135871c6cf3b127358d8dd5bb42df37878f5a2f215c56e728366bcf70a1,2012-04-12 00:00:00,2026-08-13 00:00:00,3543,9,0.25366403607666294,0,0,0,0,0,0,False,2012-04-12 00:00:00,,CURRENTLY_ACTIVE,0
NESTLEIND,NESTLEIND_DAILY.csv,EQUITY_CURRENT_MAP,dc50f91b161a34400ba135c5c257b1180406931532104b793300c6a1c7e70b0f,2010-01-08 00:00:00,2026-08-13 00:00:00,4104,13,0.3160709944079747,0,0,0,0,0,0,False,2010-01-08 00:00:00,,CURRENTLY_ACTIVE,0
NETWEB,NETWEB_DAILY.csv,EQUITY_CURRENT_MAP,e24f52f06f11af73794de736abd6604c30eaaccf292da12f345c297be47555c0,2023-07-27 00:00:00,2026-08-13 00:00:00,755,0,0.0,0,0,0,0,0,0,False,2023-07-27 00:00:00,,CURRENTLY_ACTIVE,0
NEULANDLAB,NEULANDLAB_DAILY.csv,EQUITY_CURRENT_MAP,c4bcfcdb56939a82ef8fb686da10f382e6e19072e0f6d624ec0e7b0b0ae3707e,2003-01-01 00:00:00,2026-08-13 00:00:00,5822,46,0.7844474761255116,1,22,0,0,1462,0,False,2003-01-01 00:00:00,,CURRENTLY_ACTIVE,1
NH,NH_DAILY.csv,EQUITY_CURRENT_MAP,3f384bc72c615436dc5bf41d3e9e3c79eae3a93a39f9c17a7dcdbc099695e83f,2016-01-06 00:00:00,2026-08-13 00:00:00,2623,3,0.11441647597254005,0,0,0,0,0,0,False,2016-01-06 00:00:00,,CURRENTLY_ACTIVE,0
NHPC,NHPC_DAILY.csv,EQUITY_CURRENT_MAP,3a387db70d372699ba682a966f689f15e9a0258fc16cdbc9356a84710865c320,2009-09-01 00:00:00,2026-08-13 00:00:00,4188,14,0.3334921391138637,0,0,0,0,0,0,False,2009-09-01 00:00:00,,CURRENTLY_ACTIVE,0
NIFTY100,NIFTY100_DAILY.csv,BENCHMARK_OR_INDEX,56b87b9ab39d858a91061e41ca131a73989fc5e97ae4048652e38145f5484921,2003-01-02 00:00:00,2026-08-13 00:00:00,5863,0,0.0,0,0,0,0,5850,0,False,2003-01-02 00:00:00,,CURRENTLY_ACTIVE,0
NIFTY100ALPHA30,NIFTY100ALPHA30_DAILY.csv,BENCHMARK_OR_INDEX,0d65043bf5698c001269ee4e49a188b816da5e0b3564af15ce56ee4b807e3e11,2005-04-01 00:00:00,2026-07-20 00:00:00,5282,0,0.0,0,0,0,0,5282,0,False,2005-04-01 00:00:00,2026-07-20 00:00:00,TERMINATED_OR_SOURCE_ENDED_UNRESOLVED,0
NIFTY100ENHANCEDESG,NIFTY100ENHANCEDESG_DAILY.csv,BENCHMARK_OR_INDEX,c9576acca921cc8d1d3ef71d60b6cebecf5669087fab7d662a04435506a1a21a,2011-04-01 00:00:00,2026-07-20 00:00:00,3790,0,0.0,0,0,0,0,3790,0,False,2011-04-01 00:00:00,2026-07-20 00:00:00,TERMINATED_OR_SOURCE_ENDED_UNRESOLVED,0
NIFTY100EQLWGT,NIFTY100EQLWGT_DAILY.csv,BENCHMARK_OR_INDEX,887a21db427e02eb0b37ba0568061b54caf3d5dc9fbf844932d4c90b129fbc27,2003-01-01 00:00:00,2026-07-20 00:00:00,5859,0,0.0,0,0,0,0,5859,0,False,2003-01-01 00:00:00,2026-07-20 00:00:00,TERMINATED_OR_SOURCE_ENDED_UNRESOLVED,6
NIFTY100ESG,NIFTY100ESG_DAILY.csv,BENCHMARK_OR_INDEX,25b5230825668153d036ea7fdf3df27aa09da6f97045c9e32eb32a0fe42f577a,2011-04-01 00:00:00,2026-07-20 00:00:00,3785,5,0.13192612137203166,1,5,0,0,3785,0,False,2011-04-01 00:00:00,2026-07-20 00:00:00,TERMINATED_OR_SOURCE_ENDED_UNRESOLVED,0
NIFTY100ESGSECLDR,NIFTY100ESGSECLDR_DAILY.csv,BENCHMARK_OR_INDEX,bb179460669331895d189686d9a4ff0c360914ef076b8774a370e6b2c9e8d8dd,2014-01-01 00:00:00,2026-07-20 00:00:00,2930,174,5.605670103092783,3,160,0,0,2930,0,False,2014-01-01 00:00:00,2026-07-20 00:00:00,TERMINATED_OR_SOURCE_ENDED_UNRESOLVED,0
NIFTY100LIQ15,NIFTY100LIQ15_DAILY.csv,BENCHMARK_OR_INDEX,4cc908b0d922512db651d0c47447663dcde6510ddbf5114047d0e55391d57763,2009-01-01 00:00:00,2026-07-20 00:00:00,5110,0,0.0,0,0,0,0,5110,0,False,2009-01-01 00:00:00,2026-07-20 00:00:00,TERMINATED_OR_SOURCE_ENDED_UNRESOLVED,0
NIFTY100LOWVOL30,NIFTY100LOWVOL30_DAILY.csv,BENCHMARK_OR_INDEX,b1e18feabac0a660b572b0111da5c6718515a769598bab9e1f783706cdca32dd,2005-04-01 00:00:00,2026-07-20 00:00:00,5454,0,0.0,0,0,0,0,5454,0,False,2005-04-01 00:00:00,2026-07-20 00:00:00,TERMINATED_OR_SOURCE_ENDED_UNRESOLVED,320
NIFTY100QUALTY30,NIFTY100QUALTY30_DAILY.csv,BENCHMARK_OR_INDEX,8ee93c6e2c9ac5e803259e10caa428cf2e5318a345ea4c9797ec6ff02ca99860,2009-10-01 00:00:00,2026-07-20 00:00:00,4129,134,3.2172869147659062,1,134,0,0,4129,0,False,2009-10-01 00:00:00,2026-07-20 00:00:00,TERMINATED_OR_SOURCE_ENDED_UNRESOLVED,7
NIFTY200,NIFTY200_DAILY.csv,BENCHMARK_OR_INDEX,eb6ec7bb581fc113aff2517a4ca77866a5fd1be2a303f142a9a0abf234aae687,2004-01-01 00:00:00,2026-08-13 00:00:00,5610,0,0.0,0,0,0,0,5597,0,False,2004-01-01 00:00:00,,CURRENTLY_ACTIVE,0
NIFTY200ALPHA30,NIFTY200ALPHA30_DAILY.csv,BENCHMARK_OR_INDEX,4f985f7df1a03ab4fc128cac7e4234362eef9b044460e8db9a6ae24b6f73b059,2005-04-01 00:00:00,2026-07-20 00:00:00,5282,0,0.0,0,0,0,0,5282,0,False,2005-04-01 00:00:00,2026-07-20 00:00:00,TERMINATED_OR_SOURCE_ENDED_UNRESOLVED,0
NIFTY200MOMENTM30,NIFTY200MOMENTM30_DAILY.csv,BENCHMARK_OR_INDEX,039c5a790922293dfb793cbe89df8c9a937e5c1efc41972cc71cca3b7339c9f7,2005-04-01 00:00:00,2026-07-20 00:00:00,5268,14,0.2650511170011359,2,5,0,0,5268,0,False,2005-04-01 00:00:00,2026-07-20 00:00:00,TERMINATED_OR_SOURCE_ENDED_UNRESOLVED,0
NIFTY200QUALTY30,NIFTY200QUALTY30_DAILY.csv,BENCHMARK_OR_INDEX,98400fb7143ed4e987920031cbea9f654c3890c72a9f5d8d95a0f764e3311658,2005-04-01 00:00:00,2026-07-20 00:00:00,5288,0,0.0,0,0,0,0,5288,0,False,2005-04-01 00:00:00,2026-07-20 00:00:00,TERMINATED_OR_SOURCE_ENDED_UNRESOLVED,2
NIFTY200VALUE30,NIFTY200VALUE30_DAILY.csv,BENCHMARK_OR_INDEX,f3deec3bf63804d6e8ebd776afcae5629df6e759b1bacac433329c2c1f3c1ecf,2005-04-01 00:00:00,2026-07-20 00:00:00,5282,0,0.0,0,0,0,0,5282,0,False,2005-04-01 00:00:00,2026-07-20 00:00:00,TERMINATED_OR_SOURCE_ENDED_UNRESOLVED,0
NIFTY50,NIFTY50_DAILY.csv,BENCHMARK_OR_INDEX,f6fd5a0b26f946326491d260280073459d57621fc3a328a0373bacd5a99bd625,2000-01-03 00:00:00,2026-08-13 00:00:00,6613,0,0.0,0,0,0,0,6600,0,False,2000-01-03 00:00:00,,CURRENTLY_ACTIVE,0
NIFTY500,NIFTY500_DAILY.csv,BENCHMARK_OR_INDEX,8227bf1784c1f0c2e49a8cedfd085f75d8d899b60d69fe467b12286a8a216607,2000-01-03 00:00:00,2026-08-13 00:00:00,6612,1,0.015121729925903523,0,0,0,0,6599,0,False,2000-01-03 00:00:00,,CURRENTLY_ACTIVE,0
NIFTY500EQUALWEIGHT,NIFTY500EQUALWEIGHT_DAILY.csv,BENCHMARK_OR_INDEX,2b768049b73d00604c4af4ed96b9be1bdc1125b966131582f682adc84b1a3c72,2005-04-01 00:00:00,2026-07-20 00:00:00,5282,0,0.0,0,0,0,0,5282,0,False,2005-04-01 00:00:00,2026-07-20 00:00:00,TERMINATED_OR_SOURCE_ENDED_UNRESOLVED,0
NIFTY500FLEXICAP,NIFTY500FLEXICAP_DAILY.csv,BENCHMARK_OR_INDEX,941484d86696d5a23125a5375fcf87b149a7419d60c9f21b9b9f8e2102c3b0e5,2025-11-10 00:00:00,2026-07-20 00:00:00,171,0,0.0,0,0,0,0,171,0,False,2025-11-10 00:00:00,2026-07-20 00:00:00,TERMINATED_OR_SOURCE_ENDED_UNRESOLVED,0
NIFTY500HEALTH,NIFTY500HEALTH_DAILY.csv,BENCHMARK_OR_INDEX,1a37ae69db99722bbfc91f94de95ed4b74c3957b21e94c7f568f18b1b68b3451,2025-11-07 00:00:00,2026-07-20 00:00:00,172,0,0.0,0,0,0,0,172,0,False,2025-11-07 00:00:00,2026-07-20 00:00:00,TERMINATED_OR_SOURCE_ENDED_UNRESOLVED,0
NIFTY500LMSEQL,NIFTY500LMSEQL_DAILY.csv,BENCHMARK_OR_INDEX,b844f2bb2f6cd8e80732c02603fcf8e2a131e01c76baccf158939a8982c0383d,2005-04-01 00:00:00,2026-07-20 00:00:00,5282,0,0.0,0,0,0,0,5282,0,False,2005-04-01 00:00:00,2026-07-20 00:00:00,TERMINATED_OR_SOURCE_ENDED_UNRESOLVED,0
NIFTY500LOWVOL50,NIFTY500LOWVOL50_DAILY.csv,BENCHMARK_OR_INDEX,5f56161418f1cf0921fbe8f1f0ef8e5cc31fe8a8471fb4bb59a471b95d88eb4b,2005-04-01 00:00:00,2026-07-20 00:00:00,5282,0,0.0,0,0,0,0,5282,0,False,2005-04-01 00:00:00,2026-07-20 00:00:00,TERMINATED_OR_SOURCE_ENDED_UNRESOLVED,0
NIFTY500MOMENTM50,NIFTY500MOMENTM50_DAILY.csv,BENCHMARK_OR_INDEX,e4b9bf0a4f8bd55c144e8ce92045d6aed81827934e0e7542aec6891b1a2757b6,2005-04-01 00:00:00,2026-07-20 00:00:00,5282,0,0.0,0,0,0,0,5282,0,False,2005-04-01 00:00:00,2026-07-20 00:00:00,TERMINATED_OR_SOURCE_ENDED_UNRESOLVED,0
NIFTY500MQVLV50,NIFTY500MQVLV50_DAILY.csv,BENCHMARK_OR_INDEX,df8c412857b38b49ebf6e566c6ddc05480a26b105c62c4f21db43476bb3de172,2005-04-01 00:00:00,2026-07-20 00:00:00,5282,0,0.0,0,0,0,0,5282,0,False,2005-04-01 00:00:00,2026-07-20 00:00:00,TERMINATED_OR_SOURCE_ENDED_UNRESOLVED,0
NIFTY500MULTICAP,NIFTY500MULTICAP_DAILY.csv,BENCHMARK_OR_INDEX,5e6a6bfe4deb87b1eabaa0ff482054072be932b9fc2e420973dd987925b6e6dc,2005-04-01 00:00:00,2026-07-20 00:00:00,5270,12,0.22718667171525936,2,5,0,0,5270,0,False,2005-04-01 00:00:00,2026-07-20 00:00:00,TERMINATED_OR_SOURCE_ENDED_UNRESOLVED,0
NIFTY500QLTY50,NIFTY500QLTY50_DAILY.csv,BENCHMARK_OR_INDEX,9462c907d5bb43e52a5c43fa9fcb30583ba0be220076d756f88905e61a459c0a,2005-04-01 00:00:00,2026-07-20 00:00:00,5282,0,0.0,0,0,0,0,5282,0,False,2005-04-01 00:00:00,2026-07-20 00:00:00,TERMINATED_OR_SOURCE_ENDED_UNRESOLVED,0
NIFTY500SHARIAH,NIFTY500SHARIAH_DAILY.csv,BENCHMARK_OR_INDEX,71c608a0e0692cb1096e06f79009716421766f8b6b73ebb280a3d885ab53fd0f,2006-12-29 00:00:00,2026-07-20 00:00:00,4843,0,0.0,0,0,0,0,4843,0,False,2006-12-29 00:00:00,2026-07-20 00:00:00,TERMINATED_OR_SOURCE_ENDED_UNRESOLVED,0
NIFTY500VALUE50,NIFTY500VALUE50_DAILY.csv,BENCHMARK_OR_INDEX,3a4aeae3916c4350bd4f66665afef58df987a614542b2fa8a1eda892b754695e,2005-04-01 00:00:00,2026-07-20 00:00:00,5282,0,0.0,0,0,0,0,5282,0,False,2005-04-01 00:00:00,2026-07-20 00:00:00,TERMINATED_OR_SOURCE_ENDED_UNRESOLVED,0
NIFTY50DIVPOINT,NIFTY50DIVPOINT_DAILY.csv,BENCHMARK_OR_INDEX,0b90f175f0712d8675cbff29e0e94af6e7e81500fd6babc27cca7e1c3defac4f,2012-03-19 00:00:00,2026-07-20 00:00:00,3483,924,26.02083920022529,2,910,0,854,3483,0,False,2012-03-19 00:00:00,2026-07-20 00:00:00,TERMINATED_OR_SOURCE_ENDED_UNRESOLVED,75
NIFTY50EQLWGT,NIFTY50EQLWGT_DAILY.csv,BENCHMARK_OR_INDEX,e5910ecb0ff45dc22981fc733a6e29dfa461325ca59f4d84919c8b6fec98c984,2015-11-09 07:16:46,2026-07-20 00:00:00,1590,1251,47.261050245561016,0,0,0,0,1590,0,False,2015-11-09 07:16:46,2026-07-20 00:00:00,TERMINATED_OR_SOURCE_ENDED_UNRESOLVED,0
NIFTY50PR1XINV,NIFTY50PR1XINV_DAILY.csv,BENCHMARK_OR_INDEX,633f3050ed62569e9d6479d20f430498e9c747a1b213260b9f7723b966d46588,2009-04-02 00:00:00,2026-07-20 00:00:00,5143,0,0.0,0,0,0,0,5143,0,False,2009-04-02 00:00:00,2026-07-20 00:00:00,TERMINATED_OR_SOURCE_ENDED_UNRESOLVED,0
NIFTY50PR2XLEV,NIFTY50PR2XLEV_DAILY.csv,BENCHMARK_OR_INDEX,d9ffcd17385580d4c44be7550283233ae1d8dc50388e6ce2973c7c4676a2ec62,2009-04-02 00:00:00,2026-07-20 00:00:00,5143,0,0.0,0,0,0,0,5143,0,False,2009-04-02 00:00:00,2026-07-20 00:00:00,TERMINATED_OR_SOURCE_ENDED_UNRESOLVED,0
NIFTY50SHARIAH,NIFTY50SHARIAH_DAILY.csv,BENCHMARK_OR_INDEX,b78d02c19bda9edd7421b34b1ee7325ee1a65e09447aa810dd5c99e502f0fe34,2006-12-29 00:00:00,2026-07-20 00:00:00,4843,0,0.0,0,0,0,0,4843,0,False,2006-12-29 00:00:00,2026-07-20 00:00:00,TERMINATED_OR_SOURCE_ENDED_UNRESOLVED,0
NIFTY50TR1XINV,NIFTY50TR1XINV_DAILY.csv,BENCHMARK_OR_INDEX,96823c0b89477952a4b5d7b8893cddfb33b4162a22de93f37fa0baa4416ca91f,2009-04-02 00:00:00,2026-07-20 00:00:00,5143,0,0.0,0,0,0,0,5143,0,False,2009-04-02 00:00:00,2026-07-20 00:00:00,TERMINATED_OR_SOURCE_ENDED_UNRESOLVED,0
NIFTY50TR2XLEV,NIFTY50TR2XLEV_DAILY.csv,BENCHMARK_OR_INDEX,016c69847abd79d3f433ccb8dc93d874d925450081b04951779f41954c492d59,2009-04-02 00:00:00,2026-07-20 00:00:00,4766,377,8.794028458129228,1,377,0,0,4766,0,False,2009-04-02 00:00:00,2026-07-20 00:00:00,TERMINATED_OR_SOURCE_ENDED_UNRESOLVED,0
NIFTY50USD,NIFTY50USD_DAILY.csv,BENCHMARK_OR_INDEX,b6f9c81430a05fa7a8c828c67009e1ec3947de4194fbe9baacc42617992cec0c,2000-01-03 00:00:00,2026-07-20 00:00:00,6593,7,0.10606060606060606,0,0,0,0,6593,0,False,2000-01-03 00:00:00,2026-07-20 00:00:00,TERMINATED_OR_SOURCE_ENDED_UNRESOLVED,1
NIFTY50VALUE20,NIFTY50VALUE20_DAILY.csv,BENCHMARK_OR_INDEX,4ba2bb24007bb04646604444aff8d81ef35f966c217f4eb0b22ea5c1e3462c97,2009-01-01 00:00:00,2026-07-20 00:00:00,4347,0,0.0,0,0,0,0,4347,0,False,2009-01-01 00:00:00,2026-07-20 00:00:00,TERMINATED_OR_SOURCE_ENDED_UNRESOLVED,0
NIFTYALPHA50,NIFTYALPHA50_DAILY.csv,BENCHMARK_OR_INDEX,13d67d7db3722985ff0b5ef3f643710c6c341f9be8459f39e686515d973f2a0f,2003-12-31 00:00:00,2026-07-20 00:00:00,5598,0,0.0,0,0,0,0,5598,0,False,2003-12-31 00:00:00,2026-07-20 00:00:00,TERMINATED_OR_SOURCE_ENDED_UNRESOLVED,0
NIFTYALPHALOWVOL,NIFTYALPHALOWVOL_DAILY.csv,BENCHMARK_OR_INDEX,f15b464aaea0e655fb5bcf8b9ec8981f181eb56d932bab4105bdade6219af8bb,2005-04-01 00:00:00,2026-07-20 00:00:00,5281,7,0.13252555850056796,1,5,0,0,5281,0,False,2005-04-01 00:00:00,2026-07-20 00:00:00,TERMINATED_OR_SOURCE_ENDED_UNRESOLVED,2
NIFTYAQL30,NIFTYAQL30_DAILY.csv,BENCHMARK_OR_INDEX,9283c8cd2159a2d6e7974f092d8229ca596d7bfc4553a20bf64976b5204c4511,2005-04-01 00:00:00,2026-07-20 00:00:00,5282,0,0.0,0,0,0,0,5282,0,False,2005-04-01 00:00:00,2026-07-20 00:00:00,TERMINATED_OR_SOURCE_ENDED_UNRESOLVED,0
NIFTYAQLV30,NIFTYAQLV30_DAILY.csv,BENCHMARK_OR_INDEX,42fe23b375ea5f96775a928513056b642881aae464aea410cf4af05874c9fae4,2005-04-01 00:00:00,2026-07-20 00:00:00,5282,0,0.0,0,0,0,0,5282,0,False,2005-04-01 00:00:00,2026-07-20 00:00:00,TERMINATED_OR_SOURCE_ENDED_UNRESOLVED,0
NIFTYAUTO,NIFTYAUTO_DAILY.csv,BENCHMARK_OR_INDEX,ee80cd8b9e1515db90978ed75093dbddd61f0ac7818eb0f0b29778c5247345e6,2004-01-01 00:00:00,2026-08-13 00:00:00,5610,0,0.0,0,0,0,0,5597,0,False,2004-01-01 00:00:00,,CURRENTLY_ACTIVE,0
NIFTYBANK,NIFTYBANK_DAILY.csv,BENCHMARK_OR_INDEX,02009cdaafee1d2d33160d0cf13fabe6a1e434802a6de3e355df9b62b4e6e40b,2000-01-01 00:00:00,2026-08-13 00:00:00,6600,14,0.21170421896264932,2,8,0,0,6587,0,False,2000-01-01 00:00:00,,CURRENTLY_ACTIVE,0
NIFTYCAPITALMKT,NIFTYCAPITALMKT_DAILY.csv,BENCHMARK_OR_INDEX,0d3ceb045905a044382cae422ea72ca486e2899567bf252509e702fcec6687e7,2019-04-01 00:00:00,2026-07-20 00:00:00,1809,0,0.0,0,0,0,0,1809,0,False,2019-04-01 00:00:00,2026-07-20 00:00:00,TERMINATED_OR_SOURCE_ENDED_UNRESOLVED,0
NIFTYCHEMICALS,NIFTYCHEMICALS_DAILY.csv,BENCHMARK_OR_INDEX,3df6a1bee6c4273f1a09248bba63c4ba71c0f399f61e86c58ac407203e1a2833,2025-11-24 00:00:00,2026-07-20 00:00:00,161,0,0.0,0,0,0,0,161,0,False,2025-11-24 00:00:00,2026-07-20 00:00:00,TERMINATED_OR_SOURCE_ENDED_UNRESOLVED,0
NIFTYCOMMODITIES,NIFTYCOMMODITIES_DAILY.csv,BENCHMARK_OR_INDEX,4d40bed216ea7d57ae1cea53bd314f400397d366791670bbae840c652e23a359,2007-12-03 00:00:00,2026-07-20 00:00:00,5312,0,0.0,0,0,0,0,5312,0,False,2007-12-03 00:00:00,2026-07-20 00:00:00,TERMINATED_OR_SOURCE_ENDED_UNRESOLVED,121
NIFTYCONGLOMERATE,NIFTYCONGLOMERATE_DAILY.csv,BENCHMARK_OR_INDEX,d2221c3395b45ed613a5aba5cf369190837c721301687997a998d439e66f9805,2026-07-20 00:00:00,2026-07-20 00:00:00,1,0,0.0,0,0,0,0,1,0,False,2026-07-20 00:00:00,2026-07-20 00:00:00,TERMINATED_OR_SOURCE_ENDED_UNRESOLVED,0
NIFTYCONSRDURBL,NIFTYCONSRDURBL_DAILY.csv,BENCHMARK_OR_INDEX,0637708997d42127da0a38ace082b19d015bd0e7ccf7b6ff026e0ca85c189ace,2005-04-01 00:00:00,2026-07-20 00:00:00,5282,0,0.0,0,0,0,0,5282,0,False,2005-04-01 00:00:00,2026-07-20 00:00:00,TERMINATED_OR_SOURCE_ENDED_UNRESOLVED,0
NIFTYCONSUMPTION,NIFTYCONSUMPTION_DAILY.csv,BENCHMARK_OR_INDEX,79db279d6181dd508cfdafab3e0c6ab6ac1a9ea6808b4aa13385f083618ecee0,2006-01-02 00:00:00,2026-07-20 00:00:00,5092,0,0.0,0,0,0,0,5092,0,False,2006-01-02 00:00:00,2026-07-20 00:00:00,TERMINATED_OR_SOURCE_ENDED_UNRESOLVED,0
NIFTYCOREHOUSING,NIFTYCOREHOUSING_DAILY.csv,BENCHMARK_OR_INDEX,ab0ab791bd5f7d423256b18489f56d969a74540f77993fd4a0722aa924cdfcfb,2005-04-01 00:00:00,2026-07-20 00:00:00,5282,0,0.0,0,0,0,0,5282,0,False,2005-04-01 00:00:00,2026-07-20 00:00:00,TERMINATED_OR_SOURCE_ENDED_UNRESOLVED,0
NIFTYCORPMAATR,NIFTYCORPMAATR_DAILY.csv,BENCHMARK_OR_INDEX,1afb4721389595fe71ed438c385e2729e5dad550a622ddeff0bad98d7cb6d921,2005-04-01 00:00:00,2026-07-20 00:00:00,5281,1,0.01893222264293828,0,0,0,0,5281,0,False,2005-04-01 00:00:00,2026-07-20 00:00:00,TERMINATED_OR_SOURCE_ENDED_UNRESOLVED,0
NIFTYCPSE,NIFTYCPSE_DAILY.csv,BENCHMARK_OR_INDEX,4cc203e9b016e22bcf2022dd286db88f7856fab5507ce56e916dcc9cd726ee30,2004-01-01 00:00:00,2026-07-20 00:00:00,5696,0,0.0,0,0,0,0,5696,0,False,2004-01-01 00:00:00,2026-07-20 00:00:00,TERMINATED_OR_SOURCE_ENDED_UNRESOLVED,0
NIFTYDIVOPPS50,NIFTYDIVOPPS50_DAILY.csv,BENCHMARK_OR_INDEX,ca3b02b737e0f4f73be405dcd8e32dbee66c530023d72f47749ffe9e9ad5b4b0,2007-10-01 00:00:00,2026-07-20 00:00:00,4602,910,19.5446735395189,1,910,0,0,4602,0,False,2007-10-01 00:00:00,2026-07-20 00:00:00,TERMINATED_OR_SOURCE_ENDED_UNRESOLVED,0
NIFTYENERGY,NIFTYENERGY_DAILY.csv,BENCHMARK_OR_INDEX,3b0137eace09f367d887665de6e6dce5239bf54ab08f342cbad7b33d4fadb70e,2001-01-01 00:00:00,2026-08-13 00:00:00,6362,1,0.015715857300015717,0,0,0,0,6349,0,False,2001-01-01 00:00:00,,CURRENTLY_ACTIVE,0
NIFTYEV,NIFTYEV_DAILY.csv,BENCHMARK_OR_INDEX,f8f96a646ebd4c3be5a9b732921fc4bf9e89fbf0a2da4a211656e3c55279ebc1,2018-04-02 00:00:00,2026-07-20 00:00:00,2057,0,0.0,0,0,0,0,2057,0,False,2018-04-02 00:00:00,2026-07-20 00:00:00,TERMINATED_OR_SOURCE_ENDED_UNRESOLVED,0
NIFTYFINSEREXBNK,NIFTYFINSEREXBNK_DAILY.csv,BENCHMARK_OR_INDEX,2409047b39845f37eb0d654799d43a08a68ff1df7a34916ec25803da435944e0,2005-04-01 00:00:00,2026-07-20 00:00:00,5282,0,0.0,0,0,0,0,5282,0,False,2005-04-01 00:00:00,2026-07-20 00:00:00,TERMINATED_OR_SOURCE_ENDED_UNRESOLVED,0
NIFTYFINSERVICE,NIFTYFINSERVICE_DAILY.csv,BENCHMARK_OR_INDEX,20ee9383e81385b6f18518575dc91bc41e1130092d29ad3fb2b99f11bc489dcb,2004-01-01 00:00:00,2026-08-13 00:00:00,5609,1,0.017825311942959002,0,0,0,0,5596,0,False,2004-01-01 00:00:00,,CURRENTLY_ACTIVE,0
NIFTYFINSRV2550,NIFTYFINSRV2550_DAILY.csv,BENCHMARK_OR_INDEX,a33a45c971c4d76a3b00c7d9b1e390a64ce9a6d8973066562e699c5e2c024d06,2004-01-01 00:00:00,2026-07-20 00:00:00,5584,13,0.23226728604609612,2,5,0,0,5584,0,False,2004-01-01 00:00:00,2026-07-20 00:00:00,TERMINATED_OR_SOURCE_ENDED_UNRESOLVED,0
NIFTYFMCG,NIFTYFMCG_DAILY.csv,BENCHMARK_OR_INDEX,fcd4ceb55ed19d518471b65948bc5dbbc47e99a1243adedca093267b306f62ca,2000-01-03 00:00:00,2026-08-13 00:00:00,6612,1,0.015121729925903523,0,0,0,0,6599,0,False,2000-01-03 00:00:00,,CURRENTLY_ACTIVE,0
NIFTYFPI150,NIFTYFPI150_DAILY.csv,BENCHMARK_OR_INDEX,ec9bd22df8e963686f4aeb55ed1d263babdcdd373f81088a0c6a4f58e37a3cda,2022-10-03 00:00:00,2026-07-20 00:00:00,940,0,0.0,0,0,0,0,940,0,False,2022-10-03 00:00:00,2026-07-20 00:00:00,TERMINATED_OR_SOURCE_ENDED_UNRESOLVED,0
NIFTYGROWSECT15,NIFTYGROWSECT15_DAILY.csv,BENCHMARK_OR_INDEX,c0040ef1da9dad37171e401142f23a97b9d40c1c9ac20ecc8051255ccb468d67,2009-01-01 00:00:00,2026-07-20 00:00:00,4880,230,5.291005291005291,1,230,0,0,4880,0,False,2009-01-01 00:00:00,2026-07-20 00:00:00,TERMINATED_OR_SOURCE_ENDED_UNRESOLVED,479
NIFTYGS10YR,NIFTYGS10YR_DAILY.csv,BENCHMARK_OR_INDEX,ce9757ff385b1b62a9abb6e5f51fa9ad26238ea8dc28aec9d3edf532c7cd6858,2001-01-02 00:00:00,2026-07-20 00:00:00,8113,15,0.23625767837454717,1,14,0,0,8113,0,False,2001-01-02 00:00:00,2026-07-20 00:00:00,TERMINATED_OR_SOURCE_ENDED_UNRESOLVED,2
NIFTYGS10YRCLN,NIFTYGS10YRCLN_DAILY.csv,BENCHMARK_OR_INDEX,18b98673024bfc50a897fdafc487c9ed82934a02072a30d99a7ebf1550e7eeba,2018-01-01 00:00:00,2026-07-20 00:00:00,2092,26,1.2281530467642892,1,23,0,0,2092,0,False,2018-01-01 00:00:00,2026-07-20 00:00:00,TERMINATED_OR_SOURCE_ENDED_UNRESOLVED,0
NIFTYGS1115YR,NIFTYGS1115YR_DAILY.csv,BENCHMARK_OR_INDEX,a027f0ce9fe6907481fc90ce7fb28b3fd5799f414e9854815b8fece04e6a7b59,2018-01-01 00:00:00,2026-07-20 00:00:00,2116,1,0.04723665564478035,0,0,0,0,2116,0,False,2018-01-01 00:00:00,2026-07-20 00:00:00,TERMINATED_OR_SOURCE_ENDED_UNRESOLVED,0
NIFTYGS15YRPLUS,NIFTYGS15YRPLUS_DAILY.csv,BENCHMARK_OR_INDEX,dd61442d2a0a8812943af1df93cfb0668375f2b13fd0109d975ffee9f110a859,2015-11-09 07:16:46,2026-07-20 00:00:00,2122,531,20.06044578768417,0,0,0,0,2122,0,False,2015-11-09 07:16:46,2026-07-20 00:00:00,TERMINATED_OR_SOURCE_ENDED_UNRESOLVED,2
NIFTYGS48YR,NIFTYGS48YR_DAILY.csv,BENCHMARK_OR_INDEX,656c8060f84d1bfd13d3a5a0aa1476633506c0305c8d1ea2ed1f42a171cc95f4,2015-11-09 07:16:46,2026-07-20 00:00:00,2855,556,21.00491122024934,1,23,0,0,2855,0,False,2015-11-09 07:16:46,2026-07-20 00:00:00,TERMINATED_OR_SOURCE_ENDED_UNRESOLVED,463
NIFTYGS813YR,NIFTYGS813YR_DAILY.csv,BENCHMARK_OR_INDEX,c3222b2c1a22b76c6b86c931f343803a4eabd133b1304b2a23df7a251adfa428,2015-11-09 07:16:46,2026-07-20 00:00:00,2855,556,21.00491122024934,1,23,0,0,2855,0,False,2015-11-09 07:16:46,2026-07-20 00:00:00,TERMINATED_OR_SOURCE_ENDED_UNRESOLVED,116
NIFTYGSCOMPSITE,NIFTYGSCOMPSITE_DAILY.csv,BENCHMARK_OR_INDEX,e8398ddedacf8e88758eb2915f83aa865bec0de95a29928f5ae603413246fdff,2015-11-09 07:16:46,2026-07-20 00:00:00,2122,532,20.098224404986777,0,0,0,0,2122,0,False,2015-11-09 07:16:46,2026-07-20 00:00:00,TERMINATED_OR_SOURCE_ENDED_UNRESOLVED,2
NIFTYHEALTHCARE,NIFTYHEALTHCARE_DAILY.csv,BENCHMARK_OR_INDEX,8c86de57e59007b84181f296382a07c0ec75027493c4a2b02978d2d6fea64edc,2005-04-01 00:00:00,2026-07-20 00:00:00,5270,12,0.22718667171525936,2,5,0,0,5270,0,False,2005-04-01 00:00:00,2026-07-20 00:00:00,TERMINATED_OR_SOURCE_ENDED_UNRESOLVED,0
NIFTYHIGHBETA50,NIFTYHIGHBETA50_DAILY.csv,BENCHMARK_OR_INDEX,debf023e313bf3e146e461afe3de5755a307528bcd5367ccb379e82625d4ebfd,2003-12-31 00:00:00,2026-07-20 00:00:00,5598,0,0.0,0,0,0,0,5598,0,False,2003-12-31 00:00:00,2026-07-20 00:00:00,TERMINATED_OR_SOURCE_ENDED_UNRESOLVED,0
NIFTYHOUSING,NIFTYHOUSING_DAILY.csv,BENCHMARK_OR_INDEX,0105030d1e74ddfece1203ad26263ec7fb80c3103e1c665fe9761e8756a327cd,2005-04-01 00:00:00,2026-07-20 00:00:00,5282,0,0.0,0,0,0,0,5282,0,False,2005-04-01 00:00:00,2026-07-20 00:00:00,TERMINATED_OR_SOURCE_ENDED_UNRESOLVED,0
NIFTYINDDEFENCE,NIFTYINDDEFENCE_DAILY.csv,BENCHMARK_OR_INDEX,def05adf03a2bde9165e45d5a8ce7f8f3fd6b3af0707ee91b871675aee8b4de9,2018-04-02 00:00:00,2026-07-20 00:00:00,2057,0,0.0,0,0,0,0,2057,0,False,2018-04-02 00:00:00,2026-07-20 00:00:00,TERMINATED_OR_SOURCE_ENDED_UNRESOLVED,0
NIFTYINDDIGITAL,NIFTYINDDIGITAL_DAILY.csv,BENCHMARK_OR_INDEX,4331730b6dbbb4863ec9767976993cecb52644ab5d574564efb8d85b10390520,2005-04-01 00:00:00,2026-07-20 00:00:00,5270,12,0.22718667171525936,2,5,0,0,5270,0,False,2005-04-01 00:00:00,2026-07-20 00:00:00,TERMINATED_OR_SOURCE_ENDED_UNRESOLVED,0
NIFTYINDIAMFG,NIFTYINDIAMFG_DAILY.csv,BENCHMARK_OR_INDEX,6c533d6a7b99a49f4eaf6e332500963f3e47488365948735017da2ea24454b49,2005-04-01 00:00:00,2026-07-20 00:00:00,5270,12,0.22718667171525936,2,5,0,0,5270,0,False,2005-04-01 00:00:00,2026-07-20 00:00:00,TERMINATED_OR_SOURCE_ENDED_UNRESOLVED,0
NIFTYINDTOURISM,NIFTYINDTOURISM_DAILY.csv,BENCHMARK_OR_INDEX,4c0b9e9219d66a7cf37d2e33c20c9b9bcb29c24d74e44e2fb74a1b27f4c4940e,2005-04-01 00:00:00,2026-07-20 00:00:00,5282,0,0.0,0,0,0,0,5282,0,False,2005-04-01 00:00:00,2026-07-20 00:00:00,TERMINATED_OR_SOURCE_ENDED_UNRESOLVED,0
NIFTYINFRA,NIFTYINFRA_DAILY.csv,BENCHMARK_OR_INDEX,2fbdfedbdcf2364f9db55c965d3864bc00b2b02075b82b7426db8823cf023feb,2004-01-01 00:00:00,2026-08-13 00:00:00,5552,58,1.0338680926916222,1,57,0,0,5539,0,False,2004-01-01 00:00:00,,CURRENTLY_ACTIVE,0
NIFTYINFRALOG,NIFTYINFRALOG_DAILY.csv,BENCHMARK_OR_INDEX,52351d2cb1780be67e2af8324adbb9ed06436ebc23dc5c7b6ffb40ed4444d4c4,2025-11-24 00:00:00,2026-07-20 00:00:00,161,0,0.0,0,0,0,0,161,0,False,2025-11-24 00:00:00,2026-07-20 00:00:00,TERMINATED_OR_SOURCE_ENDED_UNRESOLVED,0
NIFTYINTERNET,NIFTYINTERNET_DAILY.csv,BENCHMARK_OR_INDEX,8c6b51061ee5e2b1a263e199cd959771393989fae5f3f120939b0fe42cf28a7e,2021-10-01 00:00:00,2026-07-20 00:00:00,1189,0,0.0,0,0,0,0,1189,0,False,2021-10-01 00:00:00,2026-07-20 00:00:00,TERMINATED_OR_SOURCE_ENDED_UNRESOLVED,0
NIFTYIPO,NIFTYIPO_DAILY.csv,BENCHMARK_OR_INDEX,694edf50b5afd9423dbadd8865663a46cf95a9916f2a34be9bac3d6fb4159b68,2017-01-02 00:00:00,2026-07-20 00:00:00,2365,0,0.0,0,0,0,0,2365,0,False,2017-01-02 00:00:00,2026-07-20 00:00:00,TERMINATED_OR_SOURCE_ENDED_UNRESOLVED,0
NIFTYIT,NIFTYIT_DAILY.csv,BENCHMARK_OR_INDEX,746e699d9faf97bc7fb6e668bf117919dccc7ffe465a5e2ebe848e2e6cbb1078,2000-01-03 00:00:00,2026-08-13 00:00:00,6591,22,0.3326780583698775,3,8,0,0,6578,0,False,2000-01-03 00:00:00,,CURRENTLY_ACTIVE,0
NIFTYLARGEMID250,NIFTYLARGEMID250_DAILY.csv,BENCHMARK_OR_INDEX,91255d6d8055e84887455da09851b32ef307420da256dd788697bddf9e1a6840,2005-04-01 00:00:00,2026-07-20 00:00:00,5268,14,0.2650511170011359,2,5,0,0,5268,0,False,2005-04-01 00:00:00,2026-07-20 00:00:00,TERMINATED_OR_SOURCE_ENDED_UNRESOLVED,0
NIFTYLOWVOL50,NIFTYLOWVOL50_DAILY.csv,BENCHMARK_OR_INDEX,075ec68e677d651bd030a9c87072456a4d823527ea744cf9c3704fe1e3d64c8d,2003-12-31 00:00:00,2026-07-20 00:00:00,5598,0,0.0,0,0,0,0,5598,0,False,2003-12-31 00:00:00,2026-07-20 00:00:00,TERMINATED_OR_SOURCE_ENDED_UNRESOLVED,0
NIFTYM150MOMNTM50,NIFTYM150MOMNTM50_DAILY.csv,BENCHMARK_OR_INDEX,fc39249c51d25c8186a250c6b234c82f11dd8551b108b117e6ca4fa38bce41fe,2005-04-01 00:00:00,2026-07-20 00:00:00,5282,0,0.0,0,0,0,0,5282,0,False,2005-04-01 00:00:00,2026-07-20 00:00:00,TERMINATED_OR_SOURCE_ENDED_UNRESOLVED,0
NIFTYM150QLTY50,NIFTYM150QLTY50_DAILY.csv,BENCHMARK_OR_INDEX,c202efda4fe528d85927aaee0c3dacc3b1893489d4ad61b349f399c490ff47a0,2005-04-01 00:00:00,2026-07-20 00:00:00,5112,170,3.2184778492995076,2,160,0,0,5112,0,False,2005-04-01 00:00:00,2026-07-20 00:00:00,TERMINATED_OR_SOURCE_ENDED_UNRESOLVED,0
NIFTYMEDIA,NIFTYMEDIA_DAILY.csv,BENCHMARK_OR_INDEX,166a220177930feec7bc7dd0a0811b1b6298658b9f65036fe7711d20ca007910,2005-12-30 00:00:00,2026-08-13 00:00:00,5105,1,0.019584802193497845,0,0,0,0,5092,0,False,2005-12-30 00:00:00,,CURRENTLY_ACTIVE,0
NIFTYMETAL,NIFTYMETAL_DAILY.csv,BENCHMARK_OR_INDEX,cb4cd656082e485c302db40b3ee60e8e001e25f470f6683a011826022c9af9ba,2004-01-01 00:00:00,2026-08-13 00:00:00,5609,1,0.017825311942959002,0,0,0,0,5596,0,False,2004-01-01 00:00:00,,CURRENTLY_ACTIVE,0
NIFTYMICROCAP250,NIFTYMICROCAP250_DAILY.csv,BENCHMARK_OR_INDEX,391f44ebe7d34ef8250490c8faf0a6c6c2c5a005662b5c607dc6670f8e3e211a,2005-04-01 00:00:00,2026-07-20 00:00:00,5270,12,0.22718667171525936,2,5,0,0,5270,0,False,2005-04-01 00:00:00,2026-07-20 00:00:00,TERMINATED_OR_SOURCE_ENDED_UNRESOLVED,0
NIFTYMIDCAP100,NIFTYMIDCAP100_DAILY.csv,BENCHMARK_OR_INDEX,17074913108a6b479b817f98bd715a78050d8e0c8f7cb274bfb53e0f97ec63ed,2001-01-01 00:00:00,2026-08-13 00:00:00,6362,1,0.015715857300015717,0,0,0,0,6349,0,False,2001-01-01 00:00:00,,CURRENTLY_ACTIVE,0
NIFTYMIDCAP150,NIFTYMIDCAP150_DAILY.csv,BENCHMARK_OR_INDEX,7d9169574279a07f7e576915d71ca0268c44d36240a2a7e921d38a35682043ab,2005-04-01 00:00:00,2026-07-20 00:00:00,5281,1,0.01893222264293828,0,0,0,0,5281,0,False,2005-04-01 00:00:00,2026-07-20 00:00:00,TERMINATED_OR_SOURCE_ENDED_UNRESOLVED,0
NIFTYMIDCAP50,NIFTYMIDCAP50_DAILY.csv,BENCHMARK_OR_INDEX,61163b48b32e6ddea84c1ac7263ab0cb6a1a785bc9d5858721688f4140dd1f9d,2004-01-01 00:00:00,2026-07-20 00:00:00,5585,2674,47.77559406825085,2,1821,0,0,5585,0,False,2004-01-01 00:00:00,2026-07-20 00:00:00,TERMINATED_OR_SOURCE_ENDED_UNRESOLVED,0
NIFTYMIDLIQ15,NIFTYMIDLIQ15_DAILY.csv,BENCHMARK_OR_INDEX,6a03859e1224ab4037f944496ecc02a05c0d52b46a92e282a1e0e3ff214b4f35,2009-01-01 00:00:00,2026-07-20 00:00:00,5110,0,0.0,0,0,0,0,5110,0,False,2009-01-01 00:00:00,2026-07-20 00:00:00,TERMINATED_OR_SOURCE_ENDED_UNRESOLVED,1519
NIFTYMIDSELECT,NIFTYMIDSELECT_DAILY.csv,BENCHMARK_OR_INDEX,2e1288bf2aa2cbc6043063fe2049ca1368f011a253b459bfff7e2bd72d347ffd,2005-10-03 00:00:00,2026-07-20 00:00:00,5154,0,0.0,0,0,0,0,5154,0,False,2005-10-03 00:00:00,2026-07-20 00:00:00,TERMINATED_OR_SOURCE_ENDED_UNRESOLVED,0
NIFTYMIDSML400,NIFTYMIDSML400_DAILY.csv,BENCHMARK_OR_INDEX,c36bcb8591aa1725080f3a3f48ebec8c5c55dc88817a3979937d142668f372cd,2005-04-01 00:00:00,2026-07-20 00:00:00,5287,0,0.0,0,0,0,0,5287,0,False,2005-04-01 00:00:00,2026-07-20 00:00:00,TERMINATED_OR_SOURCE_ENDED_UNRESOLVED,10
NIFTYMIDSMLHLTH,NIFTYMIDSMLHLTH_DAILY.csv,BENCHMARK_OR_INDEX,ec325af56b64a08a3d5a7f80a3f885cd5f356a3fd6fec9bcd49264d5d666e836,2005-04-01 00:00:00,2026-07-20 00:00:00,5282,0,0.0,0,0,0,0,5282,0,False,2005-04-01 00:00:00,2026-07-20 00:00:00,TERMINATED_OR_SOURCE_ENDED_UNRESOLVED,0
NIFTYMNC,NIFTYMNC_DAILY.csv,BENCHMARK_OR_INDEX,30f19ead2f522c493188a3aa65bd76e6f998e767d6706517fbc014a333753d62,2000-01-03 00:00:00,2026-07-20 00:00:00,6595,1847,27.984848484848484,2,994,0,0,6595,0,False,2000-01-03 00:00:00,2026-07-20 00:00:00,TERMINATED_OR_SOURCE_ENDED_UNRESOLVED,0
NIFTYMOBILITY,NIFTYMOBILITY_DAILY.csv,BENCHMARK_OR_INDEX,0219c6eadf1a6c600c9bf9a65125e3394bdb023764bedf87373c85ce1341a323,2005-04-01 00:00:00,2026-07-20 00:00:00,5282,0,0.0,0,0,0,0,5282,0,False,2005-04-01 00:00:00,2026-07-20 00:00:00,TERMINATED_OR_SOURCE_ENDED_UNRESOLVED,0
NIFTYMS400MQ100,NIFTYMS400MQ100_DAILY.csv,BENCHMARK_OR_INDEX,87d527b7aa4fc5048fb6af15b40ed54d3163ab89434efbf34949a5dacd36c84c,2005-04-01 00:00:00,2026-07-20 00:00:00,5282,0,0.0,0,0,0,0,5282,0,False,2005-04-01 00:00:00,2026-07-20 00:00:00,TERMINATED_OR_SOURCE_ENDED_UNRESOLVED,0
NIFTYMSFINSERV,NIFTYMSFINSERV_DAILY.csv,BENCHMARK_OR_INDEX,040a52d1fa44b994b13a0fed005ef34b3ea8fb71aad1b0b4f2604dc20cdfebfe,2005-04-01 00:00:00,2026-07-20 00:00:00,5282,0,0.0,0,0,0,0,5282,0,False,2005-04-01 00:00:00,2026-07-20 00:00:00,TERMINATED_OR_SOURCE_ENDED_UNRESOLVED,0
NIFTYMSINDCONS,NIFTYMSINDCONS_DAILY.csv,BENCHMARK_OR_INDEX,4283cea259f0e7b521ecda7c2194dd59c773af0df12c74bf0663971d107a9300,2005-04-01 00:00:00,2026-07-20 00:00:00,5282,0,0.0,0,0,0,0,5282,0,False,2005-04-01 00:00:00,2026-07-20 00:00:00,TERMINATED_OR_SOURCE_ENDED_UNRESOLVED,0
NIFTYMSITTELCM,NIFTYMSITTELCM_DAILY.csv,BENCHMARK_OR_INDEX,29c4d066e61daeaf4bec8bfc8d1113a2f5f0722d1aa0d61eeb506a69a85590f0,2005-04-01 00:00:00,2026-07-20 00:00:00,5282,0,0.0,0,0,0,0,5282,0,False,2005-04-01 00:00:00,2026-07-20 00:00:00,TERMINATED_OR_SOURCE_ENDED_UNRESOLVED,0
NIFTYMULTIINFRA,NIFTYMULTIINFRA_DAILY.csv,BENCHMARK_OR_INDEX,59bafb5888799a97551d43f74fdbdf3d420b351bafb554d347e89e98cec64ebc,2005-04-01 00:00:00,2026-07-20 00:00:00,5282,0,0.0,0,0,0,0,5282,0,False,2005-04-01 00:00:00,2026-07-20 00:00:00,TERMINATED_OR_SOURCE_ENDED_UNRESOLVED,0
NIFTYMULTIMFG,NIFTYMULTIMFG_DAILY.csv,BENCHMARK_OR_INDEX,b3a13f30f6ea3e5a784f9fc36fe8706f04a8a01647746ea2b5ecdd0f9736c02a,2005-04-01 00:00:00,2026-07-20 00:00:00,5282,0,0.0,0,0,0,0,5282,0,False,2005-04-01 00:00:00,2026-07-20 00:00:00,TERMINATED_OR_SOURCE_ENDED_UNRESOLVED,0
NIFTYMULTIMQ50,NIFTYMULTIMQ50_DAILY.csv,BENCHMARK_OR_INDEX,5248458cc315436f4e5e5ffef8f7f184ec588e89cc175d085caea7978f10230e,2005-04-01 00:00:00,2026-07-20 00:00:00,5282,0,0.0,0,0,0,0,5282,0,False,2005-04-01 00:00:00,2026-07-20 00:00:00,TERMINATED_OR_SOURCE_ENDED_UNRESOLVED,0
NIFTYNEWCONSUMP,NIFTYNEWCONSUMP_DAILY.csv,BENCHMARK_OR_INDEX,23aba30ffad21432e0fb7afdedb253b7ece876a7a35229995a51b1e272fb112d,2005-04-01 00:00:00,2026-07-20 00:00:00,5282,0,0.0,0,0,0,0,5282,0,False,2005-04-01 00:00:00,2026-07-20 00:00:00,TERMINATED_OR_SOURCE_ENDED_UNRESOLVED,0
NIFTYNEXT50,NIFTYNEXT50_DAILY.csv,BENCHMARK_OR_INDEX,5ee11a375fd7a8dd38534262bd05b2d424d11902cf5f6cf15895f77f8f9a4550,2000-01-03 00:00:00,2026-08-13 00:00:00,6613,0,0.0,0,0,0,0,6600,0,False,2000-01-03 00:00:00,,CURRENTLY_ACTIVE,0
NIFTYNONCYCCONS,NIFTYNONCYCCONS_DAILY.csv,BENCHMARK_OR_INDEX,12937d29e154740adb2dbd96e29098c95569afb8350fe0905c40e04d3951c440,2005-04-01 00:00:00,2026-07-20 00:00:00,5282,0,0.0,0,0,0,0,5282,0,False,2005-04-01 00:00:00,2026-07-20 00:00:00,TERMINATED_OR_SOURCE_ENDED_UNRESOLVED,0
NIFTYOILANDGAS,NIFTYOILANDGAS_DAILY.csv,BENCHMARK_OR_INDEX,8c4a29cd538d82affbf192184e5da23478222bb226527c618d9ed211efb978de,2005-04-01 00:00:00,2026-07-20 00:00:00,5270,12,0.22718667171525936,2,5,0,0,5270,0,False,2005-04-01 00:00:00,2026-07-20 00:00:00,TERMINATED_OR_SOURCE_ENDED_UNRESOLVED,0
NIFTYPHARMA,NIFTYPHARMA_DAILY.csv,BENCHMARK_OR_INDEX,276dc779282cd993739e18e5e27d6412bbd26c266d63acd3ba7f34ef0230033b,2001-01-01 00:00:00,2026-08-13 00:00:00,6362,1,0.015715857300015717,0,0,0,0,6349,0,False,2001-01-01 00:00:00,,CURRENTLY_ACTIVE,0
NIFTYPSE,NIFTYPSE_DAILY.csv,BENCHMARK_OR_INDEX,ad5c0a98dc35f172ae9bee8228d5db63189c39fa2446e20123b5532c7181c0e5,2000-01-03 00:00:00,2026-07-20 00:00:00,6596,1847,27.984848484848484,2,994,0,0,6596,0,False,2000-01-03 00:00:00,2026-07-20 00:00:00,TERMINATED_OR_SOURCE_ENDED_UNRESOLVED,0
NIFTYPSUBANK,NIFTYPSUBANK_DAILY.csv,BENCHMARK_OR_INDEX,b695945a478b74c629338904f42b67cfb678b2cb9f6deb9686100399d0ec1599,2004-01-01 00:00:00,2026-08-13 00:00:00,5598,12,0.21390374331550802,1,11,0,0,5585,0,False,2004-01-01 00:00:00,,CURRENTLY_ACTIVE,0
NIFTYPVTBANK,NIFTYPVTBANK_DAILY.csv,BENCHMARK_OR_INDEX,fbe86e519aa0e9767669efb673c98732d3071b8a0475b92de2af6150581ff2d9,2005-04-01 00:00:00,2026-08-13 00:00:00,5295,0,0.0,0,0,0,0,5282,0,False,2005-04-01 00:00:00,,CURRENTLY_ACTIVE,0
NIFTYQLTYLV30,NIFTYQLTYLV30_DAILY.csv,BENCHMARK_OR_INDEX,b552f62c2c0c763e69cb00b7c62513b4bbee384a26c61b82b2abbedbf2734473,2005-04-01 00:00:00,2026-07-20 00:00:00,5282,0,0.0,0,0,0,0,5282,0,False,2005-04-01 00:00:00,2026-07-20 00:00:00,TERMINATED_OR_SOURCE_ENDED_UNRESOLVED,0
NIFTYRAILWAYSPSU,NIFTYRAILWAYSPSU_DAILY.csv,BENCHMARK_OR_INDEX,e7e4d6950c042d7cf1c8e581401a93337dc91e52e20f74c6a87bf396e30c9ed3,2022-04-01 00:00:00,2026-07-20 00:00:00,1065,0,0.0,0,0,0,0,1065,0,False,2022-04-01 00:00:00,2026-07-20 00:00:00,TERMINATED_OR_SOURCE_ENDED_UNRESOLVED,0
NIFTYREALTY,NIFTYREALTY_DAILY.csv,BENCHMARK_OR_INDEX,0e0934512d804f8e8d5c5892b9810281fc7e1f2967f5d0663689f8b2a72d7cba,2006-12-29 00:00:00,2026-08-13 00:00:00,4855,1,0.02059308072487644,0,0,0,0,4842,0,False,2006-12-29 00:00:00,,CURRENTLY_ACTIVE,0
NIFTYRURAL,NIFTYRURAL_DAILY.csv,BENCHMARK_OR_INDEX,2de8fddfa63cc78b2900d14aeb44f7da84624c55f780cd4576445655697e010a,2005-04-01 00:00:00,2026-07-20 00:00:00,5282,0,0.0,0,0,0,0,5282,0,False,2005-04-01 00:00:00,2026-07-20 00:00:00,TERMINATED_OR_SOURCE_ENDED_UNRESOLVED,0
NIFTYSERVSECTOR,NIFTYSERVSECTOR_DAILY.csv,BENCHMARK_OR_INDEX,1fbe964a055a92330fdd8d2d6fa0660790de8c6f7cc89d4d61ec0340b93f5421,2000-01-03 00:00:00,2026-07-20 00:00:00,6546,910,13.787878787878787,1,910,0,0,6546,0,False,2000-01-03 00:00:00,2026-07-20 00:00:00,TERMINATED_OR_SOURCE_ENDED_UNRESOLVED,0
NIFTYSHARIAH25,NIFTYSHARIAH25_DAILY.csv,BENCHMARK_OR_INDEX,d2ae3649ecc648db744ba6dcbfd47012f302627ff692a03bcbcf0f3ac84ac0a8,2009-01-01 00:00:00,2026-07-20 00:00:00,4347,0,0.0,0,0,0,0,4347,0,False,2009-01-01 00:00:00,2026-07-20 00:00:00,TERMINATED_OR_SOURCE_ENDED_UNRESOLVED,0
NIFTYSMEEMERGE,NIFTYSMEEMERGE_DAILY.csv,BENCHMARK_OR_INDEX,cdb669538d8ef2da6da5cd322a4981b351b652dad5b7d278a98fb1e6b3e7a8d2,2025-11-24 00:00:00,2026-07-20 00:00:00,161,0,0.0,0,0,0,0,161,0,False,2025-11-24 00:00:00,2026-07-20 00:00:00,TERMINATED_OR_SOURCE_ENDED_UNRESOLVED,0
NIFTYSML250MQ100,NIFTYSML250MQ100_DAILY.csv,BENCHMARK_OR_INDEX,e14306436b6dfcbbe876976019d47890244f829fa5af83caeffd245f25398de0,2005-04-01 00:00:00,2026-07-20 00:00:00,5282,0,0.0,0,0,0,0,5282,0,False,2005-04-01 00:00:00,2026-07-20 00:00:00,TERMINATED_OR_SOURCE_ENDED_UNRESOLVED,0
NIFTYSML250Q50,NIFTYSML250Q50_DAILY.csv,BENCHMARK_OR_INDEX,ac2b6efe4850c98cab0b7c138a8d1e3d4e7aeb961f9b75dd77698d3c911c57f5,2005-04-01 00:00:00,2026-07-20 00:00:00,5282,0,0.0,0,0,0,0,5282,0,False,2005-04-01 00:00:00,2026-07-20 00:00:00,TERMINATED_OR_SOURCE_ENDED_UNRESOLVED,0
NIFTYSMLCAP100,NIFTYSMLCAP100_DAILY.csv,BENCHMARK_OR_INDEX,3dda3a271da8d854e919b862b3a987b4c512a7611a95bbbdbb62abb60b133151,2004-01-01 00:00:00,2026-08-13 00:00:00,5610,0,0.0,0,0,0,0,5597,0,False,2004-01-01 00:00:00,,CURRENTLY_ACTIVE,0
NIFTYSMLCAP250,NIFTYSMLCAP250_DAILY.csv,BENCHMARK_OR_INDEX,7502786791bc9b57e78f043de3f241f2a03b4c559f48f84cb602e7b24c193940,2005-04-01 00:00:00,2026-07-20 00:00:00,5282,0,0.0,0,0,0,0,5282,0,False,2005-04-01 00:00:00,2026-07-20 00:00:00,TERMINATED_OR_SOURCE_ENDED_UNRESOLVED,0
NIFTYSMLCAP50,NIFTYSMLCAP50_DAILY.csv,BENCHMARK_OR_INDEX,84bf82c2405aa0bebed15987db39bacf584ccb33da09c99602a93f9ce4303e7d,2005-04-04 00:00:00,2026-07-20 00:00:00,5284,2,0.03787161522438932,0,0,0,0,5284,0,False,2005-04-04 00:00:00,2026-07-20 00:00:00,TERMINATED_OR_SOURCE_ENDED_UNRESOLVED,0
NIFTYTATA25CAP,NIFTYTATA25CAP_DAILY.csv,BENCHMARK_OR_INDEX,cc57a5e5297495b1b3614d00693a64edb9792940524ec72be7caaa935711e558,2005-04-01 00:00:00,2026-07-20 00:00:00,4731,551,10.431654676258994,1,551,0,0,4731,0,False,2005-04-01 00:00:00,2026-07-20 00:00:00,TERMINATED_OR_SOURCE_ENDED_UNRESOLVED,0
NIFTYTMMQ50,NIFTYTMMQ50_DAILY.csv,BENCHMARK_OR_INDEX,0278eec0f2cce4896ac65678465e28a025173d55bf44b5aeb77a5ed5f5296a88,2025-11-07 00:00:00,2026-07-20 00:00:00,172,0,0.0,0,0,0,0,172,0,False,2025-11-07 00:00:00,2026-07-20 00:00:00,TERMINATED_OR_SOURCE_ENDED_UNRESOLVED,0
NIFTYTOP10EW,NIFTYTOP10EW_DAILY.csv,BENCHMARK_OR_INDEX,6e0603ddaab0144de07d2830a926f05d0a2ce044327d98912206a97fd92da5a2,2006-03-02 00:00:00,2026-07-20 00:00:00,5052,0,0.0,0,0,0,0,5052,0,False,2006-03-02 00:00:00,2026-07-20 00:00:00,TERMINATED_OR_SOURCE_ENDED_UNRESOLVED,0
NIFTYTOP15EW,NIFTYTOP15EW_DAILY.csv,BENCHMARK_OR_INDEX,102d56667a2d602a5f6c2977c532fc2df48920304731179142663f1a61ec99f9,2006-03-02 00:00:00,2026-07-20 00:00:00,5052,0,0.0,0,0,0,0,5052,0,False,2006-03-02 00:00:00,2026-07-20 00:00:00,TERMINATED_OR_SOURCE_ENDED_UNRESOLVED,0
NIFTYTOP20EW,NIFTYTOP20EW_DAILY.csv,BENCHMARK_OR_INDEX,232444c9aabb9d792a4cd54768e837551058f0aec0f5bf000471b21cf25abe38,2006-03-02 00:00:00,2026-07-20 00:00:00,5052,0,0.0,0,0,0,0,5052,0,False,2006-03-02 00:00:00,2026-07-20 00:00:00,TERMINATED_OR_SOURCE_ENDED_UNRESOLVED,0
NIFTYTOTALMKT,NIFTYTOTALMKT_DAILY.csv,BENCHMARK_OR_INDEX,27710b2daea0e948f16e9b825c5998762b11be3e0223f6284d76aa272cc25471,2005-04-01 00:00:00,2026-07-20 00:00:00,5270,12,0.22718667171525936,2,5,0,0,5270,0,False,2005-04-01 00:00:00,2026-07-20 00:00:00,TERMINATED_OR_SOURCE_ENDED_UNRESOLVED,0
NIFTYTRANSLOGIS,NIFTYTRANSLOGIS_DAILY.csv,BENCHMARK_OR_INDEX,86bb349fb07107983e99d6d993d4bc8c77f6415b1b07ad04d5351b7885f327e5,2005-04-01 00:00:00,2026-07-20 00:00:00,5282,0,0.0,0,0,0,0,5282,0,False,2005-04-01 00:00:00,2026-07-20 00:00:00,TERMINATED_OR_SOURCE_ENDED_UNRESOLVED,0
NIFTYWAVES,NIFTYWAVES_DAILY.csv,BENCHMARK_OR_INDEX,524063572cc14138bb891258b3882931ba30898dd299441e85801233dfbae7bd,2025-11-24 00:00:00,2026-07-20 00:00:00,161,0,0.0,0,0,0,0,161,0,False,2025-11-24 00:00:00,2026-07-20 00:00:00,TERMINATED_OR_SOURCE_ENDED_UNRESOLVED,0
NMDC,NMDC_DAILY.csv,EQUITY_CURRENT_MAP,9d9b95be862ae9352b2067c66325a6d099f191ca289ecd874d25a4883095ce79,2008-03-03 00:00:00,2026-08-13 00:00:00,4552,14,0.30688294607628236,0,0,0,0,0,0,False,2008-03-03 00:00:00,,CURRENTLY_ACTIVE,1
NTPC,NTPC_DAILY.csv,EQUITY_CURRENT_MAP,8ba4db0864e9a8fd6cca042bcdc22847ccf4040fe0c1ebcc7922b4288502363c,2004-11-05 00:00:00,2026-08-13 00:00:00,5380,19,0.35217794253938833,0,0,0,0,0,0,False,2004-11-05 00:00:00,,CURRENTLY_ACTIVE,0
NUVAMA,NUVAMA_DAILY.csv,EQUITY_CURRENT_MAP,378f1a487361bb7f87b909d99cce96a8f374c2f57505cbbf537a98e1451e584c,2023-09-26 00:00:00,2026-08-13 00:00:00,714,0,0.0,0,0,0,0,0,0,False,2023-09-26 00:00:00,,CURRENTLY_ACTIVE,0
NYKAA,NYKAA_DAILY.csv,EQUITY_CURRENT_MAP,cb02e87cd6ef528c9cb22c1ff6064d760f9cf44cd89ec58041ea78320e3667b9,2021-11-10 00:00:00,2026-08-13 00:00:00,1180,0,0.0,0,0,0,0,0,0,False,2021-11-10 00:00:00,,CURRENTLY_ACTIVE,0
OBEROIRLTY,OBEROIRLTY_DAILY.csv,EQUITY_CURRENT_MAP,e08a36d9f9f53f2fb6a7c65bf98f3c2b5701b711325f64d768580122dac22e9f,2010-10-20 00:00:00,2026-08-13 00:00:00,3908,12,0.30643513789581206,0,0,0,0,0,0,False,2010-10-20 00:00:00,,CURRENTLY_ACTIVE,0
OFSS,OFSS_DAILY.csv,EQUITY_CURRENT_MAP,05e383836d9446b3bb45109f0cfcc22f58c8da19c20ed1e17c69d5b5773cb2ed,2003-01-01 00:00:00,2026-08-13 00:00:00,5822,46,0.7844474761255116,1,22,0,0,0,0,False,2003-01-01 00:00:00,,CURRENTLY_ACTIVE,2
OIL,OIL_DAILY.csv,EQUITY_CURRENT_MAP,982cd5e50dd9ad3bfe72f224aa785243a57a1cb5cebf5eb9efd2a0d6cd0b69a3,2009-09-30 00:00:00,2026-08-13 00:00:00,4169,14,0.33500837520938026,0,0,0,0,0,0,False,2009-09-30 00:00:00,,CURRENTLY_ACTIVE,0
OLAELEC,OLAELEC_DAILY.csv,EQUITY_CURRENT_MAP,e86b736bfbfcda4bf406f7f59a190bc1be62ca9e951929a31f7e1269c3847079,2024-08-09 00:00:00,2026-08-13 00:00:00,498,0,0.0,0,0,0,0,0,0,False,2024-08-09 00:00:00,,CURRENTLY_ACTIVE,0
ONGC,ONGC_DAILY.csv,EQUITY_CURRENT_MAP,0a256b94f2cadafb526e111f1c676f2803ef463f0e4cc609b44bb97bf7f710f5,2003-01-01 00:00:00,2026-08-13 00:00:00,5822,46,0.7844474761255116,1,22,0,0,0,0,False,2003-01-01 00:00:00,,CURRENTLY_ACTIVE,0
PAGEIND,PAGEIND_DAILY.csv,EQUITY_CURRENT_MAP,844859cc74ce8f8ad1942aa126a8dcbbbe6563e7b70475f646af6e78bb3edc40,2007-03-16 00:00:00,2026-08-13 00:00:00,4795,14,0.29136316337148804,0,0,0,0,12,0,False,2007-03-16 00:00:00,,CURRENTLY_ACTIVE,0
PATANJALI,PATANJALI_DAILY.csv,EQUITY_CURRENT_MAP,4d2f93de48f287f273709b5d4045898973ee8632ca8da75e18a8c74e96996d6e,2020-01-27 00:00:00,2026-08-13 00:00:00,1625,0,0.0,0,0,0,0,0,0,False,2020-01-27 00:00:00,,CURRENTLY_ACTIVE,0
PAYTM,PAYTM_DAILY.csv,EQUITY_CURRENT_MAP,8f595b28e056bef504782e7ebf6dab3e7379a9998f708a9dd01fe4857c16d2eb,2021-11-18 00:00:00,2026-08-13 00:00:00,1174,0,0.0,0,0,0,0,0,0,False,2021-11-18 00:00:00,,CURRENTLY_ACTIVE,0
PERSISTENT,PERSISTENT_DAILY.csv,EQUITY_CURRENT_MAP,f3dbe5151dabff0cc9865956850cc9d1a10ea88584b7b62bc6fe85b967df489f,2010-04-06 00:00:00,2026-08-13 00:00:00,4047,12,0.2959309494451295,0,0,0,0,0,0,False,2010-04-06 00:00:00,,CURRENTLY_ACTIVE,0
PFC,PFC_DAILY.csv,EQUITY_CURRENT_MAP,851df0f1d01263c1bb658cafeefe4b2ada7d71ff37688dd35b740ae4cff5ce5f,2007-02-23 00:00:00,2026-08-13 00:00:00,4810,14,0.29045643153526973,0,0,0,0,0,0,False,2007-02-23 00:00:00,,CURRENTLY_ACTIVE,0
PGEL,PGEL_DAILY.csv,EQUITY_CURRENT_MAP,b14d3b5c6195f1709fffeaffc703aec5b5497223e755faac75eddf6530f2dde8,2011-09-26 00:00:00,2026-08-13 00:00:00,3675,12,0.325821341297855,0,0,0,0,2,0,False,2011-09-26 00:00:00,,CURRENTLY_ACTIVE,0
PHOENIXLTD,PHOENIXLTD_DAILY.csv,EQUITY_CURRENT_MAP,6cff2d1ad22dc946a0d3f9dc95236841026ba331a24d28aba25210d33f5e9ca4,2007-04-23 00:00:00,2026-08-13 00:00:00,4771,14,0.29282576866764276,0,0,0,0,1,0,False,2007-04-23 00:00:00,,CURRENTLY_ACTIVE,0
PIDILITIND,PIDILITIND_DAILY.csv,EQUITY_CURRENT_MAP,05f793d15c201a34810cb5a6659502677b0c15b9c374a4e3352876f66efb62bd,2003-01-01 00:00:00,2026-08-13 00:00:00,5822,46,0.7844474761255116,1,22,0,0,1,0,False,2003-01-01 00:00:00,,CURRENTLY_ACTIVE,0
PIIND,PIIND_DAILY.csv,EQUITY_CURRENT_MAP,3ae670d87941d46d5a97c909f3063c55d1f45590671067019511614e9374e4e8,2011-06-15 00:00:00,2026-08-13 00:00:00,3745,12,0.31974420463629094,0,0,0,0,2,0,False,2011-06-15 00:00:00,,CURRENTLY_ACTIVE,0
PINELABS,PINELABS_DAILY.csv,EQUITY_CURRENT_MAP,97ffe72615c52db1f12d4f941682e53eb698fe3f438b60e7474d60eef66b2a0b,2025-11-14 00:00:00,2026-08-13 00:00:00,184,0,0.0,0,0,0,0,0,0,False,2025-11-14 00:00:00,,CURRENTLY_ACTIVE,0
PIRAMALFIN,PIRAMALFIN_DAILY.csv,EQUITY_CURRENT_MAP,eb56e5c1c8fc5e66c0814d535653499e4c1371bfaf4bf6f4d3ccb334f4652110,2025-11-07 00:00:00,2026-08-13 00:00:00,189,0,0.0,0,0,0,0,0,0,False,2025-11-07 00:00:00,,CURRENTLY_ACTIVE,0
PNB,PNB_DAILY.csv,EQUITY_CURRENT_MAP,3727857a3fb17beb43d8349820ee339bc2c55dd2ff4418088f81150f81fe57c7,2003-01-01 00:00:00,2026-08-13 00:00:00,5822,46,0.7844474761255116,1,22,0,0,0,0,False,2003-01-01 00:00:00,,CURRENTLY_ACTIVE,1
PNBHOUSING,PNBHOUSING_DAILY.csv,EQUITY_CURRENT_MAP,d6b37b28d22458f44a78e55d6f0a4039785233bb909b8708756ddfdabb9fd3fb,2016-11-07 00:00:00,2026-08-13 00:00:00,2419,2,0.08274720728175423,0,0,0,0,0,0,False,2016-11-07 00:00:00,,CURRENTLY_ACTIVE,0
POLICYBZR,POLICYBZR_DAILY.csv,EQUITY_CURRENT_MAP,bc307f970c0906a781e9d53da4a9e26ae5756b01fc757c2d1677277ea65d02d9,2021-11-15 00:00:00,2026-08-13 00:00:00,1177,0,0.0,0,0,0,0,0,0,False,2021-11-15 00:00:00,,CURRENTLY_ACTIVE,0
POLYCAB,POLYCAB_DAILY.csv,EQUITY_CURRENT_MAP,c16432cd0fea43bf0a7398246091adbe26c91f01157be56791f7c032a2489850,2019-04-16 00:00:00,2026-08-13 00:00:00,1815,0,0.0,0,0,0,0,0,0,False,2019-04-16 00:00:00,,CURRENTLY_ACTIVE,0
POONAWALLA,POONAWALLA_DAILY.csv,EQUITY_CURRENT_MAP,8a7d6b8c14e04f44765578f97ffecc17d22fa3baaf09d3f77967f4ad503baf03,2004-04-27 00:00:00,2026-08-13 00:00:00,5494,42,0.7592190889370932,1,22,0,0,50,0,False,2004-04-27 00:00:00,,CURRENTLY_ACTIVE,0
POWERGRID,POWERGRID_DAILY.csv,EQUITY_CURRENT_MAP,0c4ee031ed8e7845437665a273fcbd870075d984e39ded34312d2ad647664f15,2007-10-05 00:00:00,2026-08-13 00:00:00,4656,14,0.3000428632661809,0,0,0,0,0,0,False,2007-10-05 00:00:00,,CURRENTLY_ACTIVE,0
POWERINDIA,POWERINDIA_DAILY.csv,EQUITY_CURRENT_MAP,87a1428b3edc5b74faaf02cd9bf17faeab1ef338014f5487d07cc9be5eb64ed6,2020-03-30 00:00:00,2026-08-13 00:00:00,1581,0,0.0,0,0,0,0,0,0,False,2020-03-30 00:00:00,,CURRENTLY_ACTIVE,0
PPLPHARMA,PPLPHARMA_DAILY.csv,EQUITY_CURRENT_MAP,d7201f325de02714dd7a7f7b75464b7875c5db85b042f40206d12e6d93f0718f,2022-10-19 00:00:00,2026-08-13 00:00:00,946,0,0.0,0,0,0,0,0,0,False,2022-10-19 00:00:00,,CURRENTLY_ACTIVE,0
PREMIERENE,PREMIERENE_DAILY.csv,EQUITY_CURRENT_MAP,1f711f075871c7697e1f720d52ba66d0ee177585644b09c996e80d51395bcef1,2024-09-03 00:00:00,2026-08-13 00:00:00,482,0,0.0,0,0,0,0,0,0,False,2024-09-03 00:00:00,,CURRENTLY_ACTIVE,0
PRESTIGE,PRESTIGE_DAILY.csv,EQUITY_CURRENT_MAP,17fa7920f2adcb174e6b173f1fe96eb41e4a455829ff26f91ba6f9ea305fd478,2010-10-27 00:00:00,2026-08-13 00:00:00,3903,12,0.3068268984914344,0,0,0,0,0,0,False,2010-10-27 00:00:00,,CURRENTLY_ACTIVE,0
PWL,PWL_DAILY.csv,EQUITY_CURRENT_MAP,79a070f240990a5cf6b65a026632354de64a15c745014d84c637870a41933ec8,2025-11-18 00:00:00,2026-08-13 00:00:00,182,0,0.0,0,0,0,0,0,0,False,2025-11-18 00:00:00,,CURRENTLY_ACTIVE,0
RADICO,RADICO_DAILY.csv,EQUITY_CURRENT_MAP,d59a1e498452c6ba949d133cf13af65f0d5e66ff430fe92cd0288ba092a8c258,2003-01-01 00:00:00,2026-08-13 00:00:00,5822,46,0.7844474761255116,1,22,0,0,91,0,False,2003-01-01 00:00:00,,CURRENTLY_ACTIVE,0
RAMCOCEM,RAMCOCEM_DAILY.csv,EQUITY_CURRENT_MAP,2672ed569dbe0bf4fe9c389cfaac2edab4e7fc15a056b444deccefe4d77a82a0,2003-01-01 00:00:00,2026-08-13 00:00:00,5822,46,0.7844474761255116,1,22,0,0,2,0,False,2003-01-01 00:00:00,,CURRENTLY_ACTIVE,2
RBLBANK,RBLBANK_DAILY.csv,EQUITY_CURRENT_MAP,c8bcf4fa8b040432f229b33f07d6c3ffa1649ac9eeee71504db781f2f6d44f53,2016-08-31 00:00:00,2026-08-13 00:00:00,2462,3,0.12190166598943519,0,0,0,0,0,0,False,2016-08-31 00:00:00,,CURRENTLY_ACTIVE,0
RECLTD,RECLTD_DAILY.csv,EQUITY_CURRENT_MAP,6a83f4a1b0c2fcba73142628326a05c10b3b12a7e18a0ea523edc73cddc4e468,2008-03-12 00:00:00,2026-08-13 00:00:00,4546,14,0.30728709394205445,0,0,0,0,0,0,False,2008-03-12 00:00:00,,CURRENTLY_ACTIVE,0
REDINGTON,REDINGTON_DAILY.csv,EQUITY_CURRENT_MAP,fdc53315024d4982c1cf218dc9a0a16e36f389bc1a3d95bf606bf2f7c88d23c9,2007-02-15 00:00:00,2026-08-13 00:00:00,4815,14,0.29015544041450775,0,0,0,0,1,0,False,2007-02-15 00:00:00,,CURRENTLY_ACTIVE,0
RELIANCE,RELIANCE_DAILY.csv,EQUITY_CURRENT_MAP,1e9785b0e0914252ce6382c6443416041c5d40f25608a22ebb8199dfd8efe8f0,2000-01-03 00:00:00,2026-08-13 00:00:00,6617,0,0.0,0,0,0,0,0,0,False,2000-01-03 00:00:00,,CURRENTLY_ACTIVE,0
RPOWER,RPOWER_DAILY.csv,EQUITY_CURRENT_MAP,193ec7e0cb7eae6b843b32374ac407e9bbeed2f7ab7bdb728ed89919aa98ca2f,2008-02-11 00:00:00,2026-08-13 00:00:00,4567,14,0.305877212147695,0,0,0,0,0,0,False,2008-02-11 00:00:00,,CURRENTLY_ACTIVE,0
RVNL,RVNL_DAILY.csv,EQUITY_CURRENT_MAP,d517f0e5c52420b6838b532465a366dbfac5043fd297751db459f022851bd121,2019-04-11 00:00:00,2026-08-13 00:00:00,1818,0,0.0,0,0,0,0,0,0,False,2019-04-11 00:00:00,,CURRENTLY_ACTIVE,0
SAGILITY,SAGILITY_DAILY.csv,EQUITY_CURRENT_MAP,4e08b157a9b790a44778d1711d941e279241285f6dc2723953de4cb8f5d8c20e,2024-11-12 00:00:00,2026-08-13 00:00:00,433,0,0.0,0,0,0,0,0,0,False,2024-11-12 00:00:00,,CURRENTLY_ACTIVE,0
SAIL,SAIL_DAILY.csv,EQUITY_CURRENT_MAP,c1c0c2d543366960fa77052e2fd14768caa456901d563c16069bca68ffca5fdf,2003-01-01 00:00:00,2026-08-13 00:00:00,5822,46,0.7844474761255116,1,22,0,0,0,0,False,2003-01-01 00:00:00,,CURRENTLY_ACTIVE,0
SAILIFE,SAILIFE_DAILY.csv,EQUITY_CURRENT_MAP,bd35b13672d4523b5a685ef1f4687137528736b6cfd77efd263784d6e5b4f66f,2024-12-18 00:00:00,2026-08-13 00:00:00,409,0,0.0,0,0,0,0,0,0,False,2024-12-18 00:00:00,,CURRENTLY_ACTIVE,0
SARDAEN,SARDAEN_DAILY.csv,EQUITY_CURRENT_MAP,52c44a298c594ab92d601ef6db04ad5289dc6e6d9aa44e2e3b48a7b36f017a69,2009-12-03 00:00:00,2026-08-13 00:00:00,4127,13,0.31431334622823986,0,0,0,0,0,0,False,2009-12-03 00:00:00,,CURRENTLY_ACTIVE,0
SBICARD,SBICARD_DAILY.csv,EQUITY_CURRENT_MAP,3e9bff5197dbd560ddbdc465a4d4323706627025182cf7efb68378430d9b4359,2015-01-01 00:00:00,2026-08-13 00:00:00,1611,1266,44.06543682561782,1,1266,0,0,0,0,False,2015-01-01 00:00:00,,CURRENTLY_ACTIVE,1
SBILIFE,SBILIFE_DAILY.csv,EQUITY_CURRENT_MAP,2ea0caca5546b658eca5291cd60ab2d2bb4f563df2613fc349dd4e4e224ce7a5,2017-10-03 00:00:00,2026-08-13 00:00:00,2194,2,0.09124087591240876,0,0,0,0,0,0,False,2017-10-03 00:00:00,,CURRENTLY_ACTIVE,0
SBIN,SBIN_DAILY.csv,EQUITY_CURRENT_MAP,6c9c812b0ca54c22cc973b11f4540e3fbf713cda02b3feffe3c7e780587fea43,2003-01-01 00:00:00,2026-08-13 00:00:00,5822,46,0.7844474761255116,1,22,0,0,0,0,False,2003-01-01 00:00:00,,CURRENTLY_ACTIVE,0
SHREECEM,SHREECEM_DAILY.csv,EQUITY_CURRENT_MAP,c15553f442da7b56b4fac8074200a18a730f8ae5c7328b13237b9667c46b719d,2003-01-01 00:00:00,2026-08-13 00:00:00,5822,46,0.7844474761255116,1,22,0,0,0,0,False,2003-01-01 00:00:00,,CURRENTLY_ACTIVE,0
SHRIRAMFIN,SHRIRAMFIN_DAILY.csv,EQUITY_CURRENT_MAP,3fbb0f863242a514c7915311bb488e2bacff3527178a562757945331345b7857,2003-01-01 00:00:00,2026-08-13 00:00:00,5822,46,0.7844474761255116,1,22,0,0,0,0,False,2003-01-01 00:00:00,,CURRENTLY_ACTIVE,0
SIEMENS,SIEMENS_DAILY.csv,EQUITY_CURRENT_MAP,d8d56450a08d5e19559fa60c1b025e4bb4a514af43a7834285483bf61841f5a8,2003-01-01 00:00:00,2026-08-13 00:00:00,5822,46,0.7844474761255116,1,22,0,0,0,0,False,2003-01-01 00:00:00,,CURRENTLY_ACTIVE,0
SIGNATURE,SIGNATURE_DAILY.csv,EQUITY_CURRENT_MAP,23985f62fa212fa5dfbe633db462a828a165af3d0b018c104a49ca2f6cc41cf4,2023-09-27 00:00:00,2026-08-13 00:00:00,713,0,0.0,0,0,0,0,0,0,False,2023-09-27 00:00:00,,CURRENTLY_ACTIVE,0
SOLARINDS,SOLARINDS_DAILY.csv,EQUITY_CURRENT_MAP,c3806868c730f67abe82d57599688507c0451e4c5dde95ed57395a826a4fc157,2006-04-03 00:00:00,2026-08-13 00:00:00,5031,17,0.3370340999206979,0,0,0,0,3,0,False,2006-04-03 00:00:00,,CURRENTLY_ACTIVE,0
SONACOMS,SONACOMS_DAILY.csv,EQUITY_CURRENT_MAP,e71d42ab0530cbdbd72c74a652376caaf33bba849bc55ca6d9b8e3e9d0cc0c65,2021-06-24 00:00:00,2026-08-13 00:00:00,1274,0,0.0,0,0,0,0,0,0,False,2021-06-24 00:00:00,,CURRENTLY_ACTIVE,0
SRF,SRF_DAILY.csv,EQUITY_CURRENT_MAP,bd1e9b093bb086f8a54207b2aec3f1acbf66557cbed35780b6cbdf9eaa4c9616,2003-01-01 00:00:00,2026-08-13 00:00:00,5822,46,0.7844474761255116,1,22,0,0,0,0,False,2003-01-01 00:00:00,,CURRENTLY_ACTIVE,0
STARHEALTH,STARHEALTH_DAILY.csv,EQUITY_CURRENT_MAP,7e8fff188a27f1aec86294515ccc01b82eccb1c31c30e3c6579e5800fd1411c4,2016-01-04 00:00:00,2026-08-13 00:00:00,1220,1408,53.65853658536585,34,941,0,0,3,0,False,2016-01-04 00:00:00,,CURRENTLY_ACTIVE,0
SUNPHARMA,SUNPHARMA_DAILY.csv,EQUITY_CURRENT_MAP,643c1a50bb74f61fec9a8965a3e2d5d447cf8c278ea7b0ed2e245fa36bed3dbd,2003-01-01 00:00:00,2026-08-13 00:00:00,5822,46,0.7844474761255116,1,22,0,0,0,0,False,2003-01-01 00:00:00,,CURRENTLY_ACTIVE,0
SUPREMEIND,SUPREMEIND_DAILY.csv,EQUITY_CURRENT_MAP,92793fbcfb33b497b05420deee749144f6ba7558bf2288b0f60c6cb8ce6c196f,2003-01-01 00:00:00,2026-08-13 00:00:00,5822,46,0.7844474761255116,1,22,0,0,1,0,False,2003-01-01 00:00:00,,CURRENTLY_ACTIVE,0
SUZLON,SUZLON_DAILY.csv,EQUITY_CURRENT_MAP,7d6c81d0d26a2bd5600fdc7628b14d171923f028e3b5f44a2a75c73fd4a2a539,2005-10-19 00:00:00,2026-08-13 00:00:00,5142,18,0.3491078355314197,0,0,0,0,0,0,False,2005-10-19 00:00:00,,CURRENTLY_ACTIVE,0
SWANCORP,SWANCORP_DAILY.csv,EQUITY_CURRENT_MAP,a05b89d8196ec00f7f188b4c3d2b417979c83443601c3adb796014c0339b9e35,2012-05-29 00:00:00,2026-08-13 00:00:00,3511,8,0.22759601706970128,0,0,0,0,0,0,False,2012-05-29 00:00:00,,CURRENTLY_ACTIVE,0
SWIGGY,SWIGGY_DAILY.csv,EQUITY_CURRENT_MAP,9f27e07e860e7d7443cadb54a3ee11276152c5839575cea9cc8913cb7e5c19fc,2024-11-13 00:00:00,2026-08-13 00:00:00,432,0,0.0,0,0,0,0,0,0,False,2024-11-13 00:00:00,,CURRENTLY_ACTIVE,0
SYNGENE,SYNGENE_DAILY.csv,EQUITY_CURRENT_MAP,9f3a6a84a31194eb495a7b78d11e583588e31a5517beac25b97474fbe0105ee7,2015-08-11 00:00:00,2026-08-13 00:00:00,2722,3,0.11025358324145534,0,0,0,0,0,0,False,2015-08-11 00:00:00,,CURRENTLY_ACTIVE,0
TATACAP,TATACAP_DAILY.csv,EQUITY_CURRENT_MAP,42bd65baabe715ea6cf4a3abde6c2998c76905a97d28c52d27fa5831bb13d4db,2025-10-13 00:00:00,2026-08-13 00:00:00,206,0,0.0,0,0,0,0,0,0,False,2025-10-13 00:00:00,,CURRENTLY_ACTIVE,0
TATACHEM,TATACHEM_DAILY.csv,EQUITY_CURRENT_MAP,7605201139308e313b71eb5a2420de06b36d20fc439c7adfc78e91852d39fc6b,2003-01-01 00:00:00,2026-08-13 00:00:00,5822,46,0.7844474761255116,1,22,0,0,0,0,False,2003-01-01 00:00:00,,CURRENTLY_ACTIVE,1
TATACOMM,TATACOMM_DAILY.csv,EQUITY_CURRENT_MAP,59dd25287b30c6ddc5ea76e31a04863fe0c8287dd53f230cdba75241624473be,2003-01-01 00:00:00,2026-08-13 00:00:00,5822,46,0.7844474761255116,1,22,0,0,0,0,False,2003-01-01 00:00:00,,CURRENTLY_ACTIVE,0
TATAELXSI,TATAELXSI_DAILY.csv,EQUITY_CURRENT_MAP,0f23958f344bb2d97779029ef80320ccee559c7a9fbd338216c0de8142e6c8a6,2003-01-01 00:00:00,2026-08-13 00:00:00,5822,46,0.7844474761255116,1,22,0,0,0,0,False,2003-01-01 00:00:00,,CURRENTLY_ACTIVE,0
TATAINVEST,TATAINVEST_DAILY.csv,EQUITY_CURRENT_MAP,5678a2ab02f46ae842cd6786ec296579346f8ff21b64e0253d055cf23dcb2977,2003-01-01 00:00:00,2026-08-13 00:00:00,5822,46,0.7844474761255116,1,22,0,0,1,0,False,2003-01-01 00:00:00,,CURRENTLY_ACTIVE,0
TATAPOWER,TATAPOWER_DAILY.csv,EQUITY_CURRENT_MAP,ca9ef7d7e375b1dc2c5687ae0fd2ee170888f3077d021630d6b635b3c65aba08,2003-01-01 00:00:00,2026-08-13 00:00:00,5822,46,0.7844474761255116,1,22,0,0,0,0,False,2003-01-01 00:00:00,,CURRENTLY_ACTIVE,0
TATASTEEL,TATASTEEL_DAILY.csv,EQUITY_CURRENT_MAP,2b2f4c68c23ac9adf5e74dd6bd9ce3dc1396ec4ce9cb562a40fd94b7a48a1225,2003-01-01 00:00:00,2026-08-13 00:00:00,5822,46,0.7844474761255116,1,22,0,0,0,0,False,2003-01-01 00:00:00,,CURRENTLY_ACTIVE,0
TATATECH,TATATECH_DAILY.csv,EQUITY_CURRENT_MAP,e625eb0c9e9cfd85e9a0d13ec4ebb20216b242d3448c0a048046a863ffdd196c,2023-11-30 00:00:00,2026-08-13 00:00:00,670,0,0.0,0,0,0,0,0,0,False,2023-11-30 00:00:00,,CURRENTLY_ACTIVE,0
TCS,TCS_DAILY.csv,EQUITY_CURRENT_MAP,9603fb8ab60888f4eb3a785d4f436735d6924280ac1d723617d18cf30cae9e40,2004-08-25 00:00:00,2026-08-13 00:00:00,5430,20,0.3672420124862284,0,0,0,0,0,0,False,2004-08-25 00:00:00,,CURRENTLY_ACTIVE,0
TECHM,TECHM_DAILY.csv,EQUITY_CURRENT_MAP,155f7077a9b02a9f018ec39bb1387da25486aa6abe1722de993be1e26c261bd6,2006-08-28 00:00:00,2026-08-13 00:00:00,4945,1,0.020234722784297856,0,0,0,0,0,0,False,2006-08-28 00:00:00,,CURRENTLY_ACTIVE,0
TENNIND,TENNIND_DAILY.csv,EQUITY_CURRENT_MAP,f5a327b3da28151a08ef1e6a555ee9b9348a8384ae2fe99b22df46c04fe11686,2025-11-19 00:00:00,2026-08-13 00:00:00,181,0,0.0,0,0,0,0,0,0,False,2025-11-19 00:00:00,,CURRENTLY_ACTIVE,0
TIINDIA,TIINDIA_DAILY.csv,EQUITY_CURRENT_MAP,691657fb69197977c092321954996faede93a466a5f640cc9eac6f3edea8d9bf,2017-11-02 00:00:00,2026-08-13 00:00:00,2174,1,0.046061722708429294,0,0,0,0,0,0,False,2017-11-02 00:00:00,,CURRENTLY_ACTIVE,0
TITAN,TITAN_DAILY.csv,EQUITY_CURRENT_MAP,1faacf2a1ca04d7299f7d9085f0296398ba7923a2dc6831594fb58dc71510de2,2003-01-01 00:00:00,2026-08-13 00:00:00,5822,46,0.7844474761255116,1,22,0,0,0,0,False,2003-01-01 00:00:00,,CURRENTLY_ACTIVE,0
TMCV,TMCV_DAILY.csv,EQUITY_CURRENT_MAP,d0a66edcfa6e3f3812925588fcfe2f43d2ac6a104cf10086c83778ecff5c6110,2025-11-12 00:00:00,2026-08-13 00:00:00,186,0,0.0,0,0,0,0,0,0,False,2025-11-12 00:00:00,,CURRENTLY_ACTIVE,0
TMPV,TMPV_DAILY.csv,EQUITY_CURRENT_MAP,f2f67396eaaea8f9f347dd7ccff8433a4a63b209ff12c1fee834df559bcfea0d,2000-01-03 00:00:00,2026-08-13 00:00:00,6571,46,0.6955995765915621,1,22,0,0,0,0,False,2000-01-03 00:00:00,,CURRENTLY_ACTIVE,0
TORNTPHARM,TORNTPHARM_DAILY.csv,EQUITY_CURRENT_MAP,d1dcabf9d6ce8d6c2c572fe688633f139a0264a759d7572ac2de959a60e02896,2003-01-01 00:00:00,2026-08-13 00:00:00,5822,46,0.7844474761255116,1,22,0,0,1,0,False,2003-01-01 00:00:00,,CURRENTLY_ACTIVE,0
TRENT,TRENT_DAILY.csv,EQUITY_CURRENT_MAP,bd64a3969c38a7f4bc47f9f7de5c6e10617b4f19fbd7c58698e950f3a63da7ba,2003-01-01 00:00:00,2026-08-13 00:00:00,5822,46,0.7844474761255116,1,22,0,0,1,0,False,2003-01-01 00:00:00,,CURRENTLY_ACTIVE,0
TRITURBINE,TRITURBINE_DAILY.csv,EQUITY_CURRENT_MAP,cb171e29d4e0cf7ae9c2e0ed1646e780be2942998e57215c910a22cda9d3c126,2011-10-28 00:00:00,2026-08-13 00:00:00,3653,12,0.32777929527451516,0,0,0,0,0,0,False,2011-10-28 00:00:00,,CURRENTLY_ACTIVE,0
TVSMOTOR,TVSMOTOR_DAILY.csv,EQUITY_CURRENT_MAP,49769ac211f8b6f889cb3df1e5cbcf0bd2e461f5ef725cc542686427dcd91a71,2003-01-01 00:00:00,2026-08-13 00:00:00,5822,46,0.7844474761255116,1,22,0,0,0,0,False,2003-01-01 00:00:00,,CURRENTLY_ACTIVE,0
ULTRACEMCO,ULTRACEMCO_DAILY.csv,EQUITY_CURRENT_MAP,252f528cf57feee9a4b66d827ee50a3ab2c4e6b3fb667ae1f26ed7d7f7a096f0,2004-08-24 00:00:00,2026-08-13 00:00:00,5431,20,0.3671745915182669,0,0,0,0,0,0,False,2004-08-24 00:00:00,,CURRENTLY_ACTIVE,0
UNIONBANK,UNIONBANK_DAILY.csv,EQUITY_CURRENT_MAP,b81309cbbc5912e91eb61365b5929d5cccb2d699d6c88cb7e8700bf61a2b4036,2003-01-01 00:00:00,2026-08-13 00:00:00,5822,46,0.7844474761255116,1,22,0,0,0,0,False,2003-01-01 00:00:00,,CURRENTLY_ACTIVE,0
UNITDSPR,UNITDSPR_DAILY.csv,EQUITY_CURRENT_MAP,6ac04d2ddab3f577fd10529cc820d3d4a979e1e1aadbb4ad0fb34c22ddfc0c93,2003-01-01 00:00:00,2026-08-13 00:00:00,5821,47,0.8015006821282401,1,22,0,0,1,0,False,2003-01-01 00:00:00,,CURRENTLY_ACTIVE,0
UPL,UPL_DAILY.csv,EQUITY_CURRENT_MAP,9c11d2ef627bfe9470f4e00b744c0373b798b7c83a07387edc7e2b60e2d13822,2004-01-23 00:00:00,2026-08-13 00:00:00,5555,43,0.7686807293528781,1,22,0,0,0,0,False,2004-01-23 00:00:00,,CURRENTLY_ACTIVE,0
URBANCO,URBANCO_DAILY.csv,EQUITY_CURRENT_MAP,19772ecbb196706c734c2d9e8c10f8cd5693ad2b2b563c9bd59c26ca487efe5d,2025-09-17 00:00:00,2026-08-13 00:00:00,223,0,0.0,0,0,0,0,0,0,False,2025-09-17 00:00:00,,CURRENTLY_ACTIVE,0
VBL,VBL_DAILY.csv,EQUITY_CURRENT_MAP,e3f0626d7edd179481c0c236036a69e46ab393899d5fbf191f1a6492d578ab56,2016-11-08 00:00:00,2026-08-13 00:00:00,2418,2,0.08278145695364239,0,0,0,0,0,0,False,2016-11-08 00:00:00,,CURRENTLY_ACTIVE,0
VEDL,VEDL_DAILY.csv,EQUITY_CURRENT_MAP,006df011445d3d07567c7e96757867da1b9b9d309ff8239a0504122aacc82555,2003-01-01 00:00:00,2026-08-13 00:00:00,5822,46,0.7844474761255116,1,22,0,472,0,0,False,2003-01-01 00:00:00,,CURRENTLY_ACTIVE,14
VMM,VMM_DAILY.csv,EQUITY_CURRENT_MAP,eaee88f5a4c31fe0a08ed1d6d3822747bd015610cfa68a967fcfeae78bb5f538,2024-12-18 00:00:00,2026-08-13 00:00:00,409,0,0.0,0,0,0,0,0,0,False,2024-12-18 00:00:00,,CURRENTLY_ACTIVE,0
VOLTAS,VOLTAS_DAILY.csv,EQUITY_CURRENT_MAP,aed58beb339d83787e47690a4de0143bc287bf4a8240831dfa3a68bdcb755063,2003-01-01 00:00:00,2026-08-13 00:00:00,5822,46,0.7844474761255116,1,22,0,0,0,0,False,2003-01-01 00:00:00,,CURRENTLY_ACTIVE,0
WAAREEENER,WAAREEENER_DAILY.csv,EQUITY_CURRENT_MAP,53637d0025e899333caad8b501d1f64436ebfbe962f338352974dc1befa162a2,2024-10-28 00:00:00,2026-08-13 00:00:00,444,0,0.0,0,0,0,0,0,0,False,2024-10-28 00:00:00,,CURRENTLY_ACTIVE,0
WELCORP,WELCORP_DAILY.csv,EQUITY_CURRENT_MAP,58f4ad6ccaabaa85738325371c2b84515b8ad8fc6cffaee1d15d4b03af3693d8,2003-12-04 00:00:00,2026-08-13 00:00:00,5590,43,0.7639012257949902,1,22,0,0,25,0,False,2003-12-04 00:00:00,,CURRENTLY_ACTIVE,1
WHIRLPOOL,WHIRLPOOL_DAILY.csv,EQUITY_CURRENT_MAP,cd647ac688dc61a83ac05105137ca2d4931c957340adc1919aaae0a86ae350d1,2010-01-08 00:00:00,2026-08-13 00:00:00,4104,13,0.3160709944079747,0,0,0,0,0,0,False,2010-01-08 00:00:00,,CURRENTLY_ACTIVE,0
WIPRO,WIPRO_DAILY.csv,EQUITY_CURRENT_MAP,03df858cd0d0ea277e238bef062adc5921244245f2179fdab39ddf5730fa9b5a,2003-01-01 00:00:00,2026-08-13 00:00:00,5822,46,0.7844474761255116,1,22,0,0,1,0,False,2003-01-01 00:00:00,,CURRENTLY_ACTIVE,0
WOCKPHARMA,WOCKPHARMA_DAILY.csv,EQUITY_CURRENT_MAP,1438d9655547899fcb2b5ff0fed38d99ed72a77e3b92d1aae30e10d122fc7ebb,2003-01-01 00:00:00,2026-08-13 00:00:00,5822,46,0.7844474761255116,1,22,0,0,1,0,False,2003-01-01 00:00:00,,CURRENTLY_ACTIVE,0
YESBANK,YESBANK_DAILY.csv,EQUITY_CURRENT_MAP,3f354db7c33e7ea4e357d8e4617b272c6fef1fae2bf456fedbd371db36519a26,2005-07-12 00:00:00,2026-08-13 00:00:00,5209,18,0.3446295232624928,0,0,0,0,0,0,False,2005-07-12 00:00:00,,CURRENTLY_ACTIVE,3
ZENSARTECH,ZENSARTECH_DAILY.csv,EQUITY_CURRENT_MAP,a821142baa055d4bc2189fc7c3b429da34ab9ab886d1ba0dab4353fd5826353a,2003-01-01 00:00:00,2026-08-13 00:00:00,5822,46,0.7844474761255116,1,22,0,0,0,0,False,2003-01-01 00:00:00,,CURRENTLY_ACTIVE,0
ZYDUSLIFE,ZYDUSLIFE_DAILY.csv,EQUITY_CURRENT_MAP,bdf04071dc64445ea7564d16365c70d256146ebefcc529511b87b3b63ceb5526,2003-01-27 00:00:00,2026-08-13 00:00:00,5804,46,0.7868628121792679,1,22,0,0,1,0,False,2003-01-27 00:00:00,,CURRENTLY_ACTIVE,0
